logged_at,symbol,kind,dimension,weight,score,live
2026-07-20,GRANULES,RE-ENTRY WINDOW,catalyst,10.0,0.1,True
2026-07-20,GRANULES,RE-ENTRY WINDOW,earnings_inflection,20.0,0.849,True
2026-07-20,GRANULES,RE-ENTRY WINDOW,financial_strength_trend,10.0,0.68,True
2026-07-20,GRANULES,RE-ENTRY WINDOW,governance,8.0,0.85,True
2026-07-20,GRANULES,RE-ENTRY WINDOW,rs_and_stage,20.0,0.823,True
2026-07-20,GRANULES,RE-ENTRY WINDOW,smart_money,12.0,0.768,True
2026-07-20,GRANULES,RE-ENTRY WINDOW,theme_tailwind,15.0,0.3,True
2026-07-20,GRANULES,RE-ENTRY WINDOW,valuation_sanity,5.0,0.45,True
2026-07-20,KIRLPNU,BUY CANDIDATE,catalyst,10.0,0.0,True
2026-07-20,KIRLPNU,BUY CANDIDATE,earnings_inflection,20.0,0.68,True
2026-07-20,KIRLPNU,BUY CANDIDATE,financial_strength_trend,10.0,0.76,True
2026-07-20,KIRLPNU,BUY CANDIDATE,governance,8.0,0.85,True
2026-07-20,KIRLPNU,BUY CANDIDATE,rs_and_stage,20.0,0.81,True
2026-07-20,KIRLPNU,BUY CANDIDATE,smart_money,12.0,0.628,True
2026-07-20,KIRLPNU,BUY CANDIDATE,theme_tailwind,15.0,0.3,True
2026-07-20,KIRLPNU,BUY CANDIDATE,valuation_sanity,5.0,0.55,True
2026-07-20,THERMAX,BUY CANDIDATE,catalyst,10.0,0.1,True
2026-07-20,THERMAX,BUY CANDIDATE,earnings_inflection,20.0,0.692,True
2026-07-20,THERMAX,BUY CANDIDATE,financial_strength_trend,10.0,0.508,True
2026-07-20,THERMAX,BUY CANDIDATE,governance,8.0,0.85,True
2026-07-20,THERMAX,BUY CANDIDATE,rs_and_stage,20.0,0.814,True
2026-07-20,THERMAX,BUY CANDIDATE,smart_money,12.0,0.382,True
2026-07-20,THERMAX,BUY CANDIDATE,theme_tailwind,15.0,0.3,True
2026-07-20,THERMAX,BUY CANDIDATE,valuation_sanity,5.0,0.05,True
2026-07-22,AJANTPHARM,RE-ENTRY WINDOW,catalyst,10.0,0.0,True
2026-07-22,AJANTPHARM,RE-ENTRY WINDOW,earnings_inflection,20.0,0.549,True
2026-07-22,AJANTPHARM,RE-ENTRY WINDOW,financial_strength_trend,10.0,0.604,True
2026-07-22,AJANTPHARM,RE-ENTRY WINDOW,governance,8.0,0.55,True
2026-07-22,AJANTPHARM,RE-ENTRY WINDOW,rs_and_stage,20.0,0.777,True
2026-07-22,AJANTPHARM,RE-ENTRY WINDOW,smart_money,12.0,1.0,True
2026-07-22,AJANTPHARM,RE-ENTRY WINDOW,theme_tailwind,15.0,0.3,True
2026-07-22,AJANTPHARM,RE-ENTRY WINDOW,valuation_sanity,5.0,0.7,True
2026-07-22,APOLLO,BUY CANDIDATE,catalyst,10.0,0.1,True
2026-07-22,APOLLO,BUY CANDIDATE,earnings_inflection,20.0,1.0,True
2026-07-22,APOLLO,BUY CANDIDATE,financial_strength_trend,10.0,0.351,True
2026-07-22,APOLLO,BUY CANDIDATE,governance,8.0,0.05,True
2026-07-22,APOLLO,BUY CANDIDATE,rs_and_stage,20.0,0.988,True
2026-07-22,APOLLO,BUY CANDIDATE,smart_money,12.0,0.097,True
2026-07-22,APOLLO,BUY CANDIDATE,theme_tailwind,15.0,0.3,True
2026-07-22,APOLLO,BUY CANDIDATE,valuation_sanity,5.0,0.05,True
2026-07-22,CUPID,RE-ENTRY WINDOW,catalyst,10.0,0.1,True
2026-07-22,CUPID,RE-ENTRY WINDOW,earnings_inflection,20.0,0.725,True
2026-07-22,CUPID,RE-ENTRY WINDOW,financial_strength_trend,10.0,0.668,True
2026-07-22,CUPID,RE-ENTRY WINDOW,governance,8.0,0.85,True
2026-07-22,CUPID,RE-ENTRY WINDOW,rs_and_stage,20.0,0.849,True
2026-07-22,CUPID,RE-ENTRY WINDOW,smart_money,12.0,0.763,True
2026-07-22,CUPID,RE-ENTRY WINDOW,theme_tailwind,15.0,0.3,True
2026-07-22,CUPID,RE-ENTRY WINDOW,valuation_sanity,5.0,0.5,True
2026-07-22,IIFLCAPS,BUY CANDIDATE,catalyst,10.0,0.0,True
2026-07-22,IIFLCAPS,BUY CANDIDATE,earnings_inflection,20.0,0.292,True
2026-07-22,IIFLCAPS,BUY CANDIDATE,financial_strength_trend,10.0,0.5,True
2026-07-22,IIFLCAPS,BUY CANDIDATE,governance,8.0,0.85,True
2026-07-22,IIFLCAPS,BUY CANDIDATE,rs_and_stage,20.0,0.623,True
2026-07-22,IIFLCAPS,BUY CANDIDATE,smart_money,12.0,0.182,True
2026-07-22,IIFLCAPS,BUY CANDIDATE,theme_tailwind,15.0,0.3,True
2026-07-22,IIFLCAPS,BUY CANDIDATE,valuation_sanity,5.0,0.95,True
2026-07-22,INOXINDIA,RE-ENTRY WINDOW,catalyst,10.0,0.1,True
2026-07-22,INOXINDIA,RE-ENTRY WINDOW,earnings_inflection,20.0,0.496,True
2026-07-22,INOXINDIA,RE-ENTRY WINDOW,financial_strength_trend,10.0,0.601,True
2026-07-22,INOXINDIA,RE-ENTRY WINDOW,governance,8.0,0.85,True
2026-07-22,INOXINDIA,RE-ENTRY WINDOW,rs_and_stage,20.0,0.834,True
2026-07-22,INOXINDIA,RE-ENTRY WINDOW,smart_money,12.0,0.618,True
2026-07-22,INOXINDIA,RE-ENTRY WINDOW,theme_tailwind,15.0,0.3,True
2026-07-22,INOXINDIA,RE-ENTRY WINDOW,valuation_sanity,5.0,0.25,True
2026-07-22,LAURUSLABS,RE-ENTRY WINDOW,catalyst,10.0,0.1,True
2026-07-22,LAURUSLABS,RE-ENTRY WINDOW,earnings_inflection,20.0,0.822,True
2026-07-22,LAURUSLABS,RE-ENTRY WINDOW,financial_strength_trend,10.0,0.632,True
2026-07-22,LAURUSLABS,RE-ENTRY WINDOW,governance,8.0,0.85,True
2026-07-22,LAURUSLABS,RE-ENTRY WINDOW,rs_and_stage,20.0,0.83,True
2026-07-22,LAURUSLABS,RE-ENTRY WINDOW,smart_money,12.0,0.857,True
2026-07-22,LAURUSLABS,RE-ENTRY WINDOW,theme_tailwind,15.0,0.3,True
2026-07-22,LAURUSLABS,RE-ENTRY WINDOW,valuation_sanity,5.0,0.5,True
2026-07-22,OFSS,RE-ENTRY WINDOW,catalyst,10.0,0.1,True
2026-07-22,OFSS,RE-ENTRY WINDOW,earnings_inflection,20.0,1.0,True
2026-07-22,OFSS,RE-ENTRY WINDOW,financial_strength_trend,10.0,0.96,True
2026-07-22,OFSS,RE-ENTRY WINDOW,governance,8.0,0.85,True
2026-07-22,OFSS,RE-ENTRY WINDOW,rs_and_stage,20.0,0.792,True
2026-07-22,OFSS,RE-ENTRY WINDOW,smart_money,12.0,0.73,True
2026-07-22,OFSS,RE-ENTRY WINDOW,theme_tailwind,15.0,0.3,True
2026-07-22,OFSS,RE-ENTRY WINDOW,valuation_sanity,5.0,0.45,True
2026-07-22,SHILPAMED,RE-ENTRY WINDOW,catalyst,10.0,0.267,True
2026-07-22,SHILPAMED,RE-ENTRY WINDOW,earnings_inflection,20.0,1.0,True
2026-07-22,SHILPAMED,RE-ENTRY WINDOW,financial_strength_trend,10.0,0.633,True
2026-07-22,SHILPAMED,RE-ENTRY WINDOW,governance,8.0,0.55,True
2026-07-22,SHILPAMED,RE-ENTRY WINDOW,rs_and_stage,20.0,0.836,True
2026-07-22,SHILPAMED,RE-ENTRY WINDOW,smart_money,12.0,0.642,True
2026-07-22,SHILPAMED,RE-ENTRY WINDOW,theme_tailwind,15.0,0.3,True
2026-07-22,SHILPAMED,RE-ENTRY WINDOW,valuation_sanity,5.0,0.95,True
2026-07-23,ATHERENERG,RE-ENTRY WINDOW,catalyst,10.0,0.433,True
2026-07-23,ATHERENERG,RE-ENTRY WINDOW,earnings_inflection,20.0,,False
2026-07-23,ATHERENERG,RE-ENTRY WINDOW,financial_strength_trend,10.0,,False
2026-07-23,ATHERENERG,RE-ENTRY WINDOW,governance,8.0,0.85,True
2026-07-23,ATHERENERG,RE-ENTRY WINDOW,rs_and_stage,20.0,0.847,True
2026-07-23,ATHERENERG,RE-ENTRY WINDOW,smart_money,12.0,0.217,True
2026-07-23,ATHERENERG,RE-ENTRY WINDOW,theme_tailwind,15.0,0.3,True
2026-07-23,ATHERENERG,RE-ENTRY WINDOW,valuation_sanity,5.0,0.35,True
2026-07-23,INDUSINDBK,RE-ENTRY WINDOW,catalyst,10.0,0.1,True
2026-07-23,INDUSINDBK,RE-ENTRY WINDOW,earnings_inflection,20.0,0.846,True
2026-07-23,INDUSINDBK,RE-ENTRY WINDOW,financial_strength_trend,10.0,0.5,True
2026-07-23,INDUSINDBK,RE-ENTRY WINDOW,governance,8.0,0.05,True
2026-07-23,INDUSINDBK,RE-ENTRY WINDOW,rs_and_stage,20.0,0.709,True
2026-07-23,INDUSINDBK,RE-ENTRY WINDOW,smart_money,12.0,1.0,True
2026-07-23,INDUSINDBK,RE-ENTRY WINDOW,theme_tailwind,15.0,0.3,True
2026-07-23,INDUSINDBK,RE-ENTRY WINDOW,valuation_sanity,5.0,0.55,True
2026-07-23,JAMNAAUTO,BUY CANDIDATE,catalyst,10.0,0.0,True
2026-07-23,JAMNAAUTO,BUY CANDIDATE,earnings_inflection,20.0,0.942,True
2026-07-23,JAMNAAUTO,BUY CANDIDATE,financial_strength_trend,10.0,0.957,True
2026-07-23,JAMNAAUTO,BUY CANDIDATE,governance,8.0,0.85,True
2026-07-23,JAMNAAUTO,BUY CANDIDATE,rs_and_stage,20.0,0.894,True
2026-07-23,JAMNAAUTO,BUY CANDIDATE,smart_money,12.0,1.0,True
2026-07-23,JAMNAAUTO,BUY CANDIDATE,theme_tailwind,15.0,0.3,True
2026-07-23,JAMNAAUTO,BUY CANDIDATE,valuation_sanity,5.0,0.7,True
2026-07-23,RADICO,RE-ENTRY WINDOW,catalyst,10.0,0.267,True
2026-07-23,RADICO,RE-ENTRY WINDOW,earnings_inflection,20.0,0.988,True
2026-07-23,RADICO,RE-ENTRY WINDOW,financial_strength_trend,10.0,0.92,True
2026-07-23,RADICO,RE-ENTRY WINDOW,governance,8.0,0.85,True
2026-07-23,RADICO,RE-ENTRY WINDOW,rs_and_stage,20.0,0.957,True
2026-07-23,RADICO,RE-ENTRY WINDOW,smart_money,12.0,0.967,True
2026-07-23,RADICO,RE-ENTRY WINDOW,theme_tailwind,15.0,0.3,True
2026-07-23,RADICO,RE-ENTRY WINDOW,valuation_sanity,5.0,0.25,True
2026-07-24,CEMPRO,RE-ENTRY WINDOW,catalyst,10.0,0.333,True
2026-07-24,CEMPRO,RE-ENTRY WINDOW,earnings_inflection,20.0,0.79,True
2026-07-24,CEMPRO,RE-ENTRY WINDOW,financial_strength_trend,10.0,0.648,True
2026-07-24,CEMPRO,RE-ENTRY WINDOW,governance,8.0,0.85,True
2026-07-24,CEMPRO,RE-ENTRY WINDOW,rs_and_stage,20.0,0.841,True
2026-07-24,CEMPRO,RE-ENTRY WINDOW,smart_money,12.0,0.673,True
2026-07-24,CEMPRO,RE-ENTRY WINDOW,theme_tailwind,15.0,0.3,True
2026-07-24,CEMPRO,RE-ENTRY WINDOW,valuation_sanity,5.0,0.95,True
2026-07-24,GRAPHITE,BUY CANDIDATE,catalyst,10.0,0.1,True
2026-07-24,GRAPHITE,BUY CANDIDATE,earnings_inflection,20.0,0.09,True
2026-07-24,GRAPHITE,BUY CANDIDATE,financial_strength_trend,10.0,0.744,True
2026-07-24,GRAPHITE,BUY CANDIDATE,governance,8.0,0.85,True
2026-07-24,GRAPHITE,BUY CANDIDATE,rs_and_stage,20.0,0.706,True
2026-07-24,GRAPHITE,BUY CANDIDATE,smart_money,12.0,0.515,True
2026-07-24,GRAPHITE,BUY CANDIDATE,theme_tailwind,15.0,0.3,True
2026-07-24,GRAPHITE,BUY CANDIDATE,valuation_sanity,5.0,0.25,True
2026-07-24,IONEXCHANG,BUY CANDIDATE,catalyst,10.0,0.433,True
2026-07-24,IONEXCHANG,BUY CANDIDATE,earnings_inflection,20.0,0.176,True
2026-07-24,IONEXCHANG,BUY CANDIDATE,financial_strength_trend,10.0,0.384,True
2026-07-24,IONEXCHANG,BUY CANDIDATE,governance,8.0,0.85,True
2026-07-24,IONEXCHANG,BUY CANDIDATE,rs_and_stage,20.0,0.664,True
2026-07-24,IONEXCHANG,BUY CANDIDATE,smart_money,12.0,0.673,True
2026-07-24,IONEXCHANG,BUY CANDIDATE,theme_tailwind,15.0,0.3,True
2026-07-24,IONEXCHANG,BUY CANDIDATE,valuation_sanity,5.0,0.55,True
2026-07-27,AUBANK,BUY CANDIDATE,catalyst,10.0,0.0,True
2026-07-27,AUBANK,BUY CANDIDATE,earnings_inflection,20.0,,False
2026-07-27,AUBANK,BUY CANDIDATE,financial_strength_trend,10.0,0.5,True
2026-07-27,AUBANK,BUY CANDIDATE,governance,8.0,0.85,True
2026-07-27,AUBANK,BUY CANDIDATE,rs_and_stage,20.0,0.722,True
2026-07-27,AUBANK,BUY CANDIDATE,smart_money,12.0,0.897,True
2026-07-27,AUBANK,BUY CANDIDATE,theme_tailwind,15.0,0.3,True
2026-07-27,AUBANK,BUY CANDIDATE,valuation_sanity,5.0,0.05,True
2026-07-27,KSB,BUY CANDIDATE,catalyst,10.0,0.1,True
2026-07-27,KSB,BUY CANDIDATE,earnings_inflection,20.0,0.33,True
2026-07-27,KSB,BUY CANDIDATE,financial_strength_trend,10.0,0.62,True
2026-07-27,KSB,BUY CANDIDATE,governance,8.0,0.85,True
2026-07-27,KSB,BUY CANDIDATE,rs_and_stage,20.0,0.714,True
2026-07-27,KSB,BUY CANDIDATE,smart_money,12.0,0.455,True
2026-07-27,KSB,BUY CANDIDATE,theme_tailwind,15.0,0.3,True
2026-07-27,KSB,BUY CANDIDATE,valuation_sanity,5.0,0.45,True
2026-07-27,LUPIN,BUY CANDIDATE,catalyst,10.0,0.267,True
2026-07-27,LUPIN,BUY CANDIDATE,earnings_inflection,20.0,0.763,True
2026-07-27,LUPIN,BUY CANDIDATE,financial_strength_trend,10.0,0.683,True
2026-07-27,LUPIN,BUY CANDIDATE,governance,8.0,0.85,True
2026-07-27,LUPIN,BUY CANDIDATE,rs_and_stage,20.0,0.73,True
2026-07-27,LUPIN,BUY CANDIDATE,smart_money,12.0,0.502,True
2026-07-27,LUPIN,BUY CANDIDATE,theme_tailwind,15.0,0.3,True
2026-07-27,LUPIN,BUY CANDIDATE,valuation_sanity,5.0,0.95,True
2026-07-27,NAM-INDIA,BUY CANDIDATE,catalyst,10.0,0.1,True
2026-07-27,NAM-INDIA,BUY CANDIDATE,earnings_inflection,20.0,0.551,True
2026-07-27,NAM-INDIA,BUY CANDIDATE,financial_strength_trend,10.0,0.5,True
2026-07-27,NAM-INDIA,BUY CANDIDATE,governance,8.0,0.85,True
2026-07-27,NAM-INDIA,BUY CANDIDATE,rs_and_stage,20.0,0.785,True
2026-07-27,NAM-INDIA,BUY CANDIDATE,smart_money,12.0,0.822,True
2026-07-27,NAM-INDIA,BUY CANDIDATE,theme_tailwind,15.0,0.3,True
2026-07-27,NAM-INDIA,BUY CANDIDATE,valuation_sanity,5.0,0.7,True
2026-07-27,NUVAMA,RE-ENTRY WINDOW,catalyst,10.0,0.267,True
2026-07-27,NUVAMA,RE-ENTRY WINDOW,earnings_inflection,20.0,0.377,True
2026-07-27,NUVAMA,RE-ENTRY WINDOW,financial_strength_trend,10.0,0.5,True
2026-07-27,NUVAMA,RE-ENTRY WINDOW,governance,8.0,0.05,True
2026-07-27,NUVAMA,RE-ENTRY WINDOW,rs_and_stage,20.0,0.782,True
2026-07-27,NUVAMA,RE-ENTRY WINDOW,smart_money,12.0,1.0,True
2026-07-27,NUVAMA,RE-ENTRY WINDOW,theme_tailwind,15.0,0.3,True
2026-07-27,NUVAMA,RE-ENTRY WINDOW,valuation_sanity,5.0,0.95,True
2026-07-27,PRUDENT,BUY CANDIDATE,catalyst,10.0,0.267,True
2026-07-27,PRUDENT,BUY CANDIDATE,earnings_inflection,20.0,0.462,True
2026-07-27,PRUDENT,BUY CANDIDATE,financial_strength_trend,10.0,0.5,True
2026-07-27,PRUDENT,BUY CANDIDATE,governance,8.0,0.85,True
2026-07-27,PRUDENT,BUY CANDIDATE,rs_and_stage,20.0,0.723,True
2026-07-27,PRUDENT,BUY CANDIDATE,smart_money,12.0,0.485,True
2026-07-27,PRUDENT,BUY CANDIDATE,theme_tailwind,15.0,0.3,True
2026-07-27,PRUDENT,BUY CANDIDATE,valuation_sanity,5.0,0.45,True
2026-07-27,RBLBANK,BUY CANDIDATE,catalyst,10.0,0.267,True
2026-07-27,RBLBANK,BUY CANDIDATE,earnings_inflection,20.0,0.706,True
2026-07-27,RBLBANK,BUY CANDIDATE,financial_strength_trend,10.0,0.5,True
2026-07-27,RBLBANK,BUY CANDIDATE,governance,8.0,0.95,True
2026-07-27,RBLBANK,BUY CANDIDATE,rs_and_stage,20.0,0.768,True
2026-07-27,RBLBANK,BUY CANDIDATE,smart_money,12.0,0.0,True
2026-07-27,RBLBANK,BUY CANDIDATE,theme_tailwind,15.0,0.3,True
2026-07-27,RBLBANK,BUY CANDIDATE,valuation_sanity,5.0,0.25,True
2026-07-27,RKFORGE,BUY CANDIDATE,catalyst,10.0,0.6,True
2026-07-27,RKFORGE,BUY CANDIDATE,earnings_inflection,20.0,0.54,True
2026-07-27,RKFORGE,BUY CANDIDATE,financial_strength_trend,10.0,0.423,True
2026-07-27,RKFORGE,BUY CANDIDATE,governance,8.0,0.85,True
2026-07-27,RKFORGE,BUY CANDIDATE,rs_and_stage,20.0,0.721,True
2026-07-27,RKFORGE,BUY CANDIDATE,smart_money,12.0,0.385,True
2026-07-27,RKFORGE,BUY CANDIDATE,theme_tailwind,15.0,0.3,True
2026-07-27,RKFORGE,BUY CANDIDATE,valuation_sanity,5.0,0.05,True
2026-07-27,VIJAYA,BUY CANDIDATE,catalyst,10.0,0.167,True
2026-07-27,VIJAYA,BUY CANDIDATE,earnings_inflection,20.0,0.607,True
2026-07-27,VIJAYA,BUY CANDIDATE,financial_strength_trend,10.0,0.503,True
2026-07-27,VIJAYA,BUY CANDIDATE,governance,8.0,0.85,True
2026-07-27,VIJAYA,BUY CANDIDATE,rs_and_stage,20.0,0.798,True
2026-07-27,VIJAYA,BUY CANDIDATE,smart_money,12.0,0.442,True
2026-07-27,VIJAYA,BUY CANDIDATE,theme_tailwind,15.0,0.3,True
2026-07-27,VIJAYA,BUY CANDIDATE,valuation_sanity,5.0,0.25,True
2026-07-28,CAPLIPOINT,BUY CANDIDATE,catalyst,10.0,0.095,True
2026-07-28,CAPLIPOINT,BUY CANDIDATE,earnings_inflection,20.0,0.525,True
2026-07-28,CAPLIPOINT,BUY CANDIDATE,financial_strength_trend,10.0,0.96,True
2026-07-28,CAPLIPOINT,BUY CANDIDATE,governance,8.0,0.7,True
2026-07-28,CAPLIPOINT,BUY CANDIDATE,rs_and_stage,20.0,0.797,True
2026-07-28,CAPLIPOINT,BUY CANDIDATE,smart_money,12.0,0.44,True
2026-07-28,CAPLIPOINT,BUY CANDIDATE,theme_tailwind,15.0,0.3,True
2026-07-28,CAPLIPOINT,BUY CANDIDATE,valuation_sanity,5.0,0.7,True
2026-07-28,GRINDWELL,BUY CANDIDATE,catalyst,10.0,0.327,True
2026-07-28,GRINDWELL,BUY CANDIDATE,earnings_inflection,20.0,0.725,True
2026-07-28,GRINDWELL,BUY CANDIDATE,financial_strength_trend,10.0,0.755,True
2026-07-28,GRINDWELL,BUY CANDIDATE,governance,8.0,0.7,True
2026-07-28,GRINDWELL,BUY CANDIDATE,rs_and_stage,20.0,0.762,True
2026-07-28,GRINDWELL,BUY CANDIDATE,smart_money,12.0,0.508,True
2026-07-28,GRINDWELL,BUY CANDIDATE,theme_tailwind,15.0,0.537,True
2026-07-28,GRINDWELL,BUY CANDIDATE,valuation_sanity,5.0,0.45,True
2026-07-28,HSCL,RE-ENTRY WINDOW,catalyst,10.0,0.475,True
2026-07-28,HSCL,RE-ENTRY WINDOW,earnings_inflection,20.0,0.627,True
2026-07-28,HSCL,RE-ENTRY WINDOW,financial_strength_trend,10.0,0.717,True
2026-07-28,HSCL,RE-ENTRY WINDOW,governance,8.0,0.7,True
2026-07-28,HSCL,RE-ENTRY WINDOW,rs_and_stage,20.0,0.818,True
2026-07-28,HSCL,RE-ENTRY WINDOW,smart_money,12.0,0.697,True
2026-07-28,HSCL,RE-ENTRY WINDOW,theme_tailwind,15.0,0.3,True
2026-07-28,HSCL,RE-ENTRY WINDOW,valuation_sanity,5.0,0.7,True
2026-07-28,JINDALSAW,BUY CANDIDATE,catalyst,10.0,0.15,True
2026-07-28,JINDALSAW,BUY CANDIDATE,earnings_inflection,20.0,0.139,True
2026-07-28,JINDALSAW,BUY CANDIDATE,financial_strength_trend,10.0,0.661,True
2026-07-28,JINDALSAW,BUY CANDIDATE,governance,8.0,0.7,True
2026-07-28,JINDALSAW,BUY CANDIDATE,rs_and_stage,20.0,0.772,True
2026-07-28,JINDALSAW,BUY CANDIDATE,smart_money,12.0,0.79,True
2026-07-28,JINDALSAW,BUY CANDIDATE,theme_tailwind,15.0,0.3,True
2026-07-28,JINDALSAW,BUY CANDIDATE,valuation_sanity,5.0,0.7,True
2026-07-28,TMB,RE-ENTRY WINDOW,catalyst,10.0,0.15,True
2026-07-28,TMB,RE-ENTRY WINDOW,earnings_inflection,20.0,0.771,True
2026-07-28,TMB,RE-ENTRY WINDOW,financial_strength_trend,10.0,0.5,True
2026-07-28,TMB,RE-ENTRY WINDOW,governance,8.0,0.7,True
2026-07-28,TMB,RE-ENTRY WINDOW,rs_and_stage,20.0,0.832,True
2026-07-28,TMB,RE-ENTRY WINDOW,smart_money,12.0,0.772,True
2026-07-28,TMB,RE-ENTRY WINDOW,theme_tailwind,15.0,0.3,True
2026-07-28,TMB,RE-ENTRY WINDOW,valuation_sanity,5.0,0.7,True
2026-07-29,AVALON,BUY CANDIDATE,catalyst,10.0,0.0,True
2026-07-29,AVALON,BUY CANDIDATE,earnings_inflection,20.0,0.934,True
2026-07-29,AVALON,BUY CANDIDATE,financial_strength_trend,10.0,0.74,True
2026-07-29,AVALON,BUY CANDIDATE,governance,8.0,0.7,True
2026-07-29,AVALON,BUY CANDIDATE,rs_and_stage,20.0,0.991,True
2026-07-29,AVALON,BUY CANDIDATE,smart_money,12.0,0.442,True
2026-07-29,AVALON,BUY CANDIDATE,theme_tailwind,15.0,0.605,True
2026-07-29,AVALON,BUY CANDIDATE,valuation_sanity,5.0,0.05,True
2026-07-29,GAEL,BUY CANDIDATE,catalyst,10.0,0.0,True
2026-07-29,GAEL,BUY CANDIDATE,earnings_inflection,20.0,0.86,True
2026-07-29,GAEL,BUY CANDIDATE,financial_strength_trend,10.0,0.525,True
2026-07-29,GAEL,BUY CANDIDATE,governance,8.0,0.7,True
2026-07-29,GAEL,BUY CANDIDATE,rs_and_stage,20.0,0.778,True
2026-07-29,GAEL,BUY CANDIDATE,smart_money,12.0,0.672,True
2026-07-29,GAEL,BUY CANDIDATE,theme_tailwind,15.0,0.3,True
2026-07-29,GAEL,BUY CANDIDATE,valuation_sanity,5.0,0.55,True
2026-07-29,GOKULAGRO,BUY CANDIDATE,catalyst,10.0,0.206,True
2026-07-29,GOKULAGRO,BUY CANDIDATE,earnings_inflection,20.0,0.934,True
2026-07-29,GOKULAGRO,BUY CANDIDATE,financial_strength_trend,10.0,0.651,True
2026-07-29,GOKULAGRO,BUY CANDIDATE,governance,8.0,0.7,True
2026-07-29,GOKULAGRO,BUY CANDIDATE,rs_and_stage,20.0,0.95,True
2026-07-29,GOKULAGRO,BUY CANDIDATE,smart_money,12.0,0.517,True
2026-07-29,GOKULAGRO,BUY CANDIDATE,theme_tailwind,15.0,0.3,True
2026-07-29,GOKULAGRO,BUY CANDIDATE,valuation_sanity,5.0,0.95,True
2026-07-29,THANGAMAYL,RE-ENTRY WINDOW,catalyst,10.0,0.256,True
2026-07-29,THANGAMAYL,RE-ENTRY WINDOW,earnings_inflection,20.0,0.966,True
2026-07-29,THANGAMAYL,RE-ENTRY WINDOW,financial_strength_trend,10.0,0.389,True
2026-07-29,THANGAMAYL,RE-ENTRY WINDOW,governance,8.0,0.7,True
2026-07-29,THANGAMAYL,RE-ENTRY WINDOW,rs_and_stage,20.0,0.846,True
2026-07-29,THANGAMAYL,RE-ENTRY WINDOW,smart_money,12.0,0.852,True
2026-07-29,THANGAMAYL,RE-ENTRY WINDOW,theme_tailwind,15.0,0.3,True
2026-07-29,THANGAMAYL,RE-ENTRY WINDOW,valuation_sanity,5.0,0.95,True
2026-07-29,VTL,BUY CANDIDATE,catalyst,10.0,0.0,True
2026-07-29,VTL,BUY CANDIDATE,earnings_inflection,20.0,0.269,True
2026-07-29,VTL,BUY CANDIDATE,financial_strength_trend,10.0,0.712,True
2026-07-29,VTL,BUY CANDIDATE,governance,8.0,0.7,True
2026-07-29,VTL,BUY CANDIDATE,rs_and_stage,20.0,0.955,True
2026-07-29,VTL,BUY CANDIDATE,smart_money,12.0,0.263,True
2026-07-29,VTL,BUY CANDIDATE,theme_tailwind,15.0,0.728,True
2026-07-29,VTL,BUY CANDIDATE,valuation_sanity,5.0,0.55,True
2026-07-30,SENCO,RE-ENTRY WINDOW,catalyst,10.0,0.35,True
2026-07-30,SENCO,RE-ENTRY WINDOW,earnings_inflection,20.0,1.0,True
2026-07-30,SENCO,RE-ENTRY WINDOW,financial_strength_trend,10.0,0.175,True
2026-07-30,SENCO,RE-ENTRY WINDOW,governance,8.0,0.7,True
2026-07-30,SENCO,RE-ENTRY WINDOW,rs_and_stage,20.0,0.748,True
2026-07-30,SENCO,RE-ENTRY WINDOW,smart_money,12.0,0.505,True
2026-07-30,SENCO,RE-ENTRY WINDOW,theme_tailwind,15.0,0.3,True
2026-07-30,SENCO,RE-ENTRY WINDOW,valuation_sanity,5.0,0.95,True
2026-07-30,WELCORP,RE-ENTRY WINDOW,catalyst,10.0,0.965,True
2026-07-30,WELCORP,RE-ENTRY WINDOW,earnings_inflection,20.0,0.79,True
2026-07-30,WELCORP,RE-ENTRY WINDOW,financial_strength_trend,10.0,0.891,True
2026-07-30,WELCORP,RE-ENTRY WINDOW,governance,8.0,0.7,True
2026-07-30,WELCORP,RE-ENTRY WINDOW,rs_and_stage,20.0,0.842,True
2026-07-30,WELCORP,RE-ENTRY WINDOW,smart_money,12.0,0.815,True
2026-07-30,WELCORP,RE-ENTRY WINDOW,theme_tailwind,15.0,0.3,True
2026-07-30,WELCORP,RE-ENTRY WINDOW,valuation_sanity,5.0,0.95,True
2026-07-31,ALIVUS,BUY CANDIDATE,catalyst,10.0,0.15,True
2026-07-31,ALIVUS,BUY CANDIDATE,earnings_inflection,20.0,,False
2026-07-31,ALIVUS,BUY CANDIDATE,financial_strength_trend,10.0,,False
2026-07-31,ALIVUS,BUY CANDIDATE,governance,8.0,0.7,True
2026-07-31,ALIVUS,BUY CANDIDATE,rs_and_stage,20.0,0.894,True
2026-07-31,ALIVUS,BUY CANDIDATE,smart_money,12.0,0.568,True
2026-07-31,ALIVUS,BUY CANDIDATE,theme_tailwind,15.0,0.3,True
2026-07-31,ALIVUS,BUY CANDIDATE,valuation_sanity,5.0,0.55,True
2026-07-31,BHEL,BUY CANDIDATE,catalyst,10.0,0.18,True
2026-07-31,BHEL,BUY CANDIDATE,earnings_inflection,20.0,1.0,True
2026-07-31,BHEL,BUY CANDIDATE,financial_strength_trend,10.0,0.537,True
2026-07-31,BHEL,BUY CANDIDATE,governance,8.0,0.4,True
2026-07-31,BHEL,BUY CANDIDATE,rs_and_stage,20.0,0.973,True
2026-07-31,BHEL,BUY CANDIDATE,smart_money,12.0,1.0,True
2026-07-31,BHEL,BUY CANDIDATE,theme_tailwind,15.0,0.3,True
2026-07-31,BHEL,BUY CANDIDATE,valuation_sanity,5.0,0.7,True
2026-07-31,KIRLOSENG,BUY CANDIDATE,catalyst,10.0,0.0,True
2026-07-31,KIRLOSENG,BUY CANDIDATE,earnings_inflection,20.0,0.825,True
2026-07-31,KIRLOSENG,BUY CANDIDATE,financial_strength_trend,10.0,0.225,True
2026-07-31,KIRLOSENG,BUY CANDIDATE,governance,8.0,0.7,True
2026-07-31,KIRLOSENG,BUY CANDIDATE,rs_and_stage,20.0,0.994,True
2026-07-31,KIRLOSENG,BUY CANDIDATE,smart_money,12.0,0.665,True
2026-07-31,KIRLOSENG,BUY CANDIDATE,theme_tailwind,15.0,0.635,True
2026-07-31,KIRLOSENG,BUY CANDIDATE,valuation_sanity,5.0,0.45,True
2026-07-31,NETWEB,BUY CANDIDATE,catalyst,10.0,0.349,True
2026-07-31,NETWEB,BUY CANDIDATE,earnings_inflection,20.0,1.0,True
2026-07-31,NETWEB,BUY CANDIDATE,financial_strength_trend,10.0,0.516,True
2026-07-31,NETWEB,BUY CANDIDATE,governance,8.0,0.4,True
2026-07-31,NETWEB,BUY CANDIDATE,rs_and_stage,20.0,0.834,True
2026-07-31,NETWEB,BUY CANDIDATE,smart_money,12.0,0.632,True
2026-07-31,NETWEB,BUY CANDIDATE,theme_tailwind,15.0,0.714,True
2026-07-31,NETWEB,BUY CANDIDATE,valuation_sanity,5.0,0.05,True
2026-07-31,PNBHOUSING,BUY CANDIDATE,catalyst,10.0,0.09,True
2026-07-31,PNBHOUSING,BUY CANDIDATE,earnings_inflection,20.0,0.508,True
2026-07-31,PNBHOUSING,BUY CANDIDATE,financial_strength_trend,10.0,0.5,True
2026-07-31,PNBHOUSING,BUY CANDIDATE,governance,8.0,0.7,True
2026-07-31,PNBHOUSING,BUY CANDIDATE,rs_and_stage,20.0,0.714,True
2026-07-31,PNBHOUSING,BUY CANDIDATE,smart_money,12.0,1.0,True
2026-07-31,PNBHOUSING,BUY CANDIDATE,theme_tailwind,15.0,0.3,True
2026-07-31,PNBHOUSING,BUY CANDIDATE,valuation_sanity,5.0,0.95,True
2026-07-31,SCHNEIDER,BUY CANDIDATE,catalyst,10.0,0.072,True
2026-07-31,SCHNEIDER,BUY CANDIDATE,earnings_inflection,20.0,0.18,True
2026-07-31,SCHNEIDER,BUY CANDIDATE,financial_strength_trend,10.0,0.571,True
2026-07-31,SCHNEIDER,BUY CANDIDATE,governance,8.0,0.7,True
2026-07-31,SCHNEIDER,BUY CANDIDATE,rs_and_stage,20.0,0.838,True
2026-07-31,SCHNEIDER,BUY CANDIDATE,smart_money,12.0,0.785,True
2026-07-31,SCHNEIDER,BUY CANDIDATE,theme_tailwind,15.0,0.399,True
2026-07-31,SCHNEIDER,BUY CANDIDATE,valuation_sanity,5.0,0.05,True
2026-07-31,VOLTAMP,BUY CANDIDATE,catalyst,10.0,0.12,True
2026-07-31,VOLTAMP,BUY CANDIDATE,earnings_inflection,20.0,0.346,True
2026-07-31,VOLTAMP,BUY CANDIDATE,financial_strength_trend,10.0,0.76,True
2026-07-31,VOLTAMP,BUY CANDIDATE,governance,8.0,0.7,True
2026-07-31,VOLTAMP,BUY CANDIDATE,rs_and_stage,20.0,0.768,True
2026-07-31,VOLTAMP,BUY CANDIDATE,smart_money,12.0,0.973,True
2026-07-31,VOLTAMP,BUY CANDIDATE,theme_tailwind,15.0,0.399,True
2026-07-31,VOLTAMP,BUY CANDIDATE,valuation_sanity,5.0,0.45,True
2026-08-03,DYNAMATECH,BUY CANDIDATE,catalyst,10.0,0.188,True
2026-08-03,DYNAMATECH,BUY CANDIDATE,earnings_inflection,20.0,0.519,True
2026-08-03,DYNAMATECH,BUY CANDIDATE,financial_strength_trend,10.0,0.547,True
2026-08-03,DYNAMATECH,BUY CANDIDATE,governance,8.0,0.7,True
2026-08-03,DYNAMATECH,BUY CANDIDATE,rs_and_stage,20.0,0.944,True
2026-08-03,DYNAMATECH,BUY CANDIDATE,smart_money,12.0,0.535,True
2026-08-03,DYNAMATECH,BUY CANDIDATE,theme_tailwind,15.0,0.612,True
2026-08-03,DYNAMATECH,BUY CANDIDATE,valuation_sanity,5.0,0.05,True
2026-08-03,EQUITASBNK,BUY CANDIDATE,catalyst,10.0,0.159,True
2026-08-03,EQUITASBNK,BUY CANDIDATE,earnings_inflection,20.0,0.925,True
2026-08-03,EQUITASBNK,BUY CANDIDATE,financial_strength_trend,10.0,0.61,True
2026-08-03,EQUITASBNK,BUY CANDIDATE,governance,8.0,0.7,True
2026-08-03,EQUITASBNK,BUY CANDIDATE,rs_and_stage,20.0,0.705,True
2026-08-03,EQUITASBNK,BUY CANDIDATE,smart_money,12.0,0.752,True
2026-08-03,EQUITASBNK,BUY CANDIDATE,theme_tailwind,15.0,0.3,True
2026-08-03,EQUITASBNK,BUY CANDIDATE,valuation_sanity,5.0,0.55,True
2026-08-03,HFCL,BUY CANDIDATE,catalyst,10.0,1.0,True
2026-08-03,HFCL,BUY CANDIDATE,earnings_inflection,20.0,0.963,True
2026-08-03,HFCL,BUY CANDIDATE,financial_strength_trend,10.0,0.384,True
2026-08-03,HFCL,BUY CANDIDATE,governance,8.0,0.7,True
2026-08-03,HFCL,BUY CANDIDATE,rs_and_stage,20.0,0.848,True
2026-08-03,HFCL,BUY CANDIDATE,smart_money,12.0,0.47,True
2026-08-03,HFCL,BUY CANDIDATE,theme_tailwind,15.0,0.728,True
2026-08-03,HFCL,BUY CANDIDATE,valuation_sanity,5.0,0.5,True
2026-08-03,MANAPPURAM,RE-ENTRY WINDOW,catalyst,10.0,0.177,True
2026-08-03,MANAPPURAM,RE-ENTRY WINDOW,earnings_inflection,20.0,0.392,True
2026-08-03,MANAPPURAM,RE-ENTRY WINDOW,financial_strength_trend,10.0,0.805,True
2026-08-03,MANAPPURAM,RE-ENTRY WINDOW,governance,8.0,0.7,True
2026-08-03,MANAPPURAM,RE-ENTRY WINDOW,rs_and_stage,20.0,0.755,True
2026-08-03,MANAPPURAM,RE-ENTRY WINDOW,smart_money,12.0,0.67,True
2026-08-03,MANAPPURAM,RE-ENTRY WINDOW,theme_tailwind,15.0,0.3,True
2026-08-03,MANAPPURAM,RE-ENTRY WINDOW,valuation_sanity,5.0,0.55,True
2026-08-03,PHOENIXLTD,BUY CANDIDATE,catalyst,10.0,0.269,True
2026-08-03,PHOENIXLTD,BUY CANDIDATE,earnings_inflection,20.0,0.845,True
2026-08-03,PHOENIXLTD,BUY CANDIDATE,financial_strength_trend,10.0,0.572,True
2026-08-03,PHOENIXLTD,BUY CANDIDATE,governance,8.0,0.7,True
2026-08-03,PHOENIXLTD,BUY CANDIDATE,rs_and_stage,20.0,0.732,True
2026-08-03,PHOENIXLTD,BUY CANDIDATE,smart_money,12.0,0.54,True
2026-08-03,PHOENIXLTD,BUY CANDIDATE,theme_tailwind,15.0,0.3,True
2026-08-03,PHOENIXLTD,BUY CANDIDATE,valuation_sanity,5.0,0.45,True
2026-08-04,ARVIND,BUY TRIGGER,catalyst,10.0,0.468,True
2026-08-04,ARVIND,BUY TRIGGER,earnings_inflection,20.0,0.667,True
2026-08-04,ARVIND,BUY TRIGGER,financial_strength_trend,10.0,0.651,True
2026-08-04,ARVIND,BUY TRIGGER,governance,8.0,0.7,True
2026-08-04,ARVIND,BUY TRIGGER,rs_and_stage,20.0,0.982,True
2026-08-04,ARVIND,BUY TRIGGER,smart_money,12.0,0.554,True
2026-08-04,ARVIND,BUY TRIGGER,theme_tailwind,15.0,0.574,True
2026-08-04,ARVIND,BUY TRIGGER,valuation_sanity,5.0,0.45,True
2026-08-04,GESHIP,BUY CANDIDATE,catalyst,10.0,0.073,True
2026-08-04,GESHIP,BUY CANDIDATE,earnings_inflection,20.0,0.925,True
2026-08-04,GESHIP,BUY CANDIDATE,financial_strength_trend,10.0,0.944,True
2026-08-04,GESHIP,BUY CANDIDATE,governance,8.0,0.7,True
2026-08-04,GESHIP,BUY CANDIDATE,rs_and_stage,20.0,0.773,True
2026-08-04,GESHIP,BUY CANDIDATE,smart_money,12.0,0.45,True
2026-08-04,GESHIP,BUY CANDIDATE,theme_tailwind,15.0,0.327,True
2026-08-04,GESHIP,BUY CANDIDATE,valuation_sanity,5.0,0.55,True
2026-08-04,GODREJIND,BUY CANDIDATE,catalyst,10.0,0.381,True
2026-08-04,GODREJIND,BUY CANDIDATE,earnings_inflection,20.0,0.94,True
2026-08-04,GODREJIND,BUY CANDIDATE,financial_strength_trend,10.0,0.08,True
2026-08-04,GODREJIND,BUY CANDIDATE,governance,8.0,0.7,True
2026-08-04,GODREJIND,BUY CANDIDATE,rs_and_stage,20.0,0.752,True
2026-08-04,GODREJIND,BUY CANDIDATE,smart_money,12.0,0.638,True
2026-08-04,GODREJIND,BUY CANDIDATE,theme_tailwind,15.0,0.3,True
2026-08-04,GODREJIND,BUY CANDIDATE,valuation_sanity,5.0,0.45,True
2026-08-04,JSWINFRA,BUY CANDIDATE,catalyst,10.0,0.299,True
2026-08-04,JSWINFRA,BUY CANDIDATE,earnings_inflection,20.0,0.259,True
2026-08-04,JSWINFRA,BUY CANDIDATE,financial_strength_trend,10.0,0.452,True
2026-08-04,JSWINFRA,BUY CANDIDATE,governance,8.0,0.4,True
2026-08-04,JSWINFRA,BUY CANDIDATE,rs_and_stage,20.0,0.719,True
2026-08-04,JSWINFRA,BUY CANDIDATE,smart_money,12.0,1.0,True
2026-08-04,JSWINFRA,BUY CANDIDATE,theme_tailwind,15.0,0.3,True
2026-08-04,JSWINFRA,BUY CANDIDATE,valuation_sanity,5.0,0.7,True
2026-08-04,RBA,EPISODIC PIVOT,catalyst,10.0,0.51,True
2026-08-04,RBA,EPISODIC PIVOT,earnings_inflection,20.0,0.64,True
2026-08-04,RBA,EPISODIC PIVOT,financial_strength_trend,10.0,0.22,True
2026-08-04,RBA,EPISODIC PIVOT,governance,8.0,0.4,True
2026-08-04,RBA,EPISODIC PIVOT,rs_and_stage,20.0,0.695,True
2026-08-04,RBA,EPISODIC PIVOT,smart_money,12.0,0.169,True
2026-08-04,RBA,EPISODIC PIVOT,theme_tailwind,15.0,0.3,True
2026-08-04,RBA,EPISODIC PIVOT,valuation_sanity,5.0,0.35,True
2026-08-04,SHRIPISTON,RE-ENTRY WINDOW,catalyst,10.0,0.12,True
2026-08-04,SHRIPISTON,RE-ENTRY WINDOW,earnings_inflection,20.0,0.521,True
2026-08-04,SHRIPISTON,RE-ENTRY WINDOW,financial_strength_trend,10.0,0.379,True
2026-08-04,SHRIPISTON,RE-ENTRY WINDOW,governance,8.0,0.7,True
2026-08-04,SHRIPISTON,RE-ENTRY WINDOW,rs_and_stage,20.0,0.827,True
2026-08-04,SHRIPISTON,RE-ENTRY WINDOW,smart_money,12.0,0.53,True
2026-08-04,SHRIPISTON,RE-ENTRY WINDOW,theme_tailwind,15.0,0.3,True
2026-08-04,SHRIPISTON,RE-ENTRY WINDOW,valuation_sanity,5.0,0.7,True
2026-08-04,SKYGOLD,RE-ENTRY WINDOW,catalyst,10.0,0.0,True
2026-08-04,SKYGOLD,RE-ENTRY WINDOW,earnings_inflection,20.0,0.825,True
2026-08-04,SKYGOLD,RE-ENTRY WINDOW,financial_strength_trend,10.0,0.268,True
2026-08-04,SKYGOLD,RE-ENTRY WINDOW,governance,8.0,0.7,True
2026-08-04,SKYGOLD,RE-ENTRY WINDOW,rs_and_stage,20.0,0.844,True
2026-08-04,SKYGOLD,RE-ENTRY WINDOW,smart_money,12.0,1.0,True
2026-08-04,SKYGOLD,RE-ENTRY WINDOW,theme_tailwind,15.0,0.3,True
2026-08-04,SKYGOLD,RE-ENTRY WINDOW,valuation_sanity,5.0,0.95,True
2026-08-04,STLTECH,BUY TRIGGER,catalyst,10.0,0.508,True
2026-08-04,STLTECH,BUY TRIGGER,earnings_inflection,20.0,0.925,True
2026-08-04,STLTECH,BUY TRIGGER,financial_strength_trend,10.0,0.731,True
2026-08-04,STLTECH,BUY TRIGGER,governance,8.0,0.4,True
2026-08-04,STLTECH,BUY TRIGGER,rs_and_stage,20.0,1.0,True
2026-08-04,STLTECH,BUY TRIGGER,smart_money,12.0,1.0,True
2026-08-04,STLTECH,BUY TRIGGER,theme_tailwind,15.0,0.819,True
2026-08-04,STLTECH,BUY TRIGGER,valuation_sanity,5.0,0.5,True
2026-08-05,BALRAMCHIN,RE-ENTRY WINDOW,catalyst,10.0,0.432,True
2026-08-05,BALRAMCHIN,RE-ENTRY WINDOW,earnings_inflection,20.0,0.215,True
2026-08-05,BALRAMCHIN,RE-ENTRY WINDOW,financial_strength_trend,10.0,0.415,True
2026-08-05,BALRAMCHIN,RE-ENTRY WINDOW,governance,8.0,0.7,True
2026-08-05,BALRAMCHIN,RE-ENTRY WINDOW,rs_and_stage,20.0,0.782,True
2026-08-05,BALRAMCHIN,RE-ENTRY WINDOW,smart_money,12.0,0.51,True
2026-08-05,BALRAMCHIN,RE-ENTRY WINDOW,theme_tailwind,15.0,0.3,True
2026-08-05,BALRAMCHIN,RE-ENTRY WINDOW,valuation_sanity,5.0,0.45,True
2026-08-05,ENGINERSIN,BUY CANDIDATE,catalyst,10.0,0.372,True
2026-08-05,ENGINERSIN,BUY CANDIDATE,earnings_inflection,20.0,0.231,True
2026-08-05,ENGINERSIN,BUY CANDIDATE,financial_strength_trend,10.0,0.757,True
2026-08-05,ENGINERSIN,BUY CANDIDATE,governance,8.0,0.7,True
2026-08-05,ENGINERSIN,BUY CANDIDATE,rs_and_stage,20.0,0.903,True
2026-08-05,ENGINERSIN,BUY CANDIDATE,smart_money,12.0,0.754,True
2026-08-05,ENGINERSIN,BUY CANDIDATE,theme_tailwind,15.0,0.3,True
2026-08-05,ENGINERSIN,BUY CANDIDATE,valuation_sanity,5.0,0.95,True
2026-08-05,FLUOROCHEM,RE-ENTRY WINDOW,catalyst,10.0,0.096,True
2026-08-05,FLUOROCHEM,RE-ENTRY WINDOW,earnings_inflection,20.0,0.315,True
2026-08-05,FLUOROCHEM,RE-ENTRY WINDOW,financial_strength_trend,10.0,0.543,True
2026-08-05,FLUOROCHEM,RE-ENTRY WINDOW,governance,8.0,0.7,True
2026-08-05,FLUOROCHEM,RE-ENTRY WINDOW,rs_and_stage,20.0,0.794,True
2026-08-05,FLUOROCHEM,RE-ENTRY WINDOW,smart_money,12.0,0.554,True
2026-08-05,FLUOROCHEM,RE-ENTRY WINDOW,theme_tailwind,15.0,0.409,True
2026-08-05,FLUOROCHEM,RE-ENTRY WINDOW,valuation_sanity,5.0,0.25,True
2026-08-05,MINDACORP,BUY CANDIDATE,catalyst,10.0,0.092,True
2026-08-05,MINDACORP,BUY CANDIDATE,earnings_inflection,20.0,1.0,True
2026-08-05,MINDACORP,BUY CANDIDATE,financial_strength_trend,10.0,0.471,True
2026-08-05,MINDACORP,BUY CANDIDATE,governance,8.0,0.7,True
2026-08-05,MINDACORP,BUY CANDIDATE,rs_and_stage,20.0,0.775,True
2026-08-05,MINDACORP,BUY CANDIDATE,smart_money,12.0,0.486,True
2026-08-05,MINDACORP,BUY CANDIDATE,theme_tailwind,15.0,0.3,True
2026-08-05,MINDACORP,BUY CANDIDATE,valuation_sanity,5.0,0.45,True
2026-08-05,QUESS,RE-ENTRY WINDOW,catalyst,10.0,0.329,True
2026-08-05,QUESS,RE-ENTRY WINDOW,earnings_inflection,20.0,0.799,True
2026-08-05,QUESS,RE-ENTRY WINDOW,financial_strength_trend,10.0,0.931,True
2026-08-05,QUESS,RE-ENTRY WINDOW,governance,8.0,0.7,True
2026-08-05,QUESS,RE-ENTRY WINDOW,rs_and_stage,20.0,0.774,True
2026-08-05,QUESS,RE-ENTRY WINDOW,smart_money,12.0,0.497,True
2026-08-05,QUESS,RE-ENTRY WINDOW,theme_tailwind,15.0,0.3,True
2026-08-05,QUESS,RE-ENTRY WINDOW,valuation_sanity,5.0,0.45,True
2026-08-06,ABCAPITAL,RE-ENTRY WINDOW,catalyst,10.0,0.0,True
2026-08-06,ABCAPITAL,RE-ENTRY WINDOW,earnings_inflection,20.0,0.694,True
2026-08-06,ABCAPITAL,RE-ENTRY WINDOW,financial_strength_trend,10.0,0.754,True
2026-08-06,ABCAPITAL,RE-ENTRY WINDOW,governance,8.0,0.7,True
2026-08-06,ABCAPITAL,RE-ENTRY WINDOW,rs_and_stage,20.0,0.79,True
2026-08-06,ABCAPITAL,RE-ENTRY WINDOW,smart_money,12.0,0.728,True
2026-08-06,ABCAPITAL,RE-ENTRY WINDOW,theme_tailwind,15.0,0.3,True
2026-08-06,ABCAPITAL,RE-ENTRY WINDOW,valuation_sanity,5.0,0.55,True
2026-08-06,AEGISLOG,RE-ENTRY WINDOW,catalyst,10.0,0.375,True
2026-08-06,AEGISLOG,RE-ENTRY WINDOW,earnings_inflection,20.0,0.886,True
2026-08-06,AEGISLOG,RE-ENTRY WINDOW,financial_strength_trend,10.0,0.436,True
2026-08-06,AEGISLOG,RE-ENTRY WINDOW,governance,8.0,0.7,True
2026-08-06,AEGISLOG,RE-ENTRY WINDOW,rs_and_stage,20.0,0.836,True
2026-08-06,AEGISLOG,RE-ENTRY WINDOW,smart_money,12.0,0.456,True
2026-08-06,AEGISLOG,RE-ENTRY WINDOW,theme_tailwind,15.0,0.3,True
2026-08-06,AEGISLOG,RE-ENTRY WINDOW,valuation_sanity,5.0,0.45,True
2026-08-06,AIAENG,BUY CANDIDATE,catalyst,10.0,0.176,True
2026-08-06,AIAENG,BUY CANDIDATE,earnings_inflection,20.0,0.822,True
2026-08-06,AIAENG,BUY CANDIDATE,financial_strength_trend,10.0,0.96,True
2026-08-06,AIAENG,BUY CANDIDATE,governance,8.0,0.7,True
2026-08-06,AIAENG,BUY CANDIDATE,rs_and_stage,20.0,0.766,True
2026-08-06,AIAENG,BUY CANDIDATE,smart_money,12.0,0.511,True
2026-08-06,AIAENG,BUY CANDIDATE,theme_tailwind,15.0,0.462,True
2026-08-06,AIAENG,BUY CANDIDATE,valuation_sanity,5.0,0.45,True
2026-08-06,BIOCON,BUY CANDIDATE,catalyst,10.0,0.79,True
2026-08-06,BIOCON,BUY CANDIDATE,earnings_inflection,20.0,0.72,True
2026-08-06,BIOCON,BUY CANDIDATE,financial_strength_trend,10.0,0.58,True
2026-08-06,BIOCON,BUY CANDIDATE,governance,8.0,0.4,True
2026-08-06,BIOCON,BUY CANDIDATE,rs_and_stage,20.0,0.71,True
2026-08-06,BIOCON,BUY CANDIDATE,smart_money,12.0,0.768,True
2026-08-06,BIOCON,BUY CANDIDATE,theme_tailwind,15.0,0.3,True
2026-08-06,BIOCON,BUY CANDIDATE,valuation_sanity,5.0,0.05,True
2026-08-06,NYKAA,RE-ENTRY WINDOW,catalyst,10.0,0.592,True
2026-08-06,NYKAA,RE-ENTRY WINDOW,earnings_inflection,20.0,1.0,True
2026-08-06,NYKAA,RE-ENTRY WINDOW,financial_strength_trend,10.0,0.391,True
2026-08-06,NYKAA,RE-ENTRY WINDOW,governance,8.0,0.7,True
2026-08-06,NYKAA,RE-ENTRY WINDOW,rs_and_stage,20.0,0.803,True
2026-08-06,NYKAA,RE-ENTRY WINDOW,smart_money,12.0,0.497,True
2026-08-06,NYKAA,RE-ENTRY WINDOW,theme_tailwind,15.0,0.3,True
2026-08-06,NYKAA,RE-ENTRY WINDOW,valuation_sanity,5.0,0.5,True
2026-08-07,CARBORUNIV,BUY CANDIDATE,catalyst,10.0,0.259,True
2026-08-07,CARBORUNIV,BUY CANDIDATE,earnings_inflection,20.0,0.075,True
2026-08-07,CARBORUNIV,BUY CANDIDATE,financial_strength_trend,10.0,0.731,True
2026-08-07,CARBORUNIV,BUY CANDIDATE,governance,8.0,0.7,True
2026-08-07,CARBORUNIV,BUY CANDIDATE,rs_and_stage,20.0,0.774,True
2026-08-07,CARBORUNIV,BUY CANDIDATE,smart_money,12.0,0.466,True
2026-08-07,CARBORUNIV,BUY CANDIDATE,theme_tailwind,15.0,0.3,True
2026-08-07,CARBORUNIV,BUY CANDIDATE,valuation_sanity,5.0,0.25,True
2026-08-07,CREDITACC,BUY CANDIDATE,catalyst,10.0,0.276,True
2026-08-07,CREDITACC,BUY CANDIDATE,earnings_inflection,20.0,0.887,True
2026-08-07,CREDITACC,BUY CANDIDATE,financial_strength_trend,10.0,0.874,True
2026-08-07,CREDITACC,BUY CANDIDATE,governance,8.0,0.7,True
2026-08-07,CREDITACC,BUY CANDIDATE,rs_and_stage,20.0,0.736,True
2026-08-07,CREDITACC,BUY CANDIDATE,smart_money,12.0,0.511,True
2026-08-07,CREDITACC,BUY CANDIDATE,theme_tailwind,15.0,0.3,True
2026-08-07,CREDITACC,BUY CANDIDATE,valuation_sanity,5.0,0.55,True
2026-08-07,JSWENERGY,BUY CANDIDATE,catalyst,10.0,0.856,True
2026-08-07,JSWENERGY,BUY CANDIDATE,earnings_inflection,20.0,0.203,True
2026-08-07,JSWENERGY,BUY CANDIDATE,financial_strength_trend,10.0,0.22,True
2026-08-07,JSWENERGY,BUY CANDIDATE,governance,8.0,0.4,True
2026-08-07,JSWENERGY,BUY CANDIDATE,rs_and_stage,20.0,0.715,True
2026-08-07,JSWENERGY,BUY CANDIDATE,smart_money,12.0,0.645,True
2026-08-07,JSWENERGY,BUY CANDIDATE,theme_tailwind,15.0,0.416,True
2026-08-07,JSWENERGY,BUY CANDIDATE,valuation_sanity,5.0,0.45,True
2026-08-07,NAVINFLUOR,RE-ENTRY WINDOW,catalyst,10.0,0.582,True
2026-08-07,NAVINFLUOR,RE-ENTRY WINDOW,earnings_inflection,20.0,1.0,True
2026-08-07,NAVINFLUOR,RE-ENTRY WINDOW,financial_strength_trend,10.0,0.675,True
2026-08-07,NAVINFLUOR,RE-ENTRY WINDOW,governance,8.0,0.7,True
2026-08-07,NAVINFLUOR,RE-ENTRY WINDOW,rs_and_stage,20.0,0.803,True
2026-08-07,NAVINFLUOR,RE-ENTRY WINDOW,smart_money,12.0,0.501,True
2026-08-07,NAVINFLUOR,RE-ENTRY WINDOW,theme_tailwind,15.0,0.39,True
2026-08-07,NAVINFLUOR,RE-ENTRY WINDOW,valuation_sanity,5.0,0.45,True
2026-08-07,TVSSCS,BUY CANDIDATE,catalyst,10.0,0.332,True
2026-08-07,TVSSCS,BUY CANDIDATE,earnings_inflection,20.0,0.76,True
2026-08-07,TVSSCS,BUY CANDIDATE,financial_strength_trend,10.0,0.397,True
2026-08-07,TVSSCS,BUY CANDIDATE,governance,8.0,0.05,True
2026-08-07,TVSSCS,BUY CANDIDATE,rs_and_stage,20.0,0.892,True
2026-08-07,TVSSCS,BUY CANDIDATE,smart_money,12.0,0.397,True
2026-08-07,TVSSCS,BUY CANDIDATE,theme_tailwind,15.0,0.3,True
2026-08-07,TVSSCS,BUY CANDIDATE,valuation_sanity,5.0,0.95,True
2026-08-10,AARTIPHARM,EPISODIC PIVOT,catalyst,10.0,0.184,True
2026-08-10,AARTIPHARM,EPISODIC PIVOT,earnings_inflection,20.0,0.417,True
2026-08-10,AARTIPHARM,EPISODIC PIVOT,financial_strength_trend,10.0,0.527,True
2026-08-10,AARTIPHARM,EPISODIC PIVOT,governance,8.0,0.7,True
2026-08-10,AARTIPHARM,EPISODIC PIVOT,rs_and_stage,20.0,0.341,True
2026-08-10,AARTIPHARM,EPISODIC PIVOT,smart_money,12.0,0.535,True
2026-08-10,AARTIPHARM,EPISODIC PIVOT,theme_tailwind,15.0,0.3,True
2026-08-10,AARTIPHARM,EPISODIC PIVOT,valuation_sanity,5.0,0.55,True
2026-08-10,LLOYDSME,RE-ENTRY WINDOW,catalyst,10.0,0.0,True
2026-08-10,LLOYDSME,RE-ENTRY WINDOW,earnings_inflection,20.0,1.0,True
2026-08-10,LLOYDSME,RE-ENTRY WINDOW,financial_strength_trend,10.0,0.223,True
2026-08-10,LLOYDSME,RE-ENTRY WINDOW,governance,8.0,0.7,True
2026-08-10,LLOYDSME,RE-ENTRY WINDOW,rs_and_stage,20.0,0.82,True
2026-08-10,LLOYDSME,RE-ENTRY WINDOW,smart_money,12.0,0.469,True
2026-08-10,LLOYDSME,RE-ENTRY WINDOW,theme_tailwind,15.0,0.3,True
2026-08-10,LLOYDSME,RE-ENTRY WINDOW,valuation_sanity,5.0,0.95,True
2026-08-10,POWERINDIA,BUY CANDIDATE,catalyst,10.0,0.535,True
2026-08-10,POWERINDIA,BUY CANDIDATE,earnings_inflection,20.0,1.0,True
2026-08-10,POWERINDIA,BUY CANDIDATE,financial_strength_trend,10.0,0.955,True
2026-08-10,POWERINDIA,BUY CANDIDATE,governance,8.0,0.7,True
2026-08-10,POWERINDIA,BUY CANDIDATE,rs_and_stage,20.0,0.834,True
2026-08-10,POWERINDIA,BUY CANDIDATE,smart_money,12.0,0.522,True
2026-08-10,POWERINDIA,BUY CANDIDATE,theme_tailwind,15.0,0.642,True
2026-08-10,POWERINDIA,BUY CANDIDATE,valuation_sanity,5.0,0.05,True
2026-08-10,RRKABEL,RE-ENTRY WINDOW,catalyst,10.0,0.465,True
2026-08-10,RRKABEL,RE-ENTRY WINDOW,earnings_inflection,20.0,1.0,True
2026-08-10,RRKABEL,RE-ENTRY WINDOW,financial_strength_trend,10.0,0.925,True
2026-08-10,RRKABEL,RE-ENTRY WINDOW,governance,8.0,0.7,True
2026-08-10,RRKABEL,RE-ENTRY WINDOW,rs_and_stage,20.0,0.84,True
2026-08-10,RRKABEL,RE-ENTRY WINDOW,smart_money,12.0,0.488,True
2026-08-10,RRKABEL,RE-ENTRY WINDOW,theme_tailwind,15.0,0.642,True
2026-08-10,RRKABEL,RE-ENTRY WINDOW,valuation_sanity,5.0,0.7,True
2026-08-10,SAREGAMA,BUY CANDIDATE,catalyst,10.0,0.339,True
2026-08-10,SAREGAMA,BUY CANDIDATE,earnings_inflection,20.0,0.699,True
2026-08-10,SAREGAMA,BUY CANDIDATE,financial_strength_trend,10.0,0.609,True
2026-08-10,SAREGAMA,BUY CANDIDATE,governance,8.0,0.7,True
2026-08-10,SAREGAMA,BUY CANDIDATE,rs_and_stage,20.0,0.798,True
2026-08-10,SAREGAMA,BUY CANDIDATE,smart_money,12.0,0.67,True
2026-08-10,SAREGAMA,BUY CANDIDATE,theme_tailwind,15.0,0.3,True
2026-08-10,SAREGAMA,BUY CANDIDATE,valuation_sanity,5.0,0.45,True
2026-08-10,SMLMAH,RE-ENTRY WINDOW,catalyst,10.0,0.483,True
2026-08-10,SMLMAH,RE-ENTRY WINDOW,earnings_inflection,20.0,0.333,True
2026-08-10,SMLMAH,RE-ENTRY WINDOW,financial_strength_trend,10.0,0.611,True
2026-08-10,SMLMAH,RE-ENTRY WINDOW,governance,8.0,0.7,True
2026-08-10,SMLMAH,RE-ENTRY WINDOW,rs_and_stage,20.0,0.807,True
2026-08-10,SMLMAH,RE-ENTRY WINDOW,smart_money,12.0,0.582,True
2026-08-10,SMLMAH,RE-ENTRY WINDOW,theme_tailwind,15.0,0.3,True
2026-08-10,SMLMAH,RE-ENTRY WINDOW,valuation_sanity,5.0,0.95,True
2026-08-10,STARHEALTH,BUY CANDIDATE,catalyst,10.0,0.405,True
2026-08-10,STARHEALTH,BUY CANDIDATE,earnings_inflection,20.0,0.568,True
2026-08-10,STARHEALTH,BUY CANDIDATE,financial_strength_trend,10.0,0.696,True
2026-08-10,STARHEALTH,BUY CANDIDATE,governance,8.0,0.7,True
2026-08-10,STARHEALTH,BUY CANDIDATE,rs_and_stage,20.0,0.75,True
2026-08-10,STARHEALTH,BUY CANDIDATE,smart_money,12.0,0.507,True
2026-08-10,STARHEALTH,BUY CANDIDATE,theme_tailwind,15.0,0.3,True
2026-08-10,STARHEALTH,BUY CANDIDATE,valuation_sanity,5.0,0.55,True
2026-08-10,SUPRIYA,BUY CANDIDATE,catalyst,10.0,0.0,True
2026-08-10,SUPRIYA,BUY CANDIDATE,earnings_inflection,20.0,0.557,True
2026-08-10,SUPRIYA,BUY CANDIDATE,financial_strength_trend,10.0,0.96,True
2026-08-10,SUPRIYA,BUY CANDIDATE,governance,8.0,0.7,True
2026-08-10,SUPRIYA,BUY CANDIDATE,rs_and_stage,20.0,0.782,True
2026-08-10,SUPRIYA,BUY CANDIDATE,smart_money,12.0,0.567,True
2026-08-10,SUPRIYA,BUY CANDIDATE,theme_tailwind,15.0,0.3,True
2026-08-10,SUPRIYA,BUY CANDIDATE,valuation_sanity,5.0,0.7,True
2026-08-11,EPL,BUY CANDIDATE,catalyst,10.0,0.607,True
2026-08-11,EPL,BUY CANDIDATE,earnings_inflection,20.0,0.346,True
2026-08-11,EPL,BUY CANDIDATE,financial_strength_trend,10.0,0.669,True
2026-08-11,EPL,BUY CANDIDATE,governance,8.0,0.7,True
2026-08-11,EPL,BUY CANDIDATE,rs_and_stage,20.0,0.838,True
2026-08-11,EPL,BUY CANDIDATE,smart_money,12.0,0.55,True
2026-08-11,EPL,BUY CANDIDATE,theme_tailwind,15.0,0.502,True
2026-08-11,EPL,BUY CANDIDATE,valuation_sanity,5.0,0.95,True
2026-08-11,FEDERALBNK,RE-ENTRY WINDOW,catalyst,10.0,0.429,True
2026-08-11,FEDERALBNK,RE-ENTRY WINDOW,earnings_inflection,20.0,0.743,True
2026-08-11,FEDERALBNK,RE-ENTRY WINDOW,financial_strength_trend,10.0,0.849,True
2026-08-11,FEDERALBNK,RE-ENTRY WINDOW,governance,8.0,0.7,True
2026-08-11,FEDERALBNK,RE-ENTRY WINDOW,rs_and_stage,20.0,0.952,True
2026-08-11,FEDERALBNK,RE-ENTRY WINDOW,smart_money,12.0,0.565,True
2026-08-11,FEDERALBNK,RE-ENTRY WINDOW,theme_tailwind,15.0,0.3,True
2026-08-11,FEDERALBNK,RE-ENTRY WINDOW,valuation_sanity,5.0,0.7,True
2026-08-11,IPCALAB,BUY CANDIDATE,catalyst,10.0,0.03,True
2026-08-11,IPCALAB,BUY CANDIDATE,earnings_inflection,20.0,1.0,True
2026-08-11,IPCALAB,BUY CANDIDATE,financial_strength_trend,10.0,0.933,True
2026-08-11,IPCALAB,BUY CANDIDATE,governance,8.0,0.7,True
2026-08-11,IPCALAB,BUY CANDIDATE,rs_and_stage,20.0,0.744,True
2026-08-11,IPCALAB,BUY CANDIDATE,smart_money,12.0,0.585,True
2026-08-11,IPCALAB,BUY CANDIDATE,theme_tailwind,15.0,0.3,True
2026-08-11,IPCALAB,BUY CANDIDATE,valuation_sanity,5.0,0.7,True
2026-08-11,KPIL,BUY CANDIDATE,catalyst,10.0,0.354,True
2026-08-11,KPIL,BUY CANDIDATE,earnings_inflection,20.0,0.892,True
2026-08-11,KPIL,BUY CANDIDATE,financial_strength_trend,10.0,0.637,True
2026-08-11,KPIL,BUY CANDIDATE,governance,8.0,0.7,True
2026-08-11,KPIL,BUY CANDIDATE,rs_and_stage,20.0,0.878,True
2026-08-11,KPIL,BUY CANDIDATE,smart_money,12.0,0.493,True
2026-08-11,KPIL,BUY CANDIDATE,theme_tailwind,15.0,0.3,True
2026-08-11,KPIL,BUY CANDIDATE,valuation_sanity,5.0,0.95,True
2026-08-11,KRN,BUY TRIGGER,catalyst,10.0,0.025,True
2026-08-11,KRN,BUY TRIGGER,earnings_inflection,20.0,0.644,True
2026-08-11,KRN,BUY TRIGGER,financial_strength_trend,10.0,0.532,True
2026-08-11,KRN,BUY TRIGGER,governance,8.0,0.4,True
2026-08-11,KRN,BUY TRIGGER,rs_and_stage,20.0,0.979,True
2026-08-11,KRN,BUY TRIGGER,smart_money,12.0,0.991,True
2026-08-11,KRN,BUY TRIGGER,theme_tailwind,15.0,0.3,True
2026-08-11,KRN,BUY TRIGGER,valuation_sanity,5.0,0.05,True
2026-08-11,MCX,BUY CANDIDATE,catalyst,10.0,0.205,True
2026-08-11,MCX,BUY CANDIDATE,earnings_inflection,20.0,1.0,True
2026-08-11,MCX,BUY CANDIDATE,financial_strength_trend,10.0,1.0,True
2026-08-11,MCX,BUY CANDIDATE,governance,8.0,0.7,True
2026-08-11,MCX,BUY CANDIDATE,rs_and_stage,20.0,0.8,True
2026-08-11,MCX,BUY CANDIDATE,smart_money,12.0,0.45,True
2026-08-11,MCX,BUY CANDIDATE,theme_tailwind,15.0,0.598,True
2026-08-11,MCX,BUY CANDIDATE,valuation_sanity,5.0,0.95,True
2026-08-11,TIPSMUSIC,BUY CANDIDATE,catalyst,10.0,0.305,True
2026-08-11,TIPSMUSIC,BUY CANDIDATE,earnings_inflection,20.0,0.446,True
2026-08-11,TIPSMUSIC,BUY CANDIDATE,financial_strength_trend,10.0,0.755,True
2026-08-11,TIPSMUSIC,BUY CANDIDATE,governance,8.0,0.7,True
2026-08-11,TIPSMUSIC,BUY CANDIDATE,rs_and_stage,20.0,0.876,True
2026-08-11,TIPSMUSIC,BUY CANDIDATE,smart_money,12.0,0.513,True
2026-08-11,TIPSMUSIC,BUY CANDIDATE,theme_tailwind,15.0,0.3,True
2026-08-11,TIPSMUSIC,BUY CANDIDATE,valuation_sanity,5.0,0.7,True
2026-08-11,ZENTEC,BUY CANDIDATE,catalyst,10.0,0.886,True
2026-08-11,ZENTEC,BUY CANDIDATE,earnings_inflection,20.0,0.127,True
2026-08-11,ZENTEC,BUY CANDIDATE,financial_strength_trend,10.0,0.617,True
2026-08-11,ZENTEC,BUY CANDIDATE,governance,8.0,0.7,True
2026-08-11,ZENTEC,BUY CANDIDATE,rs_and_stage,20.0,0.92,True
2026-08-11,ZENTEC,BUY CANDIDATE,smart_money,12.0,0.789,True
2026-08-11,ZENTEC,BUY CANDIDATE,theme_tailwind,15.0,0.777,True
2026-08-11,ZENTEC,BUY CANDIDATE,valuation_sanity,5.0,0.05,True
2026-08-12,DATAPATTNS,BUY CANDIDATE,catalyst,10.0,0.223,True
2026-08-12,DATAPATTNS,BUY CANDIDATE,earnings_inflection,20.0,0.384,True
2026-08-12,DATAPATTNS,BUY CANDIDATE,financial_strength_trend,10.0,0.62,True
2026-08-12,DATAPATTNS,BUY CANDIDATE,governance,8.0,0.7,True
2026-08-12,DATAPATTNS,BUY CANDIDATE,rs_and_stage,20.0,0.98,True
2026-08-12,DATAPATTNS,BUY CANDIDATE,smart_money,12.0,0.815,True
2026-08-12,DATAPATTNS,BUY CANDIDATE,theme_tailwind,15.0,0.824,True
2026-08-12,DATAPATTNS,BUY CANDIDATE,valuation_sanity,5.0,0.05,True
2026-08-12,DCBBANK,BUY CANDIDATE,catalyst,10.0,0.431,True
2026-08-12,DCBBANK,BUY CANDIDATE,earnings_inflection,20.0,0.825,True
2026-08-12,DCBBANK,BUY CANDIDATE,financial_strength_trend,10.0,0.846,True
2026-08-12,DCBBANK,BUY CANDIDATE,governance,8.0,0.7,True
2026-08-12,DCBBANK,BUY CANDIDATE,rs_and_stage,20.0,0.71,True
2026-08-12,DCBBANK,BUY CANDIDATE,smart_money,12.0,0.94,True
2026-08-12,DCBBANK,BUY CANDIDATE,theme_tailwind,15.0,0.3,True
2026-08-12,DCBBANK,BUY CANDIDATE,valuation_sanity,5.0,0.95,True
2026-08-12,MTARTECH,BUY CANDIDATE,catalyst,10.0,0.755,True
2026-08-12,MTARTECH,BUY CANDIDATE,earnings_inflection,20.0,0.887,True
2026-08-12,MTARTECH,BUY CANDIDATE,financial_strength_trend,10.0,0.497,True
2026-08-12,MTARTECH,BUY CANDIDATE,governance,8.0,0.4,True
2026-08-12,MTARTECH,BUY CANDIDATE,rs_and_stage,20.0,0.999,True
2026-08-12,MTARTECH,BUY CANDIDATE,smart_money,12.0,0.482,True
2026-08-12,MTARTECH,BUY CANDIDATE,theme_tailwind,15.0,0.824,True
2026-08-12,MTARTECH,BUY CANDIDATE,valuation_sanity,5.0,0.05,True
2026-08-12,QPOWER,BUY TRIGGER,catalyst,10.0,0.369,True
2026-08-12,QPOWER,BUY TRIGGER,earnings_inflection,20.0,0.854,True
2026-08-12,QPOWER,BUY TRIGGER,financial_strength_trend,10.0,0.541,True
2026-08-12,QPOWER,BUY TRIGGER,governance,8.0,0.7,True
2026-08-12,QPOWER,BUY TRIGGER,rs_and_stage,20.0,0.971,True
2026-08-12,QPOWER,BUY TRIGGER,smart_money,12.0,0.67,True
2026-08-12,QPOWER,BUY TRIGGER,theme_tailwind,15.0,0.3,True
2026-08-12,QPOWER,BUY TRIGGER,valuation_sanity,5.0,0.25,True
2026-08-12,RAIN,BUY CANDIDATE,catalyst,10.0,0.409,True
2026-08-12,RAIN,BUY CANDIDATE,earnings_inflection,20.0,0.925,True
2026-08-12,RAIN,BUY CANDIDATE,financial_strength_trend,10.0,0.4,True
2026-08-12,RAIN,BUY CANDIDATE,governance,8.0,0.7,True
2026-08-12,RAIN,BUY CANDIDATE,rs_and_stage,20.0,0.77,True
2026-08-12,RAIN,BUY CANDIDATE,smart_money,12.0,0.085,True
2026-08-12,RAIN,BUY CANDIDATE,theme_tailwind,15.0,0.3,True
2026-08-12,RAIN,BUY CANDIDATE,valuation_sanity,5.0,0.55,True
2026-08-13,ANTHEM,RE-ENTRY WINDOW,catalyst,10.0,0.15,True
2026-08-13,ANTHEM,RE-ENTRY WINDOW,earnings_inflection,20.0,0.241,True
2026-08-13,ANTHEM,RE-ENTRY WINDOW,financial_strength_trend,10.0,0.955,True
2026-08-13,ANTHEM,RE-ENTRY WINDOW,governance,8.0,0.4,True
2026-08-13,ANTHEM,RE-ENTRY WINDOW,rs_and_stage,20.0,0.755,True
2026-08-13,ANTHEM,RE-ENTRY WINDOW,smart_money,12.0,0.875,True
2026-08-13,ANTHEM,RE-ENTRY WINDOW,theme_tailwind,15.0,0.3,True
2026-08-13,ANTHEM,RE-ENTRY WINDOW,valuation_sanity,5.0,0.25,True
2026-08-13,APARINDS,RE-ENTRY WINDOW,catalyst,10.0,0.348,True
2026-08-13,APARINDS,RE-ENTRY WINDOW,earnings_inflection,20.0,0.955,True
2026-08-13,APARINDS,RE-ENTRY WINDOW,financial_strength_trend,10.0,0.572,True
2026-08-13,APARINDS,RE-ENTRY WINDOW,governance,8.0,0.7,True
2026-08-13,APARINDS,RE-ENTRY WINDOW,rs_and_stage,20.0,0.835,True
2026-08-13,APARINDS,RE-ENTRY WINDOW,smart_money,12.0,0.682,True
2026-08-13,APARINDS,RE-ENTRY WINDOW,theme_tailwind,15.0,0.635,True
2026-08-13,APARINDS,RE-ENTRY WINDOW,valuation_sanity,5.0,0.45,True
2026-08-13,BELRISE,RE-ENTRY WINDOW,catalyst,10.0,0.238,True
2026-08-13,BELRISE,RE-ENTRY WINDOW,earnings_inflection,20.0,0.836,True
2026-08-13,BELRISE,RE-ENTRY WINDOW,financial_strength_trend,10.0,0.823,True
2026-08-13,BELRISE,RE-ENTRY WINDOW,governance,8.0,0.4,True
2026-08-13,BELRISE,RE-ENTRY WINDOW,rs_and_stage,20.0,0.813,True
2026-08-13,BELRISE,RE-ENTRY WINDOW,smart_money,12.0,1.0,True
2026-08-13,BELRISE,RE-ENTRY WINDOW,theme_tailwind,15.0,0.607,True
2026-08-13,BELRISE,RE-ENTRY WINDOW,valuation_sanity,5.0,0.45,True
2026-08-13,CGCL,BUY CANDIDATE,catalyst,10.0,0.308,True
2026-08-13,CGCL,BUY CANDIDATE,earnings_inflection,20.0,1.0,True
2026-08-13,CGCL,BUY CANDIDATE,financial_strength_trend,10.0,0.829,True
2026-08-13,CGCL,BUY CANDIDATE,governance,8.0,0.7,True
2026-08-13,CGCL,BUY CANDIDATE,rs_and_stage,20.0,0.76,True
2026-08-13,CGCL,BUY CANDIDATE,smart_money,12.0,0.516,True
2026-08-13,CGCL,BUY CANDIDATE,theme_tailwind,15.0,0.3,True
2026-08-13,CGCL,BUY CANDIDATE,valuation_sanity,5.0,0.95,True
2026-08-13,EDELWEISS,BUY CANDIDATE,catalyst,10.0,0.202,True
2026-08-13,EDELWEISS,BUY CANDIDATE,earnings_inflection,20.0,0.598,True
2026-08-13,EDELWEISS,BUY CANDIDATE,financial_strength_trend,10.0,0.317,True
2026-08-13,EDELWEISS,BUY CANDIDATE,governance,8.0,0.7,True
2026-08-13,EDELWEISS,BUY CANDIDATE,rs_and_stage,20.0,0.736,True
2026-08-13,EDELWEISS,BUY CANDIDATE,smart_money,12.0,0.661,True
2026-08-13,EDELWEISS,BUY CANDIDATE,theme_tailwind,15.0,0.3,True
2026-08-13,EDELWEISS,BUY CANDIDATE,valuation_sanity,5.0,0.95,True
2026-08-13,GABRIEL,BUY CANDIDATE,catalyst,10.0,0.626,True
2026-08-13,GABRIEL,BUY CANDIDATE,earnings_inflection,20.0,0.506,True
2026-08-13,GABRIEL,BUY CANDIDATE,financial_strength_trend,10.0,0.731,True
2026-08-13,GABRIEL,BUY CANDIDATE,governance,8.0,0.7,True
2026-08-13,GABRIEL,BUY CANDIDATE,rs_and_stage,20.0,0.803,True
2026-08-13,GABRIEL,BUY CANDIDATE,smart_money,12.0,0.372,True
2026-08-13,GABRIEL,BUY CANDIDATE,theme_tailwind,15.0,0.3,True
2026-08-13,GABRIEL,BUY CANDIDATE,valuation_sanity,5.0,0.25,True
2026-08-13,IFCI,BUY CANDIDATE,catalyst,10.0,0.09,True
2026-08-13,IFCI,BUY CANDIDATE,earnings_inflection,20.0,0.269,True
2026-08-13,IFCI,BUY CANDIDATE,financial_strength_trend,10.0,0.694,True
2026-08-13,IFCI,BUY CANDIDATE,governance,8.0,0.7,True
2026-08-13,IFCI,BUY CANDIDATE,rs_and_stage,20.0,0.763,True
2026-08-13,IFCI,BUY CANDIDATE,smart_money,12.0,0.578,True
2026-08-13,IFCI,BUY CANDIDATE,theme_tailwind,15.0,0.3,True
2026-08-13,IFCI,BUY CANDIDATE,valuation_sanity,5.0,0.05,True
2026-08-13,KARURVYSYA,RE-ENTRY WINDOW,catalyst,10.0,0.292,True
2026-08-13,KARURVYSYA,RE-ENTRY WINDOW,earnings_inflection,20.0,0.89,True
2026-08-13,KARURVYSYA,RE-ENTRY WINDOW,financial_strength_trend,10.0,0.923,True
2026-08-13,KARURVYSYA,RE-ENTRY WINDOW,governance,8.0,0.7,True
2026-08-13,KARURVYSYA,RE-ENTRY WINDOW,rs_and_stage,20.0,0.746,True
2026-08-13,KARURVYSYA,RE-ENTRY WINDOW,smart_money,12.0,0.822,True
2026-08-13,KARURVYSYA,RE-ENTRY WINDOW,theme_tailwind,15.0,0.3,True
2026-08-13,KARURVYSYA,RE-ENTRY WINDOW,valuation_sanity,5.0,0.95,True
2026-08-13,MARKSANS,RE-ENTRY WINDOW,catalyst,10.0,0.727,True
2026-08-13,MARKSANS,RE-ENTRY WINDOW,earnings_inflection,20.0,1.0,True
2026-08-13,MARKSANS,RE-ENTRY WINDOW,financial_strength_trend,10.0,0.591,True
2026-08-13,MARKSANS,RE-ENTRY WINDOW,governance,8.0,0.7,True
2026-08-13,MARKSANS,RE-ENTRY WINDOW,rs_and_stage,20.0,0.815,True
2026-08-13,MARKSANS,RE-ENTRY WINDOW,smart_money,12.0,0.64,True
2026-08-13,MARKSANS,RE-ENTRY WINDOW,theme_tailwind,15.0,0.3,True
2026-08-13,MARKSANS,RE-ENTRY WINDOW,valuation_sanity,5.0,0.7,True
2026-08-13,METROPOLIS,BUY CANDIDATE,catalyst,10.0,0.457,True
2026-08-13,METROPOLIS,BUY CANDIDATE,earnings_inflection,20.0,0.853,True
2026-08-13,METROPOLIS,BUY CANDIDATE,financial_strength_trend,10.0,0.66,True
2026-08-13,METROPOLIS,BUY CANDIDATE,governance,8.0,0.7,True
2026-08-13,METROPOLIS,BUY CANDIDATE,rs_and_stage,20.0,0.843,True
2026-08-13,METROPOLIS,BUY CANDIDATE,smart_money,12.0,0.556,True
2026-08-13,METROPOLIS,BUY CANDIDATE,theme_tailwind,15.0,0.689,True
2026-08-13,METROPOLIS,BUY CANDIDATE,valuation_sanity,5.0,0.45,True
2026-08-13,SHAILY,RE-ENTRY WINDOW,catalyst,10.0,0.209,True
2026-08-13,SHAILY,RE-ENTRY WINDOW,earnings_inflection,20.0,0.659,True
2026-08-13,SHAILY,RE-ENTRY WINDOW,financial_strength_trend,10.0,0.693,True
2026-08-13,SHAILY,RE-ENTRY WINDOW,governance,8.0,0.4,True
2026-08-13,SHAILY,RE-ENTRY WINDOW,rs_and_stage,20.0,0.834,True
2026-08-13,SHAILY,RE-ENTRY WINDOW,smart_money,12.0,0.896,True
2026-08-13,SHAILY,RE-ENTRY WINDOW,theme_tailwind,15.0,0.3,True
2026-08-13,SHAILY,RE-ENTRY WINDOW,valuation_sanity,5.0,0.25,True
2026-08-13,TDPOWERSYS,RE-ENTRY WINDOW,catalyst,10.0,0.254,True
2026-08-13,TDPOWERSYS,RE-ENTRY WINDOW,earnings_inflection,20.0,0.944,True
2026-08-13,TDPOWERSYS,RE-ENTRY WINDOW,financial_strength_trend,10.0,0.755,True
2026-08-13,TDPOWERSYS,RE-ENTRY WINDOW,governance,8.0,0.7,True
2026-08-13,TDPOWERSYS,RE-ENTRY WINDOW,rs_and_stage,20.0,0.844,True
2026-08-13,TDPOWERSYS,RE-ENTRY WINDOW,smart_money,12.0,0.521,True
2026-08-13,TDPOWERSYS,RE-ENTRY WINDOW,theme_tailwind,15.0,0.635,True
2026-08-13,TDPOWERSYS,RE-ENTRY WINDOW,valuation_sanity,5.0,0.25,True
2026-08-13,THELEELA,BUY CANDIDATE,catalyst,10.0,0.808,True
2026-08-13,THELEELA,BUY CANDIDATE,earnings_inflection,20.0,1.0,True
2026-08-13,THELEELA,BUY CANDIDATE,financial_strength_trend,10.0,0.825,True
2026-08-13,THELEELA,BUY CANDIDATE,governance,8.0,0.05,True
2026-08-13,THELEELA,BUY CANDIDATE,rs_and_stage,20.0,0.726,True
2026-08-13,THELEELA,BUY CANDIDATE,smart_money,12.0,0.499,True
2026-08-13,THELEELA,BUY CANDIDATE,theme_tailwind,15.0,0.3,True
2026-08-13,THELEELA,BUY CANDIDATE,valuation_sanity,5.0,0.95,True
2026-08-13,THYROCARE,RE-ENTRY WINDOW,catalyst,10.0,0.349,True
2026-08-13,THYROCARE,RE-ENTRY WINDOW,earnings_inflection,20.0,0.868,True
2026-08-13,THYROCARE,RE-ENTRY WINDOW,financial_strength_trend,10.0,0.536,True
2026-08-13,THYROCARE,RE-ENTRY WINDOW,governance,8.0,0.0,True
2026-08-13,THYROCARE,RE-ENTRY WINDOW,rs_and_stage,20.0,0.796,True
2026-08-13,THYROCARE,RE-ENTRY WINDOW,smart_money,12.0,0.843,True
2026-08-13,THYROCARE,RE-ENTRY WINDOW,theme_tailwind,15.0,0.689,True
2026-08-13,THYROCARE,RE-ENTRY WINDOW,valuation_sanity,5.0,0.7,True
2026-08-13,UJJIVANSFB,RE-ENTRY WINDOW,catalyst,10.0,0.397,True
2026-08-13,UJJIVANSFB,RE-ENTRY WINDOW,earnings_inflection,20.0,0.887,True
2026-08-13,UJJIVANSFB,RE-ENTRY WINDOW,financial_strength_trend,10.0,0.9,True
2026-08-13,UJJIVANSFB,RE-ENTRY WINDOW,governance,8.0,0.7,True
2026-08-13,UJJIVANSFB,RE-ENTRY WINDOW,rs_and_stage,20.0,0.772,True
2026-08-13,UJJIVANSFB,RE-ENTRY WINDOW,smart_money,12.0,0.665,True
2026-08-13,UJJIVANSFB,RE-ENTRY WINDOW,theme_tailwind,15.0,0.3,True
2026-08-13,UJJIVANSFB,RE-ENTRY WINDOW,valuation_sanity,5.0,0.55,True
2026-08-13,VIYASH,BUY CANDIDATE,catalyst,10.0,0.749,True
2026-08-13,VIYASH,BUY CANDIDATE,earnings_inflection,20.0,1.0,True
2026-08-13,VIYASH,BUY CANDIDATE,financial_strength_trend,10.0,0.655,True
2026-08-13,VIYASH,BUY CANDIDATE,governance,8.0,0.7,True
2026-08-13,VIYASH,BUY CANDIDATE,rs_and_stage,20.0,0.787,True
2026-08-13,VIYASH,BUY CANDIDATE,smart_money,12.0,0.198,True
2026-08-13,VIYASH,BUY CANDIDATE,theme_tailwind,15.0,0.3,True
2026-08-13,VIYASH,BUY CANDIDATE,valuation_sanity,5.0,0.95,True
2026-08-14,AARTIIND,RE-ENTRY WINDOW,catalyst,10.0,0.81,True
2026-08-14,AARTIIND,RE-ENTRY WINDOW,earnings_inflection,20.0,0.925,True
2026-08-14,AARTIIND,RE-ENTRY WINDOW,financial_strength_trend,10.0,0.399,True
2026-08-14,AARTIIND,RE-ENTRY WINDOW,governance,8.0,0.7,True
2026-08-14,AARTIIND,RE-ENTRY WINDOW,rs_and_stage,20.0,0.756,True
2026-08-14,AARTIIND,RE-ENTRY WINDOW,smart_money,12.0,0.835,True
2026-08-14,AARTIIND,RE-ENTRY WINDOW,theme_tailwind,15.0,0.567,True
2026-08-14,AARTIIND,RE-ENTRY WINDOW,valuation_sanity,5.0,0.55,True
2026-08-14,AKUMS,RE-ENTRY WINDOW,catalyst,10.0,0.409,True
2026-08-14,AKUMS,RE-ENTRY WINDOW,earnings_inflection,20.0,0.423,True
2026-08-14,AKUMS,RE-ENTRY WINDOW,financial_strength_trend,10.0,0.947,True
2026-08-14,AKUMS,RE-ENTRY WINDOW,governance,8.0,0.7,True
2026-08-14,AKUMS,RE-ENTRY WINDOW,rs_and_stage,20.0,0.808,True
2026-08-14,AKUMS,RE-ENTRY WINDOW,smart_money,12.0,0.66,True
2026-08-14,AKUMS,RE-ENTRY WINDOW,theme_tailwind,15.0,0.3,True
2026-08-14,AKUMS,RE-ENTRY WINDOW,valuation_sanity,5.0,0.7,True
2026-08-14,AVL,BUY CANDIDATE,catalyst,10.0,0.206,True
2026-08-14,AVL,BUY CANDIDATE,earnings_inflection,20.0,0.88,True
2026-08-14,AVL,BUY CANDIDATE,financial_strength_trend,10.0,0.539,True
2026-08-14,AVL,BUY CANDIDATE,governance,8.0,0.7,True
2026-08-14,AVL,BUY CANDIDATE,rs_and_stage,20.0,0.936,True
2026-08-14,AVL,BUY CANDIDATE,smart_money,12.0,0.55,True
2026-08-14,AVL,BUY CANDIDATE,theme_tailwind,15.0,0.3,True
2026-08-14,AVL,BUY CANDIDATE,valuation_sanity,5.0,0.45,True
2026-08-14,ELGIEQUIP,BUY CANDIDATE,catalyst,10.0,0.6,True
2026-08-14,ELGIEQUIP,BUY CANDIDATE,earnings_inflection,20.0,0.826,True
2026-08-14,ELGIEQUIP,BUY CANDIDATE,financial_strength_trend,10.0,0.696,True
2026-08-14,ELGIEQUIP,BUY CANDIDATE,governance,8.0,0.7,True
2026-08-14,ELGIEQUIP,BUY CANDIDATE,rs_and_stage,20.0,0.726,True
2026-08-14,ELGIEQUIP,BUY CANDIDATE,smart_money,12.0,0.55,True
2026-08-14,ELGIEQUIP,BUY CANDIDATE,theme_tailwind,15.0,0.434,True
2026-08-14,ELGIEQUIP,BUY CANDIDATE,valuation_sanity,5.0,0.45,True
2026-08-14,ENTERO,RE-ENTRY WINDOW,catalyst,10.0,0.297,True
2026-08-14,ENTERO,RE-ENTRY WINDOW,earnings_inflection,20.0,0.745,True
2026-08-14,ENTERO,RE-ENTRY WINDOW,financial_strength_trend,10.0,0.793,True
2026-08-14,ENTERO,RE-ENTRY WINDOW,governance,8.0,0.7,True
2026-08-14,ENTERO,RE-ENTRY WINDOW,rs_and_stage,20.0,0.73,True
2026-08-14,ENTERO,RE-ENTRY WINDOW,smart_money,12.0,0.55,True
2026-08-14,ENTERO,RE-ENTRY WINDOW,theme_tailwind,15.0,0.3,True
2026-08-14,ENTERO,RE-ENTRY WINDOW,valuation_sanity,5.0,0.95,True
2026-08-14,FINCABLES,RE-ENTRY WINDOW,catalyst,10.0,0.25,True
2026-08-14,FINCABLES,RE-ENTRY WINDOW,earnings_inflection,20.0,0.434,True
2026-08-14,FINCABLES,RE-ENTRY WINDOW,financial_strength_trend,10.0,0.76,True
2026-08-14,FINCABLES,RE-ENTRY WINDOW,governance,8.0,0.7,True
2026-08-14,FINCABLES,RE-ENTRY WINDOW,rs_and_stage,20.0,0.809,True
2026-08-14,FINCABLES,RE-ENTRY WINDOW,smart_money,12.0,0.538,True
2026-08-14,FINCABLES,RE-ENTRY WINDOW,theme_tailwind,15.0,0.651,True
2026-08-14,FINCABLES,RE-ENTRY WINDOW,valuation_sanity,5.0,0.7,True
2026-08-14,LALPATHLAB,RE-ENTRY WINDOW,catalyst,10.0,0.189,True
2026-08-14,LALPATHLAB,RE-ENTRY WINDOW,earnings_inflection,20.0,0.433,True
2026-08-14,LALPATHLAB,RE-ENTRY WINDOW,financial_strength_trend,10.0,0.879,True
2026-08-14,LALPATHLAB,RE-ENTRY WINDOW,governance,8.0,0.7,True
2026-08-14,LALPATHLAB,RE-ENTRY WINDOW,rs_and_stage,20.0,0.916,True
2026-08-14,LALPATHLAB,RE-ENTRY WINDOW,smart_money,12.0,0.55,True
2026-08-14,LALPATHLAB,RE-ENTRY WINDOW,theme_tailwind,15.0,0.668,True
2026-08-14,LALPATHLAB,RE-ENTRY WINDOW,valuation_sanity,5.0,0.7,True
2026-08-14,NAZARA,RE-ENTRY WINDOW,catalyst,10.0,0.712,True
2026-08-14,NAZARA,RE-ENTRY WINDOW,earnings_inflection,20.0,0.049,True
2026-08-14,NAZARA,RE-ENTRY WINDOW,financial_strength_trend,10.0,0.544,True
2026-08-14,NAZARA,RE-ENTRY WINDOW,governance,8.0,0.05,True
2026-08-14,NAZARA,RE-ENTRY WINDOW,rs_and_stage,20.0,0.741,True
2026-08-14,NAZARA,RE-ENTRY WINDOW,smart_money,12.0,0.544,True
2026-08-14,NAZARA,RE-ENTRY WINDOW,theme_tailwind,15.0,0.3,True
2026-08-14,NAZARA,RE-ENTRY WINDOW,valuation_sanity,5.0,0.35,True
2026-08-14,RATEGAIN,BUY CANDIDATE,catalyst,10.0,0.322,True
2026-08-14,RATEGAIN,BUY CANDIDATE,earnings_inflection,20.0,0.71,True
2026-08-14,RATEGAIN,BUY CANDIDATE,financial_strength_trend,10.0,0.495,True
2026-08-14,RATEGAIN,BUY CANDIDATE,governance,8.0,0.7,True
2026-08-14,RATEGAIN,BUY CANDIDATE,rs_and_stage,20.0,0.833,True
2026-08-14,RATEGAIN,BUY CANDIDATE,smart_money,12.0,0.469,True
2026-08-14,RATEGAIN,BUY CANDIDATE,theme_tailwind,15.0,0.3,True
2026-08-14,RATEGAIN,BUY CANDIDATE,valuation_sanity,5.0,0.95,True
2026-08-14,SHYAMMETL,BUY CANDIDATE,catalyst,10.0,0.624,True
2026-08-14,SHYAMMETL,BUY CANDIDATE,earnings_inflection,20.0,0.788,True
2026-08-14,SHYAMMETL,BUY CANDIDATE,financial_strength_trend,10.0,0.736,True
2026-08-14,SHYAMMETL,BUY CANDIDATE,governance,8.0,0.7,True
2026-08-14,SHYAMMETL,BUY CANDIDATE,rs_and_stage,20.0,0.683,True
2026-08-14,SHYAMMETL,BUY CANDIDATE,smart_money,12.0,0.647,True
2026-08-14,SHYAMMETL,BUY CANDIDATE,theme_tailwind,15.0,0.3,True
2026-08-14,SHYAMMETL,BUY CANDIDATE,valuation_sanity,5.0,0.45,True
2026-08-14,WELSPUNLIV,BUY CANDIDATE,catalyst,10.0,0.473,True
2026-08-14,WELSPUNLIV,BUY CANDIDATE,earnings_inflection,20.0,0.44,True
2026-08-14,WELSPUNLIV,BUY CANDIDATE,financial_strength_trend,10.0,0.635,True
2026-08-14,WELSPUNLIV,BUY CANDIDATE,governance,8.0,0.7,True
2026-08-14,WELSPUNLIV,BUY CANDIDATE,rs_and_stage,20.0,0.746,True
2026-08-14,WELSPUNLIV,BUY CANDIDATE,smart_money,12.0,0.791,True
2026-08-14,WELSPUNLIV,BUY CANDIDATE,theme_tailwind,15.0,0.493,True
2026-08-14,WELSPUNLIV,BUY CANDIDATE,valuation_sanity,5.0,0.45,True
2026-08-14,WOCKPHARMA,BUY CANDIDATE,catalyst,10.0,0.69,True
2026-08-14,WOCKPHARMA,BUY CANDIDATE,earnings_inflection,20.0,1.0,True
2026-08-14,WOCKPHARMA,BUY CANDIDATE,financial_strength_trend,10.0,0.64,True
2026-08-14,WOCKPHARMA,BUY CANDIDATE,governance,8.0,0.7,True
2026-08-14,WOCKPHARMA,BUY CANDIDATE,rs_and_stage,20.0,0.776,True
2026-08-14,WOCKPHARMA,BUY CANDIDATE,smart_money,12.0,0.364,True
2026-08-14,WOCKPHARMA,BUY CANDIDATE,theme_tailwind,15.0,0.3,True
2026-08-14,WOCKPHARMA,BUY CANDIDATE,valuation_sanity,5.0,0.5,True
2026-08-17,AETHER,RE-ENTRY WINDOW,catalyst,10.0,0.389,True
2026-08-17,AETHER,RE-ENTRY WINDOW,earnings_inflection,20.0,0.868,True
2026-08-17,AETHER,RE-ENTRY WINDOW,financial_strength_trend,10.0,0.569,True
2026-08-17,AETHER,RE-ENTRY WINDOW,governance,8.0,0.7,True
2026-08-17,AETHER,RE-ENTRY WINDOW,rs_and_stage,20.0,0.835,True
2026-08-17,AETHER,RE-ENTRY WINDOW,smart_money,12.0,0.471,True
2026-08-17,AETHER,RE-ENTRY WINDOW,theme_tailwind,15.0,0.3,True
2026-08-17,AETHER,RE-ENTRY WINDOW,valuation_sanity,5.0,0.25,True
2026-08-17,IMFA,BUY CANDIDATE,catalyst,10.0,0.177,True
2026-08-17,IMFA,BUY CANDIDATE,earnings_inflection,20.0,0.963,True
2026-08-17,IMFA,BUY CANDIDATE,financial_strength_trend,10.0,0.527,True
2026-08-17,IMFA,BUY CANDIDATE,governance,8.0,0.7,True
2026-08-17,IMFA,BUY CANDIDATE,rs_and_stage,20.0,0.787,True
2026-08-17,IMFA,BUY CANDIDATE,smart_money,12.0,0.547,True
2026-08-17,IMFA,BUY CANDIDATE,theme_tailwind,15.0,0.3,True
2026-08-17,IMFA,BUY CANDIDATE,valuation_sanity,5.0,0.95,True
2026-08-17,MIDHANI,BUY CANDIDATE,catalyst,10.0,0.868,True
2026-08-17,MIDHANI,BUY CANDIDATE,earnings_inflection,20.0,0.627,True
2026-08-17,MIDHANI,BUY CANDIDATE,financial_strength_trend,10.0,0.688,True
2026-08-17,MIDHANI,BUY CANDIDATE,governance,8.0,0.7,True
2026-08-17,MIDHANI,BUY CANDIDATE,rs_and_stage,20.0,0.698,True
2026-08-17,MIDHANI,BUY CANDIDATE,smart_money,12.0,0.465,True
2026-08-17,MIDHANI,BUY CANDIDATE,theme_tailwind,15.0,0.77,True
2026-08-17,MIDHANI,BUY CANDIDATE,valuation_sanity,5.0,0.55,True
2026-08-17,MSTCLTD,BUY CANDIDATE,catalyst,10.0,0.196,True
2026-08-17,MSTCLTD,BUY CANDIDATE,earnings_inflection,20.0,0.58,True
2026-08-17,MSTCLTD,BUY CANDIDATE,financial_strength_trend,10.0,0.577,True
2026-08-17,MSTCLTD,BUY CANDIDATE,governance,8.0,0.7,True
2026-08-17,MSTCLTD,BUY CANDIDATE,rs_and_stage,20.0,0.929,True
2026-08-17,MSTCLTD,BUY CANDIDATE,smart_money,12.0,0.577,True
2026-08-17,MSTCLTD,BUY CANDIDATE,theme_tailwind,15.0,0.3,True
2026-08-17,MSTCLTD,BUY CANDIDATE,valuation_sanity,5.0,0.55,True
2026-08-17,PICCADIL,BUY CANDIDATE,catalyst,10.0,0.236,True
2026-08-17,PICCADIL,BUY CANDIDATE,earnings_inflection,20.0,0.658,True
2026-08-17,PICCADIL,BUY CANDIDATE,financial_strength_trend,10.0,0.463,True
2026-08-17,PICCADIL,BUY CANDIDATE,governance,8.0,0.7,True
2026-08-17,PICCADIL,BUY CANDIDATE,rs_and_stage,20.0,0.693,True
2026-08-17,PICCADIL,BUY CANDIDATE,smart_money,12.0,0.481,True
2026-08-17,PICCADIL,BUY CANDIDATE,theme_tailwind,15.0,0.3,True
2026-08-17,PICCADIL,BUY CANDIDATE,valuation_sanity,5.0,0.95,True
2026-08-17,SAIL,BUY CANDIDATE,catalyst,10.0,0.504,True
2026-08-17,SAIL,BUY CANDIDATE,earnings_inflection,20.0,0.963,True
2026-08-17,SAIL,BUY CANDIDATE,financial_strength_trend,10.0,0.619,True
2026-08-17,SAIL,BUY CANDIDATE,governance,8.0,0.7,True
2026-08-17,SAIL,BUY CANDIDATE,rs_and_stage,20.0,0.741,True
2026-08-17,SAIL,BUY CANDIDATE,smart_money,12.0,0.553,True
2026-08-17,SAIL,BUY CANDIDATE,theme_tailwind,15.0,0.3,True
2026-08-17,SAIL,BUY CANDIDATE,valuation_sanity,5.0,0.95,True
2026-08-17,SAILIFE,RE-ENTRY WINDOW,catalyst,10.0,0.224,True
2026-08-17,SAILIFE,RE-ENTRY WINDOW,earnings_inflection,20.0,0.668,True
2026-08-17,SAILIFE,RE-ENTRY WINDOW,financial_strength_trend,10.0,0.928,True
2026-08-17,SAILIFE,RE-ENTRY WINDOW,governance,8.0,0.7,True
2026-08-17,SAILIFE,RE-ENTRY WINDOW,rs_and_stage,20.0,0.82,True
2026-08-17,SAILIFE,RE-ENTRY WINDOW,smart_money,12.0,0.544,True
2026-08-17,SAILIFE,RE-ENTRY WINDOW,theme_tailwind,15.0,0.3,True
2026-08-17,SAILIFE,RE-ENTRY WINDOW,valuation_sanity,5.0,0.25,True
2026-08-17,USHAMART,BUY CANDIDATE,catalyst,10.0,0.275,True
2026-08-17,USHAMART,BUY CANDIDATE,earnings_inflection,20.0,0.881,True
2026-08-17,USHAMART,BUY CANDIDATE,financial_strength_trend,10.0,0.941,True
2026-08-17,USHAMART,BUY CANDIDATE,governance,8.0,0.7,True
2026-08-17,USHAMART,BUY CANDIDATE,rs_and_stage,20.0,0.756,True
2026-08-17,USHAMART,BUY CANDIDATE,smart_money,12.0,0.877,True
2026-08-17,USHAMART,BUY CANDIDATE,theme_tailwind,15.0,0.3,True
2026-08-17,USHAMART,BUY CANDIDATE,valuation_sanity,5.0,0.45,True
2026-08-18,ACMESOLAR,BUY CANDIDATE,catalyst,10.0,0.423,True
2026-08-18,ACMESOLAR,BUY CANDIDATE,earnings_inflection,20.0,0.784,True
2026-08-18,ACMESOLAR,BUY CANDIDATE,financial_strength_trend,10.0,0.22,True
2026-08-18,ACMESOLAR,BUY CANDIDATE,governance,8.0,0.4,True
2026-08-18,ACMESOLAR,BUY CANDIDATE,rs_and_stage,20.0,0.811,True
2026-08-18,ACMESOLAR,BUY CANDIDATE,smart_money,12.0,0.626,True
2026-08-18,ACMESOLAR,BUY CANDIDATE,theme_tailwind,15.0,0.376,True
2026-08-18,ACMESOLAR,BUY CANDIDATE,valuation_sanity,5.0,0.95,True
2026-08-18,ACUTAAS,BUY CANDIDATE,catalyst,10.0,0.32,True
2026-08-18,ACUTAAS,BUY CANDIDATE,earnings_inflection,20.0,0.941,True
2026-08-18,ACUTAAS,BUY CANDIDATE,financial_strength_trend,10.0,0.615,True
2026-08-18,ACUTAAS,BUY CANDIDATE,governance,8.0,0.7,True
2026-08-18,ACUTAAS,BUY CANDIDATE,rs_and_stage,20.0,0.992,True
2026-08-18,ACUTAAS,BUY CANDIDATE,smart_money,12.0,0.45,True
2026-08-18,ACUTAAS,BUY CANDIDATE,theme_tailwind,15.0,0.3,True
2026-08-18,ACUTAAS,BUY CANDIDATE,valuation_sanity,5.0,0.25,True
2026-08-18,ASTRAMICRO,BUY CANDIDATE,catalyst,10.0,0.41,True
2026-08-18,ASTRAMICRO,BUY CANDIDATE,earnings_inflection,20.0,0.216,True
2026-08-18,ASTRAMICRO,BUY CANDIDATE,financial_strength_trend,10.0,0.561,True
2026-08-18,ASTRAMICRO,BUY CANDIDATE,governance,8.0,0.7,True
2026-08-18,ASTRAMICRO,BUY CANDIDATE,rs_and_stage,20.0,0.987,True
2026-08-18,ASTRAMICRO,BUY CANDIDATE,smart_money,12.0,0.935,True
2026-08-18,ASTRAMICRO,BUY CANDIDATE,theme_tailwind,15.0,0.901,True
2026-08-18,ASTRAMICRO,BUY CANDIDATE,valuation_sanity,5.0,0.25,True
2026-08-18,ICIL,BUY CANDIDATE,catalyst,10.0,0.15,True
2026-08-18,ICIL,BUY CANDIDATE,earnings_inflection,20.0,0.473,True
2026-08-18,ICIL,BUY CANDIDATE,financial_strength_trend,10.0,0.468,True
2026-08-18,ICIL,BUY CANDIDATE,governance,8.0,0.7,True
2026-08-18,ICIL,BUY CANDIDATE,rs_and_stage,20.0,0.818,True
2026-08-18,ICIL,BUY CANDIDATE,smart_money,12.0,0.556,True
2026-08-18,ICIL,BUY CANDIDATE,theme_tailwind,15.0,0.553,True
2026-08-18,ICIL,BUY CANDIDATE,valuation_sanity,5.0,0.55,True
2026-08-18,IDEA,BUY CANDIDATE,catalyst,10.0,0.636,True
2026-08-18,IDEA,BUY CANDIDATE,earnings_inflection,20.0,0.633,True
2026-08-18,IDEA,BUY CANDIDATE,financial_strength_trend,10.0,0.5,True
2026-08-18,IDEA,BUY CANDIDATE,governance,8.0,0.7,True
2026-08-18,IDEA,BUY CANDIDATE,rs_and_stage,20.0,0.813,True
2026-08-18,IDEA,BUY CANDIDATE,smart_money,12.0,0.624,True
2026-08-18,IDEA,BUY CANDIDATE,theme_tailwind,15.0,0.3,True
2026-08-18,IDEA,BUY CANDIDATE,valuation_sanity,5.0,0.35,True
2026-08-18,JAYNECOIND,BUY CANDIDATE,catalyst,10.0,0.15,True
2026-08-18,JAYNECOIND,BUY CANDIDATE,earnings_inflection,20.0,,False
2026-08-18,JAYNECOIND,BUY CANDIDATE,financial_strength_trend,10.0,0.16,True
2026-08-18,JAYNECOIND,BUY CANDIDATE,governance,8.0,0.05,True
2026-08-18,JAYNECOIND,BUY CANDIDATE,rs_and_stage,20.0,0.782,True
2026-08-18,JAYNECOIND,BUY CANDIDATE,smart_money,12.0,0.55,True
2026-08-18,JAYNECOIND,BUY CANDIDATE,theme_tailwind,15.0,0.3,True
2026-08-18,JAYNECOIND,BUY CANDIDATE,valuation_sanity,5.0,0.35,True
2026-08-18,KEI,RE-ENTRY WINDOW,catalyst,10.0,0.671,True
2026-08-18,KEI,RE-ENTRY WINDOW,earnings_inflection,20.0,0.88,True
2026-08-18,KEI,RE-ENTRY WINDOW,financial_strength_trend,10.0,0.609,True
2026-08-18,KEI,RE-ENTRY WINDOW,governance,8.0,0.7,True
2026-08-18,KEI,RE-ENTRY WINDOW,rs_and_stage,20.0,0.783,True
2026-08-18,KEI,RE-ENTRY WINDOW,smart_money,12.0,0.515,True
2026-08-18,KEI,RE-ENTRY WINDOW,theme_tailwind,15.0,0.658,True
2026-08-18,KEI,RE-ENTRY WINDOW,valuation_sanity,5.0,0.45,True
2026-08-18,KIMS,BUY CANDIDATE,catalyst,10.0,0.219,True
2026-08-18,KIMS,BUY CANDIDATE,earnings_inflection,20.0,0.162,True
2026-08-18,KIMS,BUY CANDIDATE,financial_strength_trend,10.0,0.22,True
2026-08-18,KIMS,BUY CANDIDATE,governance,8.0,0.7,True
2026-08-18,KIMS,BUY CANDIDATE,rs_and_stage,20.0,0.714,True
2026-08-18,KIMS,BUY CANDIDATE,smart_money,12.0,0.623,True
2026-08-18,KIMS,BUY CANDIDATE,theme_tailwind,15.0,0.654,True
2026-08-18,KIMS,BUY CANDIDATE,valuation_sanity,5.0,0.05,True
2026-08-18,LLOYDSENT,BUY CANDIDATE,catalyst,10.0,0.838,True
2026-08-18,LLOYDSENT,BUY CANDIDATE,earnings_inflection,20.0,0.163,True
2026-08-18,LLOYDSENT,BUY CANDIDATE,financial_strength_trend,10.0,0.429,True
2026-08-18,LLOYDSENT,BUY CANDIDATE,governance,8.0,0.7,True
2026-08-18,LLOYDSENT,BUY CANDIDATE,rs_and_stage,20.0,0.747,True
2026-08-18,LLOYDSENT,BUY CANDIDATE,smart_money,12.0,0.504,True
2026-08-18,LLOYDSENT,BUY CANDIDATE,theme_tailwind,15.0,0.3,True
2026-08-18,LLOYDSENT,BUY CANDIDATE,valuation_sanity,5.0,0.05,True
2026-08-18,MANORAMA,RE-ENTRY WINDOW,catalyst,10.0,0.242,True
2026-08-18,MANORAMA,RE-ENTRY WINDOW,earnings_inflection,20.0,0.711,True
2026-08-18,MANORAMA,RE-ENTRY WINDOW,financial_strength_trend,10.0,0.621,True
2026-08-18,MANORAMA,RE-ENTRY WINDOW,governance,8.0,0.7,True
2026-08-18,MANORAMA,RE-ENTRY WINDOW,rs_and_stage,20.0,0.773,True
2026-08-18,MANORAMA,RE-ENTRY WINDOW,smart_money,12.0,0.423,True
2026-08-18,MANORAMA,RE-ENTRY WINDOW,theme_tailwind,15.0,0.3,True
2026-08-18,MANORAMA,RE-ENTRY WINDOW,valuation_sanity,5.0,0.55,True
2026-08-18,PGIL,RE-ENTRY WINDOW,catalyst,10.0,0.574,True
2026-08-18,PGIL,RE-ENTRY WINDOW,earnings_inflection,20.0,0.685,True
2026-08-18,PGIL,RE-ENTRY WINDOW,financial_strength_trend,10.0,0.447,True
2026-08-18,PGIL,RE-ENTRY WINDOW,governance,8.0,0.7,True
2026-08-18,PGIL,RE-ENTRY WINDOW,rs_and_stage,20.0,0.822,True
2026-08-18,PGIL,RE-ENTRY WINDOW,smart_money,12.0,0.818,True
2026-08-18,PGIL,RE-ENTRY WINDOW,theme_tailwind,15.0,0.553,True
2026-08-18,PGIL,RE-ENTRY WINDOW,valuation_sanity,5.0,0.7,True
2026-08-18,SCI,BUY CANDIDATE,catalyst,10.0,0.438,True
2026-08-18,SCI,BUY CANDIDATE,earnings_inflection,20.0,0.912,True
2026-08-18,SCI,BUY CANDIDATE,financial_strength_trend,10.0,0.683,True
2026-08-18,SCI,BUY CANDIDATE,governance,8.0,0.7,True
2026-08-18,SCI,BUY CANDIDATE,rs_and_stage,20.0,0.748,True
2026-08-18,SCI,BUY CANDIDATE,smart_money,12.0,0.575,True
2026-08-18,SCI,BUY CANDIDATE,theme_tailwind,15.0,0.451,True
2026-08-18,SCI,BUY CANDIDATE,valuation_sanity,5.0,0.95,True
2026-08-18,WABAG,BUY CANDIDATE,catalyst,10.0,0.33,True
2026-08-18,WABAG,BUY CANDIDATE,earnings_inflection,20.0,0.698,True
2026-08-18,WABAG,BUY CANDIDATE,financial_strength_trend,10.0,0.736,True
2026-08-18,WABAG,BUY CANDIDATE,governance,8.0,0.7,True
2026-08-18,WABAG,BUY CANDIDATE,rs_and_stage,20.0,0.945,True
2026-08-18,WABAG,BUY CANDIDATE,smart_money,12.0,0.643,True
2026-08-18,WABAG,BUY CANDIDATE,theme_tailwind,15.0,0.348,True
2026-08-18,WABAG,BUY CANDIDATE,valuation_sanity,5.0,0.95,True
2026-08-18,YATHARTH,BUY CANDIDATE,catalyst,10.0,0.279,True
2026-08-18,YATHARTH,BUY CANDIDATE,earnings_inflection,20.0,0.619,True
2026-08-18,YATHARTH,BUY CANDIDATE,financial_strength_trend,10.0,0.66,True
2026-08-18,YATHARTH,BUY CANDIDATE,governance,8.0,0.4,True
2026-08-18,YATHARTH,BUY CANDIDATE,rs_and_stage,20.0,0.751,True
2026-08-18,YATHARTH,BUY CANDIDATE,smart_money,12.0,0.587,True
2026-08-18,YATHARTH,BUY CANDIDATE,theme_tailwind,15.0,0.654,True
2026-08-18,YATHARTH,BUY CANDIDATE,valuation_sanity,5.0,0.7,True
2026-08-19 13:55,ATHERENERG,RE-ENTRY WINDOW,earnings_inflection,20.0,,False
2026-08-19 13:55,ATHERENERG,RE-ENTRY WINDOW,rs_and_stage,20.0,0.847,True
2026-08-19 13:55,ATHERENERG,RE-ENTRY WINDOW,theme_tailwind,15.0,0.3,True
2026-08-19 13:55,ATHERENERG,RE-ENTRY WINDOW,smart_money,12.0,0.572,True
2026-08-19 13:55,ATHERENERG,RE-ENTRY WINDOW,financial_strength_trend,10.0,,False
2026-08-19 13:55,ATHERENERG,RE-ENTRY WINDOW,catalyst,10.0,0.587,True
2026-08-19 13:55,ATHERENERG,RE-ENTRY WINDOW,governance,8.0,0.7,True
2026-08-19 13:55,ATHERENERG,RE-ENTRY WINDOW,valuation_sanity,5.0,0.35,True
2026-08-19 13:55,CAPLIPOINT,BUY CANDIDATE,earnings_inflection,20.0,0.582,True
2026-08-19 13:55,CAPLIPOINT,BUY CANDIDATE,rs_and_stage,20.0,0.787,True
2026-08-19 13:55,CAPLIPOINT,BUY CANDIDATE,theme_tailwind,15.0,0.3,True
2026-08-19 13:55,CAPLIPOINT,BUY CANDIDATE,smart_money,12.0,0.492,True
2026-08-19 13:55,CAPLIPOINT,BUY CANDIDATE,financial_strength_trend,10.0,0.96,True
2026-08-19 13:55,CAPLIPOINT,BUY CANDIDATE,catalyst,10.0,0.196,True
2026-08-19 13:55,CAPLIPOINT,BUY CANDIDATE,governance,8.0,0.7,True
2026-08-19 13:55,CAPLIPOINT,BUY CANDIDATE,valuation_sanity,5.0,0.7,True
2026-08-19 13:55,ANTHEM,RE-ENTRY WINDOW,earnings_inflection,20.0,0.241,True
2026-08-19 13:55,ANTHEM,RE-ENTRY WINDOW,rs_and_stage,20.0,0.75,True
2026-08-19 13:55,ANTHEM,RE-ENTRY WINDOW,theme_tailwind,15.0,0.3,True
2026-08-19 13:55,ANTHEM,RE-ENTRY WINDOW,smart_money,12.0,0.875,True
2026-08-19 13:55,ANTHEM,RE-ENTRY WINDOW,financial_strength_trend,10.0,0.955,True
2026-08-19 13:55,ANTHEM,RE-ENTRY WINDOW,catalyst,10.0,0.15,True
2026-08-19 13:55,ANTHEM,RE-ENTRY WINDOW,governance,8.0,0.4,True
2026-08-19 13:55,ANTHEM,RE-ENTRY WINDOW,valuation_sanity,5.0,0.25,True
2026-08-19 13:55,MEDANTA,BUY CANDIDATE,earnings_inflection,20.0,0.272,True
2026-08-19 13:55,MEDANTA,BUY CANDIDATE,rs_and_stage,20.0,0.713,True
2026-08-19 13:55,MEDANTA,BUY CANDIDATE,theme_tailwind,15.0,0.7,True
2026-08-19 13:55,MEDANTA,BUY CANDIDATE,smart_money,12.0,0.594,True
2026-08-19 13:55,MEDANTA,BUY CANDIDATE,financial_strength_trend,10.0,0.68,True
2026-08-19 13:55,MEDANTA,BUY CANDIDATE,catalyst,10.0,0.435,True
2026-08-19 13:55,MEDANTA,BUY CANDIDATE,governance,8.0,0.7,True
2026-08-19 13:55,MEDANTA,BUY CANDIDATE,valuation_sanity,5.0,0.25,True
2026-08-19 13:55,SAIL,BUY CANDIDATE,earnings_inflection,20.0,0.963,True
2026-08-19 13:55,SAIL,BUY CANDIDATE,rs_and_stage,20.0,0.739,True
2026-08-19 13:55,SAIL,BUY CANDIDATE,theme_tailwind,15.0,0.3,True
2026-08-19 13:55,SAIL,BUY CANDIDATE,smart_money,12.0,0.553,True
2026-08-19 13:55,SAIL,BUY CANDIDATE,financial_strength_trend,10.0,0.619,True
2026-08-19 13:55,SAIL,BUY CANDIDATE,catalyst,10.0,0.605,True
2026-08-19 13:55,SAIL,BUY CANDIDATE,governance,8.0,0.7,True
2026-08-19 13:55,SAIL,BUY CANDIDATE,valuation_sanity,5.0,0.95,True
2026-08-19 13:55,ALIVUS,RE-ENTRY WINDOW,earnings_inflection,20.0,,False
2026-08-19 13:55,ALIVUS,RE-ENTRY WINDOW,rs_and_stage,20.0,0.805,True
2026-08-19 13:55,ALIVUS,RE-ENTRY WINDOW,theme_tailwind,15.0,0.3,True
2026-08-19 13:55,ALIVUS,RE-ENTRY WINDOW,smart_money,12.0,0.546,True
2026-08-19 13:55,ALIVUS,RE-ENTRY WINDOW,financial_strength_trend,10.0,,False
2026-08-19 13:55,ALIVUS,RE-ENTRY WINDOW,catalyst,10.0,0.63,True
2026-08-19 13:55,ALIVUS,RE-ENTRY WINDOW,governance,8.0,0.7,True
2026-08-19 13:55,ALIVUS,RE-ENTRY WINDOW,valuation_sanity,5.0,0.55,True
2026-08-19 13:55,EDELWEISS,BUY CANDIDATE,earnings_inflection,20.0,0.598,True
2026-08-19 13:55,EDELWEISS,BUY CANDIDATE,rs_and_stage,20.0,0.686,True
2026-08-19 13:55,EDELWEISS,BUY CANDIDATE,theme_tailwind,15.0,0.3,True
2026-08-19 13:55,EDELWEISS,BUY CANDIDATE,smart_money,12.0,0.661,True
2026-08-19 13:55,EDELWEISS,BUY CANDIDATE,financial_strength_trend,10.0,0.317,True
2026-08-19 13:55,EDELWEISS,BUY CANDIDATE,catalyst,10.0,0.149,True
2026-08-19 13:55,EDELWEISS,BUY CANDIDATE,governance,8.0,0.7,True
2026-08-19 13:55,EDELWEISS,BUY CANDIDATE,valuation_sanity,5.0,0.95,True
2026-08-19 13:55,JSFB,BUY CANDIDATE,earnings_inflection,20.0,0.454,True
2026-08-19 13:55,JSFB,BUY CANDIDATE,rs_and_stage,20.0,0.782,True
2026-08-19 13:55,JSFB,BUY CANDIDATE,theme_tailwind,15.0,0.3,True
2026-08-19 13:55,JSFB,BUY CANDIDATE,smart_money,12.0,0.816,True
2026-08-19 13:55,JSFB,BUY CANDIDATE,financial_strength_trend,10.0,0.706,True
2026-08-19 13:55,JSFB,BUY CANDIDATE,catalyst,10.0,0.107,True
2026-08-19 13:55,JSFB,BUY CANDIDATE,governance,8.0,0.4,True
2026-08-19 13:55,JSFB,BUY CANDIDATE,valuation_sanity,5.0,0.7,True
2026-08-19 13:55,SANSERA,RE-ENTRY WINDOW,earnings_inflection,20.0,0.876,True
2026-08-19 13:55,SANSERA,RE-ENTRY WINDOW,rs_and_stage,20.0,0.843,True
2026-08-19 13:55,SANSERA,RE-ENTRY WINDOW,theme_tailwind,15.0,0.3,True
2026-08-19 13:55,SANSERA,RE-ENTRY WINDOW,smart_money,12.0,0.406,True
2026-08-19 13:55,SANSERA,RE-ENTRY WINDOW,financial_strength_trend,10.0,0.909,True
2026-08-19 13:55,SANSERA,RE-ENTRY WINDOW,catalyst,10.0,0.743,True
2026-08-19 13:55,SANSERA,RE-ENTRY WINDOW,governance,8.0,0.7,True
2026-08-19 13:55,SANSERA,RE-ENTRY WINDOW,valuation_sanity,5.0,0.25,True
2026-08-19 13:55,UJJIVANSFB,RE-ENTRY WINDOW,earnings_inflection,20.0,0.887,True
2026-08-19 13:55,UJJIVANSFB,RE-ENTRY WINDOW,rs_and_stage,20.0,0.776,True
2026-08-19 13:55,UJJIVANSFB,RE-ENTRY WINDOW,theme_tailwind,15.0,0.3,True
2026-08-19 13:55,UJJIVANSFB,RE-ENTRY WINDOW,smart_money,12.0,0.665,True
2026-08-19 13:55,UJJIVANSFB,RE-ENTRY WINDOW,financial_strength_trend,10.0,0.9,True
2026-08-19 13:55,UJJIVANSFB,RE-ENTRY WINDOW,catalyst,10.0,0.33,True
2026-08-19 13:55,UJJIVANSFB,RE-ENTRY WINDOW,governance,8.0,0.7,True
2026-08-19 13:55,UJJIVANSFB,RE-ENTRY WINDOW,valuation_sanity,5.0,0.55,True
2026-08-19 13:55,VIYASH,BUY CANDIDATE,earnings_inflection,20.0,1.0,True
2026-08-19 13:55,VIYASH,BUY CANDIDATE,rs_and_stage,20.0,0.785,True
2026-08-19 13:55,VIYASH,BUY CANDIDATE,theme_tailwind,15.0,0.3,True
2026-08-19 13:55,VIYASH,BUY CANDIDATE,smart_money,12.0,0.198,True
2026-08-19 13:55,VIYASH,BUY CANDIDATE,financial_strength_trend,10.0,0.655,True
2026-08-19 13:55,VIYASH,BUY CANDIDATE,catalyst,10.0,0.535,True
2026-08-19 13:55,VIYASH,BUY CANDIDATE,governance,8.0,0.7,True
2026-08-19 13:55,VIYASH,BUY CANDIDATE,valuation_sanity,5.0,0.95,True
2026-08-19 13:55,GOKULAGRO,BUY TRIGGER,earnings_inflection,20.0,0.942,True
2026-08-19 13:55,GOKULAGRO,BUY TRIGGER,rs_and_stage,20.0,0.959,True
2026-08-19 13:55,GOKULAGRO,BUY TRIGGER,theme_tailwind,15.0,0.3,True
2026-08-19 13:55,GOKULAGRO,BUY TRIGGER,smart_money,12.0,0.508,True
2026-08-19 13:55,GOKULAGRO,BUY TRIGGER,financial_strength_trend,10.0,0.651,True
2026-08-19 13:55,GOKULAGRO,BUY TRIGGER,catalyst,10.0,0.252,True
2026-08-19 13:55,GOKULAGRO,BUY TRIGGER,governance,8.0,0.7,True
2026-08-19 13:55,GOKULAGRO,BUY TRIGGER,valuation_sanity,5.0,0.95,True
2026-08-20 13:58,ANANDRATHI,RE-ENTRY WINDOW,earnings_inflection,20.0,0.947,True
2026-08-20 13:58,ANANDRATHI,RE-ENTRY WINDOW,rs_and_stage,20.0,0.806,True
2026-08-20 13:58,ANANDRATHI,RE-ENTRY WINDOW,theme_tailwind,15.0,0.609,True
2026-08-20 13:58,ANANDRATHI,RE-ENTRY WINDOW,smart_money,12.0,0.738,True
2026-08-20 13:58,ANANDRATHI,RE-ENTRY WINDOW,financial_strength_trend,10.0,0.5,True
2026-08-20 13:58,ANANDRATHI,RE-ENTRY WINDOW,catalyst,10.0,0.299,True
2026-08-20 13:58,ANANDRATHI,RE-ENTRY WINDOW,governance,8.0,0.7,True
2026-08-20 13:58,ANANDRATHI,RE-ENTRY WINDOW,valuation_sanity,5.0,0.25,True
2026-08-20 13:58,CARBORUNIV,BUY CANDIDATE,earnings_inflection,20.0,0.379,True
2026-08-20 13:58,CARBORUNIV,BUY CANDIDATE,rs_and_stage,20.0,0.78,True
2026-08-20 13:58,CARBORUNIV,BUY CANDIDATE,theme_tailwind,15.0,0.3,True
2026-08-20 13:58,CARBORUNIV,BUY CANDIDATE,smart_money,12.0,0.466,True
2026-08-20 13:58,CARBORUNIV,BUY CANDIDATE,financial_strength_trend,10.0,0.731,True
2026-08-20 13:58,CARBORUNIV,BUY CANDIDATE,catalyst,10.0,0.311,True
2026-08-20 13:58,CARBORUNIV,BUY CANDIDATE,governance,8.0,0.7,True
2026-08-20 13:58,CARBORUNIV,BUY CANDIDATE,valuation_sanity,5.0,0.25,True
2026-08-20 13:58,FINCABLES,RE-ENTRY WINDOW,earnings_inflection,20.0,0.899,True
2026-08-20 13:58,FINCABLES,RE-ENTRY WINDOW,rs_and_stage,20.0,0.812,True
2026-08-20 13:58,FINCABLES,RE-ENTRY WINDOW,theme_tailwind,15.0,0.698,True
2026-08-20 13:58,FINCABLES,RE-ENTRY WINDOW,smart_money,12.0,0.538,True
2026-08-20 13:58,FINCABLES,RE-ENTRY WINDOW,financial_strength_trend,10.0,0.76,True
2026-08-20 13:58,FINCABLES,RE-ENTRY WINDOW,catalyst,10.0,0.255,True
2026-08-20 13:58,FINCABLES,RE-ENTRY WINDOW,governance,8.0,0.7,True
2026-08-20 13:58,FINCABLES,RE-ENTRY WINDOW,valuation_sanity,5.0,0.7,True
2026-08-20 13:58,GLAND,RE-ENTRY WINDOW,earnings_inflection,20.0,0.895,True
2026-08-20 13:58,GLAND,RE-ENTRY WINDOW,rs_and_stage,20.0,0.809,True
2026-08-20 13:58,GLAND,RE-ENTRY WINDOW,theme_tailwind,15.0,0.3,True
2026-08-20 13:58,GLAND,RE-ENTRY WINDOW,smart_money,12.0,0.407,True
2026-08-20 13:58,GLAND,RE-ENTRY WINDOW,financial_strength_trend,10.0,0.612,True
2026-08-20 13:58,GLAND,RE-ENTRY WINDOW,catalyst,10.0,0.626,True
2026-08-20 13:58,GLAND,RE-ENTRY WINDOW,governance,8.0,0.7,True
2026-08-20 13:58,GLAND,RE-ENTRY WINDOW,valuation_sanity,5.0,0.45,True
2026-08-20 13:58,SHYAMMETL,BUY CANDIDATE,earnings_inflection,20.0,0.788,True
2026-08-20 13:58,SHYAMMETL,BUY CANDIDATE,rs_and_stage,20.0,0.68,True
2026-08-20 13:58,SHYAMMETL,BUY CANDIDATE,theme_tailwind,15.0,0.3,True
2026-08-20 13:58,SHYAMMETL,BUY CANDIDATE,smart_money,12.0,0.647,True
2026-08-20 13:58,SHYAMMETL,BUY CANDIDATE,financial_strength_trend,10.0,0.736,True
2026-08-20 13:58,SHYAMMETL,BUY CANDIDATE,catalyst,10.0,0.465,True
2026-08-20 13:58,SHYAMMETL,BUY CANDIDATE,governance,8.0,0.7,True
2026-08-20 13:58,SHYAMMETL,BUY CANDIDATE,valuation_sanity,5.0,0.45,True
2026-08-20 13:58,ABCAPITAL,BUY CANDIDATE,earnings_inflection,20.0,0.694,True
2026-08-20 13:58,ABCAPITAL,BUY CANDIDATE,rs_and_stage,20.0,0.772,True
2026-08-20 13:58,ABCAPITAL,BUY CANDIDATE,theme_tailwind,15.0,0.3,True
2026-08-20 13:58,ABCAPITAL,BUY CANDIDATE,smart_money,12.0,0.728,True
2026-08-20 13:58,ABCAPITAL,BUY CANDIDATE,financial_strength_trend,10.0,0.754,True
2026-08-20 13:58,ABCAPITAL,BUY CANDIDATE,catalyst,10.0,0.0,True
2026-08-20 13:58,ABCAPITAL,BUY CANDIDATE,governance,8.0,0.7,True
2026-08-20 13:58,ABCAPITAL,BUY CANDIDATE,valuation_sanity,5.0,0.55,True
2026-08-20 13:58,AJANTPHARM,RE-ENTRY WINDOW,earnings_inflection,20.0,0.634,True
2026-08-20 13:58,AJANTPHARM,RE-ENTRY WINDOW,rs_and_stage,20.0,0.766,True
2026-08-20 13:58,AJANTPHARM,RE-ENTRY WINDOW,theme_tailwind,15.0,0.3,True
2026-08-20 13:58,AJANTPHARM,RE-ENTRY WINDOW,smart_money,12.0,0.64,True
2026-08-20 13:58,AJANTPHARM,RE-ENTRY WINDOW,financial_strength_trend,10.0,0.604,True
2026-08-20 13:58,AJANTPHARM,RE-ENTRY WINDOW,catalyst,10.0,0.0,True
2026-08-20 13:58,AJANTPHARM,RE-ENTRY WINDOW,governance,8.0,0.4,True
2026-08-20 13:58,AJANTPHARM,RE-ENTRY WINDOW,valuation_sanity,5.0,0.7,True
2026-08-20 13:58,GLENMARK,BUY CANDIDATE,earnings_inflection,20.0,1.0,True
2026-08-20 13:58,GLENMARK,BUY CANDIDATE,rs_and_stage,20.0,0.711,True
2026-08-20 13:58,GLENMARK,BUY CANDIDATE,theme_tailwind,15.0,0.3,True
2026-08-20 13:58,GLENMARK,BUY CANDIDATE,smart_money,12.0,0.513,True
2026-08-20 13:58,GLENMARK,BUY CANDIDATE,financial_strength_trend,10.0,0.944,True
2026-08-20 13:58,GLENMARK,BUY CANDIDATE,catalyst,10.0,0.678,True
2026-08-20 13:58,GLENMARK,BUY CANDIDATE,governance,8.0,0.7,True
2026-08-20 13:58,GLENMARK,BUY CANDIDATE,valuation_sanity,5.0,0.95,True
2026-08-20 13:58,ARVIND,BUY CANDIDATE,earnings_inflection,20.0,0.663,True
2026-08-20 13:58,ARVIND,BUY CANDIDATE,rs_and_stage,20.0,0.811,True
2026-08-20 13:58,ARVIND,BUY CANDIDATE,theme_tailwind,15.0,0.451,True
2026-08-20 13:58,ARVIND,BUY CANDIDATE,smart_money,12.0,0.649,True
2026-08-20 13:58,ARVIND,BUY CANDIDATE,financial_strength_trend,10.0,0.651,True
2026-08-20 13:58,ARVIND,BUY CANDIDATE,catalyst,10.0,0.357,True
2026-08-20 13:58,ARVIND,BUY CANDIDATE,governance,8.0,0.7,True
2026-08-20 13:58,ARVIND,BUY CANDIDATE,valuation_sanity,5.0,0.45,True
2026-08-20 13:58,DCBBANK,BUY CANDIDATE,earnings_inflection,20.0,0.825,True
2026-08-20 13:58,DCBBANK,BUY CANDIDATE,rs_and_stage,20.0,0.727,True
2026-08-20 13:58,DCBBANK,BUY CANDIDATE,theme_tailwind,15.0,0.3,True
2026-08-20 13:58,DCBBANK,BUY CANDIDATE,smart_money,12.0,0.94,True
2026-08-20 13:58,DCBBANK,BUY CANDIDATE,financial_strength_trend,10.0,0.846,True
2026-08-20 13:58,DCBBANK,BUY CANDIDATE,catalyst,10.0,0.352,True
2026-08-20 13:58,DCBBANK,BUY CANDIDATE,governance,8.0,0.7,True
2026-08-20 13:58,DCBBANK,BUY CANDIDATE,valuation_sanity,5.0,0.95,True
2026-08-20 13:58,EQUITASBNK,BUY CANDIDATE,earnings_inflection,20.0,0.925,True
2026-08-20 13:58,EQUITASBNK,BUY CANDIDATE,rs_and_stage,20.0,0.899,True
2026-08-20 13:58,EQUITASBNK,BUY CANDIDATE,theme_tailwind,15.0,0.3,True
2026-08-20 13:58,EQUITASBNK,BUY CANDIDATE,smart_money,12.0,0.752,True
2026-08-20 13:58,EQUITASBNK,BUY CANDIDATE,financial_strength_trend,10.0,0.61,True
2026-08-20 13:58,EQUITASBNK,BUY CANDIDATE,catalyst,10.0,0.208,True
2026-08-20 13:58,EQUITASBNK,BUY CANDIDATE,governance,8.0,0.7,True
2026-08-20 13:58,EQUITASBNK,BUY CANDIDATE,valuation_sanity,5.0,0.55,True
2026-08-20 13:58,MARKSANS,RE-ENTRY WINDOW,earnings_inflection,20.0,1.0,True
2026-08-20 13:58,MARKSANS,RE-ENTRY WINDOW,rs_and_stage,20.0,0.822,True
2026-08-20 13:58,MARKSANS,RE-ENTRY WINDOW,theme_tailwind,15.0,0.3,True
2026-08-20 13:58,MARKSANS,RE-ENTRY WINDOW,smart_money,12.0,0.64,True
2026-08-20 13:58,MARKSANS,RE-ENTRY WINDOW,financial_strength_trend,10.0,0.591,True
2026-08-20 13:58,MARKSANS,RE-ENTRY WINDOW,catalyst,10.0,0.632,True
2026-08-20 13:58,MARKSANS,RE-ENTRY WINDOW,governance,8.0,0.7,True
2026-08-20 13:58,MARKSANS,RE-ENTRY WINDOW,valuation_sanity,5.0,0.7,True
2026-08-20 13:58,PARAS,RE-ENTRY WINDOW,earnings_inflection,20.0,0.9,True
2026-08-20 13:58,PARAS,RE-ENTRY WINDOW,rs_and_stage,20.0,0.994,True
2026-08-20 13:58,PARAS,RE-ENTRY WINDOW,theme_tailwind,15.0,0.915,True
2026-08-20 13:58,PARAS,RE-ENTRY WINDOW,smart_money,12.0,0.9,True
2026-08-20 13:58,PARAS,RE-ENTRY WINDOW,financial_strength_trend,10.0,0.609,True
2026-08-20 13:58,PARAS,RE-ENTRY WINDOW,catalyst,10.0,0.188,True
2026-08-20 13:58,PARAS,RE-ENTRY WINDOW,governance,8.0,0.7,True
2026-08-20 13:58,PARAS,RE-ENTRY WINDOW,valuation_sanity,5.0,0.05,True
2026-08-20 13:58,PGIL,RE-ENTRY WINDOW,earnings_inflection,20.0,0.685,True
2026-08-20 13:58,PGIL,RE-ENTRY WINDOW,rs_and_stage,20.0,0.818,True
2026-08-20 13:58,PGIL,RE-ENTRY WINDOW,theme_tailwind,15.0,0.451,True
2026-08-20 13:58,PGIL,RE-ENTRY WINDOW,smart_money,12.0,0.818,True
2026-08-20 13:58,PGIL,RE-ENTRY WINDOW,financial_strength_trend,10.0,0.447,True
2026-08-20 13:58,PGIL,RE-ENTRY WINDOW,catalyst,10.0,0.524,True
2026-08-20 13:58,PGIL,RE-ENTRY WINDOW,governance,8.0,0.7,True
2026-08-20 13:58,PGIL,RE-ENTRY WINDOW,valuation_sanity,5.0,0.7,True
2026-08-20 13:58,SKIPPER,BUY CANDIDATE,earnings_inflection,20.0,0.678,True
2026-08-20 13:58,SKIPPER,BUY CANDIDATE,rs_and_stage,20.0,0.772,True
2026-08-20 13:58,SKIPPER,BUY CANDIDATE,theme_tailwind,15.0,0.698,True
2026-08-20 13:58,SKIPPER,BUY CANDIDATE,smart_money,12.0,0.925,True
2026-08-20 13:58,SKIPPER,BUY CANDIDATE,financial_strength_trend,10.0,0.449,True
2026-08-20 13:58,SKIPPER,BUY CANDIDATE,catalyst,10.0,0.603,True
2026-08-20 13:58,SKIPPER,BUY CANDIDATE,governance,8.0,0.4,True
2026-08-20 13:58,SKIPPER,BUY CANDIDATE,valuation_sanity,5.0,0.95,True
2026-08-20 13:58,WABAG,BUY CANDIDATE,earnings_inflection,20.0,0.698,True
2026-08-20 13:58,WABAG,BUY CANDIDATE,rs_and_stage,20.0,0.806,True
2026-08-20 13:58,WABAG,BUY CANDIDATE,theme_tailwind,15.0,0.423,True
2026-08-20 13:58,WABAG,BUY CANDIDATE,smart_money,12.0,0.643,True
2026-08-20 13:58,WABAG,BUY CANDIDATE,financial_strength_trend,10.0,0.736,True
2026-08-20 13:58,WABAG,BUY CANDIDATE,catalyst,10.0,0.375,True
2026-08-20 13:58,WABAG,BUY CANDIDATE,governance,8.0,0.7,True
2026-08-20 13:58,WABAG,BUY CANDIDATE,valuation_sanity,5.0,0.95,True
2026-08-21 13:56,CAPLIPOINT,BUY CANDIDATE,earnings_inflection,20.0,0.582,True
2026-08-21 13:56,CAPLIPOINT,BUY CANDIDATE,rs_and_stage,20.0,0.782,True
2026-08-21 13:56,CAPLIPOINT,BUY CANDIDATE,theme_tailwind,15.0,0.3,True
2026-08-21 13:56,CAPLIPOINT,BUY CANDIDATE,smart_money,12.0,0.492,True
2026-08-21 13:56,CAPLIPOINT,BUY CANDIDATE,financial_strength_trend,10.0,0.96,True
2026-08-21 13:56,CAPLIPOINT,BUY CANDIDATE,catalyst,10.0,0.568,True
2026-08-21 13:56,CAPLIPOINT,BUY CANDIDATE,governance,8.0,0.7,True
2026-08-21 13:56,CAPLIPOINT,BUY CANDIDATE,valuation_sanity,5.0,0.7,True
2026-08-21 13:56,ENGINERSIN,BUY CANDIDATE,earnings_inflection,20.0,0.577,True
2026-08-21 13:56,ENGINERSIN,BUY CANDIDATE,rs_and_stage,20.0,0.697,True
2026-08-21 13:56,ENGINERSIN,BUY CANDIDATE,theme_tailwind,15.0,0.3,True
2026-08-21 13:56,ENGINERSIN,BUY CANDIDATE,smart_money,12.0,0.754,True
2026-08-21 13:56,ENGINERSIN,BUY CANDIDATE,financial_strength_trend,10.0,0.757,True
2026-08-21 13:56,ENGINERSIN,BUY CANDIDATE,catalyst,10.0,0.407,True
2026-08-21 13:56,ENGINERSIN,BUY CANDIDATE,governance,8.0,0.7,True
2026-08-21 13:56,ENGINERSIN,BUY CANDIDATE,valuation_sanity,5.0,0.95,True
2026-08-21 13:56,TATATECH,BUY CANDIDATE,earnings_inflection,20.0,0.363,True
2026-08-21 13:56,TATATECH,BUY CANDIDATE,rs_and_stage,20.0,0.772,True
2026-08-21 13:56,TATATECH,BUY CANDIDATE,theme_tailwind,15.0,0.3,True
2026-08-21 13:56,TATATECH,BUY CANDIDATE,smart_money,12.0,0.754,True
2026-08-21 13:56,TATATECH,BUY CANDIDATE,financial_strength_trend,10.0,0.556,True
2026-08-21 13:56,TATATECH,BUY CANDIDATE,catalyst,10.0,0.15,True
2026-08-21 13:56,TATATECH,BUY CANDIDATE,governance,8.0,0.7,True
2026-08-21 13:56,TATATECH,BUY CANDIDATE,valuation_sanity,5.0,0.55,True
2026-08-21 13:56,EXIDEIND,BUY CANDIDATE,earnings_inflection,20.0,0.691,True
2026-08-21 13:56,EXIDEIND,BUY CANDIDATE,rs_and_stage,20.0,0.762,True
2026-08-21 13:56,EXIDEIND,BUY CANDIDATE,theme_tailwind,15.0,0.551,True
2026-08-21 13:56,EXIDEIND,BUY CANDIDATE,smart_money,12.0,0.538,True
2026-08-21 13:56,EXIDEIND,BUY CANDIDATE,financial_strength_trend,10.0,0.591,True
2026-08-21 13:56,EXIDEIND,BUY CANDIDATE,catalyst,10.0,0.726,True
2026-08-21 13:56,EXIDEIND,BUY CANDIDATE,governance,8.0,0.7,True
2026-08-21 13:56,EXIDEIND,BUY CANDIDATE,valuation_sanity,5.0,0.45,True
2026-08-21 13:56,POWERINDIA,BUY CANDIDATE,earnings_inflection,20.0,1.0,True
2026-08-21 13:56,POWERINDIA,BUY CANDIDATE,rs_and_stage,20.0,0.812,True
2026-08-21 13:56,POWERINDIA,BUY CANDIDATE,theme_tailwind,15.0,0.754,True
2026-08-21 13:56,POWERINDIA,BUY CANDIDATE,smart_money,12.0,0.522,True
2026-08-21 13:56,POWERINDIA,BUY CANDIDATE,financial_strength_trend,10.0,0.955,True
2026-08-21 13:56,POWERINDIA,BUY CANDIDATE,catalyst,10.0,0.456,True
2026-08-21 13:56,POWERINDIA,BUY CANDIDATE,governance,8.0,0.7,True
2026-08-21 13:56,POWERINDIA,BUY CANDIDATE,valuation_sanity,5.0,0.05,True
2026-08-21 13:56,AETHER,RE-ENTRY WINDOW,earnings_inflection,20.0,0.868,True
2026-08-21 13:56,AETHER,RE-ENTRY WINDOW,rs_and_stage,20.0,0.835,True
2026-08-21 13:56,AETHER,RE-ENTRY WINDOW,theme_tailwind,15.0,0.3,True
2026-08-21 13:56,AETHER,RE-ENTRY WINDOW,smart_money,12.0,0.471,True
2026-08-21 13:56,AETHER,RE-ENTRY WINDOW,financial_strength_trend,10.0,0.569,True
2026-08-21 13:56,AETHER,RE-ENTRY WINDOW,catalyst,10.0,0.393,True
2026-08-21 13:56,AETHER,RE-ENTRY WINDOW,governance,8.0,0.7,True
2026-08-21 13:56,AETHER,RE-ENTRY WINDOW,valuation_sanity,5.0,0.25,True
2026-08-21 13:56,AVALON,RE-ENTRY WINDOW,earnings_inflection,20.0,1.0,True
2026-08-21 13:56,AVALON,RE-ENTRY WINDOW,rs_and_stage,20.0,0.842,True
2026-08-21 13:56,AVALON,RE-ENTRY WINDOW,theme_tailwind,15.0,0.712,True
2026-08-21 13:56,AVALON,RE-ENTRY WINDOW,smart_money,12.0,0.517,True
2026-08-21 13:56,AVALON,RE-ENTRY WINDOW,financial_strength_trend,10.0,0.88,True
2026-08-21 13:56,AVALON,RE-ENTRY WINDOW,catalyst,10.0,0.381,True
2026-08-21 13:56,AVALON,RE-ENTRY WINDOW,governance,8.0,0.7,True
2026-08-21 13:56,AVALON,RE-ENTRY WINDOW,valuation_sanity,5.0,0.05,True
2026-08-21 13:56,EPL,RE-ENTRY WINDOW,earnings_inflection,20.0,0.295,True
2026-08-21 13:56,EPL,RE-ENTRY WINDOW,rs_and_stage,20.0,0.729,True
2026-08-21 13:56,EPL,RE-ENTRY WINDOW,theme_tailwind,15.0,0.549,True
2026-08-21 13:56,EPL,RE-ENTRY WINDOW,smart_money,12.0,0.55,True
2026-08-21 13:56,EPL,RE-ENTRY WINDOW,financial_strength_trend,10.0,0.669,True
2026-08-21 13:56,EPL,RE-ENTRY WINDOW,catalyst,10.0,0.231,True
2026-08-21 13:56,EPL,RE-ENTRY WINDOW,governance,8.0,0.7,True
2026-08-21 13:56,EPL,RE-ENTRY WINDOW,valuation_sanity,5.0,0.95,True
2026-08-21 13:56,MANORAMA,RE-ENTRY WINDOW,earnings_inflection,20.0,0.711,True
2026-08-21 13:56,MANORAMA,RE-ENTRY WINDOW,rs_and_stage,20.0,0.781,True
2026-08-21 13:56,MANORAMA,RE-ENTRY WINDOW,theme_tailwind,15.0,0.3,True
2026-08-21 13:56,MANORAMA,RE-ENTRY WINDOW,smart_money,12.0,0.423,True
2026-08-21 13:56,MANORAMA,RE-ENTRY WINDOW,financial_strength_trend,10.0,0.621,True
2026-08-21 13:56,MANORAMA,RE-ENTRY WINDOW,catalyst,10.0,0.15,True
2026-08-21 13:56,MANORAMA,RE-ENTRY WINDOW,governance,8.0,0.7,True
2026-08-21 13:56,MANORAMA,RE-ENTRY WINDOW,valuation_sanity,5.0,0.55,True
2026-08-21 13:56,NAZARA,RE-ENTRY WINDOW,earnings_inflection,20.0,0.049,True
2026-08-21 13:56,NAZARA,RE-ENTRY WINDOW,rs_and_stage,20.0,0.87,True
2026-08-21 13:56,NAZARA,RE-ENTRY WINDOW,theme_tailwind,15.0,0.3,True
2026-08-21 13:56,NAZARA,RE-ENTRY WINDOW,smart_money,12.0,0.558,True
2026-08-21 13:56,NAZARA,RE-ENTRY WINDOW,financial_strength_trend,10.0,0.544,True
2026-08-21 13:56,NAZARA,RE-ENTRY WINDOW,catalyst,10.0,0.493,True
2026-08-21 13:56,NAZARA,RE-ENTRY WINDOW,governance,8.0,0.05,True
2026-08-21 13:56,NAZARA,RE-ENTRY WINDOW,valuation_sanity,5.0,0.35,True
2026-08-21 13:56,RAIN,BUY CANDIDATE,earnings_inflection,20.0,0.925,True
2026-08-21 13:56,RAIN,BUY CANDIDATE,rs_and_stage,20.0,0.778,True
2026-08-21 13:56,RAIN,BUY CANDIDATE,theme_tailwind,15.0,0.3,True
2026-08-21 13:56,RAIN,BUY CANDIDATE,smart_money,12.0,0.085,True
2026-08-21 13:56,RAIN,BUY CANDIDATE,financial_strength_trend,10.0,0.4,True
2026-08-21 13:56,RAIN,BUY CANDIDATE,catalyst,10.0,0.428,True
2026-08-21 13:56,RAIN,BUY CANDIDATE,governance,8.0,0.7,True
2026-08-21 13:56,RAIN,BUY CANDIDATE,valuation_sanity,5.0,0.55,True
2026-08-21 13:56,VIYASH,BUY CANDIDATE,earnings_inflection,20.0,1.0,True
2026-08-21 13:56,VIYASH,BUY CANDIDATE,rs_and_stage,20.0,0.785,True
2026-08-21 13:56,VIYASH,BUY CANDIDATE,theme_tailwind,15.0,0.3,True
2026-08-21 13:56,VIYASH,BUY CANDIDATE,smart_money,12.0,0.198,True
2026-08-21 13:56,VIYASH,BUY CANDIDATE,financial_strength_trend,10.0,0.655,True
2026-08-21 13:56,VIYASH,BUY CANDIDATE,catalyst,10.0,0.438,True
2026-08-21 13:56,VIYASH,BUY CANDIDATE,governance,8.0,0.7,True
2026-08-21 13:56,VIYASH,BUY CANDIDATE,valuation_sanity,5.0,0.95,True
2026-08-21 13:56,WELENT,BUY CANDIDATE,earnings_inflection,20.0,0.129,True
2026-08-21 13:56,WELENT,BUY CANDIDATE,rs_and_stage,20.0,0.77,True
2026-08-21 13:56,WELENT,BUY CANDIDATE,theme_tailwind,15.0,0.3,True
2026-08-21 13:56,WELENT,BUY CANDIDATE,smart_money,12.0,0.477,True
2026-08-21 13:56,WELENT,BUY CANDIDATE,financial_strength_trend,10.0,0.447,True
2026-08-21 13:56,WELENT,BUY CANDIDATE,catalyst,10.0,0.797,True
2026-08-21 13:56,WELENT,BUY CANDIDATE,governance,8.0,0.7,True
2026-08-21 13:56,WELENT,BUY CANDIDATE,valuation_sanity,5.0,0.7,True
2026-08-21 13:56,WELCORP,EPISODIC PIVOT,earnings_inflection,20.0,0.713,True
2026-08-21 13:56,WELCORP,EPISODIC PIVOT,rs_and_stage,20.0,0.848,True
2026-08-21 13:56,WELCORP,EPISODIC PIVOT,theme_tailwind,15.0,0.3,True
2026-08-21 13:56,WELCORP,EPISODIC PIVOT,smart_money,12.0,0.563,True
2026-08-21 13:56,WELCORP,EPISODIC PIVOT,financial_strength_trend,10.0,0.891,True
2026-08-21 13:56,WELCORP,EPISODIC PIVOT,catalyst,10.0,0.517,True
2026-08-21 13:56,WELCORP,EPISODIC PIVOT,governance,8.0,0.7,True
2026-08-21 13:56,WELCORP,EPISODIC PIVOT,valuation_sanity,5.0,0.95,True
