date,signal,symbol,action,shares,price,value,cost,reason
2026-10-01,2026-09-30,STLTECH,BUY,26.103,955.35,25000.0,62.5,rank 1 of 624; exposure 50%
2026-10-01,2026-09-30,CUPID,BUY,79.5455,313.5,25000.0,62.5,rank 2 of 624; exposure 50%
2026-10-01,2026-09-30,WELCORP,BUY,9.2088,2708.0,25000.0,62.5,rank 3 of 624; exposure 50%
2026-10-01,2026-09-30,HFCL,BUY,104.6168,238.37,25000.0,62.5,rank 4 of 624; exposure 50%
2026-10-01,2026-09-30,SHILPAMED,BUY,23.8865,1044.0,25000.0,62.5,rank 5 of 624; exposure 50%
2026-10-01,2026-09-30,SANSERA,BUY,5.5849,4465.2,25000.0,62.5,rank 6 of 624; exposure 50%
2026-10-01,2026-09-30,LAURUSLABS,BUY,12.6355,1973.6,25000.0,62.5,rank 7 of 624; exposure 50%
2026-10-01,2026-09-30,CPPLUS,BUY,6.4977,3837.9,25000.0,62.5,rank 8 of 624; exposure 50%
2026-10-01,2026-09-30,DIACABS,BUY,70.2465,355.0,25000.0,62.5,rank 9 of 624; exposure 50%
2026-10-01,2026-09-30,SKYGOLD,BUY,30.7605,810.7,25000.0,62.5,rank 10 of 624; exposure 50%
2026-10-01,2026-09-30,MTARTECH,BUY,3.0462,8186.5,25000.0,62.5,rank 11 of 624; exposure 50%
2026-10-01,2026-09-30,SYRMA,BUY,13.987,1782.9,25000.0,62.5,rank 12 of 624; exposure 50%
2026-10-01,2026-09-30,SONACOMS,BUY,30.1178,828.0,25000.0,62.5,rank 13 of 624; exposure 50%
2026-10-01,2026-09-30,RRKABEL,BUY,9.8802,2524.0,25000.0,62.5,rank 14 of 624; exposure 50%
2026-10-01,2026-09-30,AVALON,BUY,10.8993,2288.0,25000.0,62.5,rank 15 of 624; exposure 50%
2026-10-01,2026-09-30,AEGISLOG,BUY,18.188,1371.1,25000.0,62.5,rank 16 of 624; exposure 50%
2026-10-01,2026-09-30,ATHERENERG,BUY,17.5369,1422.0,25000.0,62.5,rank 17 of 624; exposure 50%
2026-10-01,2026-09-30,AKUMS,BUY,30.5982,815.0,25000.0,62.5,rank 18 of 624; exposure 50%
2026-10-01,2026-09-30,MARKSANS,BUY,77.4336,322.05,25000.0,62.5,rank 19 of 624; exposure 50%
2026-10-01,2026-09-30,WELSPUNLIV,BUY,110.0022,226.7,25000.0,62.5,rank 20 of 624; exposure 50%
