date,symbol,action,shares,price,value,reason
2026-09-29,BODALCHEM,BUY,988,201.95,199526.6,RS leader: 6m and 12m return in the top 10%
2026-09-29,KABRAEXTRU,BUY,240,831.1,199463.99,RS leader: 6m and 12m return in the top 10%
2026-09-29,SIGMAADV,BUY,218,915.0,199470.0,RS leader: 6m and 12m return in the top 10%
2026-09-29,STLTECH,BUY,248,803.0,199144.0,RS leader: 6m and 12m return in the top 10%
2026-09-29,TBZ,BUY,328,608.0,199424.0,RS leader: 6m and 12m return in the top 10%
2026-10-01,SIGMAADV,SELL,218,1076.9,234764.21,regime exit or stop / 30-week trail; x1.18 since 2026-09-29
2026-10-01,TBZ,SELL,328,635.05,208296.4,regime exit or stop / 30-week trail; x1.04 since 2026-09-29
2026-10-01,STLTECH,SELL,248,955.35,236926.79,regime exit or stop / 30-week trail; x1.19 since 2026-09-29
2026-10-01,KABRAEXTRU,SELL,240,810.0,194400.0,regime exit or stop / 30-week trail; x0.97 since 2026-09-29
2026-10-01,BODALCHEM,SELL,988,197.0,194636.0,regime exit or stop / 30-week trail; x0.98 since 2026-09-29
