run_at,session,price_coverage,n_priced,n_tagged,n_alerts,n_entry_signals,source
2026-07-14 10:41,2026-07-14,,,611,,,seeded from tags_state commit history
2026-07-15 15:04,2026-07-15,,,611,,,seeded from tags_state commit history
2026-07-16 14:04,2026-07-16,,,614,,,seeded from tags_state commit history
2026-07-17 14:56,2026-07-17,,,614,,,seeded from tags_state commit history
2026-07-18 13:32,2026-07-18,,,614,,,seeded from tags_state commit history
2026-07-19 12:21,2026-07-19,,,614,,,seeded from tags_state commit history
2026-07-20 15:27,2026-07-20,,,614,,,seeded from tags_state commit history
2026-07-21 15:16,2026-07-21,,,614,,,seeded from tags_state commit history
2026-07-22 15:16,2026-07-22,,,614,,,seeded from tags_state commit history
2026-07-23 15:24,2026-07-23,,,615,,,seeded from tags_state commit history
2026-07-24 15:07,2026-07-24,,,615,,,seeded from tags_state commit history
2026-07-27 15:04,2026-07-27,,,616,,,seeded from tags_state commit history
2026-07-28 10:45,2026-07-28,,,617,,,seeded from tags_state commit history
2026-07-29 15:38,2026-07-29,,,617,,,seeded from tags_state commit history
2026-07-30 15:24,2026-07-30,,,617,,,seeded from tags_state commit history
2026-07-31 15:31,2026-07-31,,,617,,,seeded from tags_state commit history
2026-08-03 13:44,2026-08-03,,,618,,,seeded from tags_state commit history
2026-08-04 15:38,2026-08-04,,,619,,,seeded from tags_state commit history
2026-08-05 15:29,2026-08-05,,,619,,,seeded from tags_state commit history
2026-08-06 15:09,2026-08-06,,,618,,,seeded from tags_state commit history
2026-08-07 14:23,2026-08-07,,,618,,,seeded from tags_state commit history
2026-08-10 14:30,2026-08-10,,,618,,,seeded from tags_state commit history
2026-08-11 14:29,2026-08-11,,,618,,,seeded from tags_state commit history
2026-08-12 14:30,2026-08-12,,,618,,,seeded from tags_state commit history
2026-08-13 14:32,2026-08-13,,,618,,,seeded from tags_state commit history
2026-08-14 14:26,2026-08-14,,,618,,,seeded from tags_state commit history
2026-08-17 13:53,2026-08-17,,,618,,,seeded from tags_state commit history
2026-08-18 13:57,2026-08-18,,,618,,,seeded from tags_state commit history
2026-08-19 13:58,2026-08-19,,,619,,,seeded from tags_state commit history
2026-08-20 14:01,2026-08-20,,,620,,,seeded from tags_state commit history
2026-08-21 13:59,2026-08-21,,,620,,,seeded from tags_state commit history
2026-08-24 14:03,2026-08-24,,,620,,,seeded from tags_state commit history
2026-08-25 14:03,2026-08-25,,,620,,,seeded from tags_state commit history
2026-08-26 14:06,2026-08-26,,,620,,,seeded from tags_state commit history
2026-08-27 23:01,2026-08-27,,,620,,,seeded from tags_state commit history
2026-08-28 23:06,2026-08-28,,,620,,,seeded from tags_state commit history
2026-08-31 19:36,2026-08-31,,,620,,,seeded from tags_state commit history
2026-09-01 01:13,2026-09-01,,,621,,,seeded from tags_state commit history
2026-09-02 17:14,2026-09-02,,,622,,,seeded from tags_state commit history
2026-09-03 17:12,2026-09-03,1.0,651,622,,,seeded from tags_state commit history
2026-09-04 14:30,2026-09-04,1.0,651,622,,,seeded from tags_state commit history
2026-09-07 16:01,2026-09-07,1.0,1028,998,,,seeded from tags_state commit history
2026-09-08 19:28,2026-09-08,0.001,1028,998,,,seeded from tags_state commit history
