logged_at,symbol,kind,old_tag,new_tag,close,atr,stop_suggested,conviction_score,coverage_pct,vetoed,veto_reasons,rs_pctile,archetypes
2026-07-07 18:40,ACUTAAS,RE-ENTRY WINDOW,EXTENDED,CONFIRMED,3391.0,137.43,3047.43,62.2,100.0,False,,99.3421052631579,Quality + Hyper-growth
2026-07-07 18:40,ANANDRATHI,RE-ENTRY WINDOW,EXTENDED,CONFIRMED,2052.0,69.59,1878.02,57.9,100.0,False,,93.25657894736842,Quality
2026-07-07 18:40,BANDHANBNK,BUY CANDIDATE,WATCH,CONFIRMED,205.1000061035156,6.49,188.87,60.0,80.0,False,,78.61842105263158,(untagged — theme data Phase C)
2026-07-07 18:40,CARBORUNIV,BUY CANDIDATE,WATCH,CONFIRMED,1106.0999755859375,56.57,,42.4,100.0,False,,80.3453947368421,(untagged — theme data Phase C)
2026-07-07 18:40,CDSL,WATCH CLOSELY,WATCH,ANTICIPATION,1360.0,,,,,,,21.546052631578945,
2026-07-07 18:40,CHOLAHLDNG,WATCH CLOSELY,WATCH,ANTICIPATION,1699.300048828125,,,,,,,22.121710526315788,
2026-07-07 18:40,J&KBANK,RE-ENTRY WINDOW,EXTENDED,CONFIRMED,163.7100067138672,4.84,151.61,58.6,100.0,False,,93.91447368421052,(untagged — theme data Phase C)
2026-07-07 18:40,KARURVYSYA,BUY CANDIDATE,WATCH,CONFIRMED,304.3500061035156,7.7,285.11,57.8,80.0,False,,77.71381578947368,(untagged — theme data Phase C)
2026-07-07 18:40,NBCC,WATCH CLOSELY,WATCH,ANTICIPATION,98.54000091552734,,,,,,,,
2026-07-07 18:40,SYRMA,RE-ENTRY WINDOW,EXTENDED,CONFIRMED,1356.0,54.14,1220.64,65.8,100.0,False,,98.84868421052632,(untagged — theme data Phase C)
2026-07-07 18:40,ASHOKLEY,WATCH CLOSELY,WATCH,ANTICIPATION,164.16000366210938,,,,,,,61.8421052631579,
2026-07-07 18:40,AUROPHARMA,RE-ENTRY WINDOW,EXTENDED,CONFIRMED,1583.0999755859375,37.89,1488.39,51.2,100.0,False,,86.51315789473685,(untagged — theme data Phase C)
2026-07-07 18:40,HINDPETRO,WATCH CLOSELY,BROKEN,ANTICIPATION,405.9500122070313,,,,,,,,
2026-07-07 18:40,NAUKRI,WATCH CLOSELY,BROKEN,ANTICIPATION,1159.449951171875,,,,,,,,
2026-07-07 18:40,LAURUSLABS,RE-ENTRY WINDOW,EXTENDED,CONFIRMED,1477.4000244140625,43.18,1369.45,64.6,100.0,False,,96.71052631578948,(untagged — theme data Phase C)
2026-07-07 18:40,MRF,WATCH CLOSELY,BROKEN,ANTICIPATION,138650.0,,,,,,,,
2026-07-07 18:40,NAM-INDIA,RE-ENTRY WINDOW,EXTENDED,CONFIRMED,1192.5999755859375,29.04,1120.01,62.2,100.0,False,,88.81578947368422,Quality
2026-07-07 18:40,ARVIND,RE-ENTRY WINDOW,EXTENDED,CONFIRMED,539.0999755859375,23.72,479.8,60.3,100.0,False,,96.2171052631579,(untagged — theme data Phase C)
2026-07-07 18:40,AVALON,RE-ENTRY WINDOW,EXTENDED,CONFIRMED,1639.9000244140625,72.71,1458.13,65.3,100.0,False,,98.51973684210526,Turnaround
2026-07-07 18:40,BALAMINES,RE-ENTRY WINDOW,EXTENDED,CONFIRMED,2067.800048828125,101.84,,52.3,100.0,False,,96.54605263157896,(untagged — theme data Phase C)
2026-07-07 18:40,AGARWALEYE,WATCH CLOSELY,WATCH,ANTICIPATION,472.5499877929688,,,,,,,,
2026-07-07 18:40,EPL,BUY CANDIDATE,WATCH,CONFIRMED,245.08999633789065,6.01,230.05,54.2,100.0,False,,,(untagged — theme data Phase C)
2026-07-07 18:40,KTKBANK,BUY CANDIDATE,WATCH,CONFIRMED,265.75,6.77,248.83,48.7,100.0,False,,79.11184210526315,(untagged — theme data Phase C)
2026-07-07 18:40,PRIVISCL,RE-ENTRY WINDOW,EXTENDED,CONFIRMED,3639.300048828125,97.22,3396.25,64.6,100.0,False,,81.74342105263158,(untagged — theme data Phase C)
2026-07-07 18:40,SANSERA,RE-ENTRY WINDOW,EXTENDED,CONFIRMED,3151.5,104.6,2890.0,62.7,100.0,False,,98.68421052631578,(untagged — theme data Phase C)
2026-07-07 18:40,SHILPAMED,RE-ENTRY WINDOW,EXTENDED,CONFIRMED,599.7999877929688,25.75,535.42,65.6,100.0,False,,95.55921052631578,(untagged — theme data Phase C)
2026-07-07 18:40,VIYASH,RE-ENTRY WINDOW,EXTENDED,CONFIRMED,278.8999938964844,11.52,250.09,58.4,100.0,False,,90.13157894736842,Hyper-growth
2026-07-09 16:39,ACMESOLAR,BUY CANDIDATE,WATCH,CONFIRMED,367.7999877929688,14.7,331.06,68.9,75.0,False,,93.0921052631579,(untagged — theme data Phase C)
2026-07-09 16:39,ACE,WATCH CLOSELY,WATCH,ANTICIPATION,976.5999755859376,,,,,,,,
2026-07-09 16:39,BALRAMCHIN,BUY CANDIDATE,WATCH,CONFIRMED,567.4500122070312,15.26,529.29,46.3,100.0,False,,67.76315789473685,(untagged — theme data Phase C)
2026-07-09 16:39,CHENNPETRO,BUY CANDIDATE,WATCH,CONFIRMED,1121.699951171875,33.5,1037.95,75.1,100.0,False,,88.65131578947368,Turnaround
2026-07-09 16:39,FACT,WATCH CLOSELY,WATCH,ANTICIPATION,850.0999755859375,,,,,,,,
2026-07-09 16:39,IKS,RE-ENTRY WINDOW,EXTENDED,CONFIRMED,1862.9000244140625,57.14,1720.06,64.3,100.0,False,,61.43092105263158,(untagged — theme data Phase C)
2026-07-09 16:39,POONAWALLA,WATCH CLOSELY,WATCH,ANTICIPATION,463.8500061035156,,,,,,,48.60197368421053,
2026-07-09 16:39,RITES,WATCH CLOSELY,WATCH,ANTICIPATION,222.75,,,,,,,22.45065789473684,
2026-07-09 16:39,WELSPUNLIV,RE-ENTRY WINDOW,EXTENDED,CONFIRMED,166.52999877929688,5.7,152.27,51.0,100.0,False,,79.27631578947368,(untagged — theme data Phase C)
2026-07-09 16:39,ABCAPITAL,RE-ENTRY WINDOW,EXTENDED,CONFIRMED,397.3500061035156,10.97,369.93,60.7,100.0,False,,79.44078947368422,(untagged — theme data Phase C)
2026-07-09 16:39,GMRAIRPORT,RE-ENTRY WINDOW,EXTENDED,CONFIRMED,111.83000183105467,2.58,105.39,65.7,100.0,False,,73.84868421052632,Turnaround + Hyper-growth
2026-07-09 16:39,INDUSINDBK,RE-ENTRY WINDOW,EXTENDED,CONFIRMED,1015.1500244140624,26.52,948.85,25.0,100.0,True,promoter_pledge: 42.8% of promoter holding pledged,68.58552631578947,Turnaround
2026-07-09 16:39,IPCALAB,RE-ENTRY WINDOW,EXTENDED,CONFIRMED,1770.4000244140625,48.12,1650.1,70.2,100.0,False,,80.3453947368421,Turnaround
2026-07-09 16:39,UNOMINDA,WATCH CLOSELY,BROKEN,ANTICIPATION,1154.5,,,,,,,,
2026-07-09 16:39,DYNAMATECH,BUY CANDIDATE,WATCH,CONFIRMED,10845.0,433.29,9761.79,49.8,100.0,False,,75.6578947368421,(untagged — theme data Phase C)
2026-07-09 16:39,NAZARA,BUY CANDIDATE,WATCH,CONFIRMED,303.79998779296875,8.78,281.86,25.0,100.0,True,promoter_pledge: 55.9% of promoter holding pledged,67.26973684210526,Quality
2026-07-09 16:39,PARAS,RE-ENTRY WINDOW,EXTENDED,CONFIRMED,1216.800048828125,73.44,,55.8,100.0,False,,97.20394736842104,Hyper-growth
2026-07-09 16:39,RATNAMANI,BUY CANDIDATE,WATCH,CONFIRMED,2633.89990234375,79.61,2434.88,44.5,100.0,False,,,(untagged — theme data Phase C)
2026-07-09 16:39,TRIVENI,RE-ENTRY WINDOW,EXTENDED,CONFIRMED,455.0499877929688,16.39,414.09,52.5,100.0,False,,69.81907894736842,(untagged — theme data Phase C)
2026-07-09 16:40,MOSCHIP,MANAGE,,MOVE STOP TO BREAKEVEN (208.49) — +1.5R closed,238.6199951171875,,,,,,,,
2026-07-11 14:57,AARTIIND,BUY CANDIDATE,WATCH,CONFIRMED,484.1000061035156,14.07,448.92,60.8,100.0,False,,74.50657894736842,(untagged — theme data Phase C)
2026-07-11 14:57,ASAHIINDIA,WATCH CLOSELY,BROKEN,ANTICIPATION,914.9000244140624,,,,,,,,
2026-07-11 14:57,BANDHANBNK,BUY CANDIDATE,WATCH,CONFIRMED,210.0,7.38,191.54,62.1,80.0,False,,78.61842105263158,(untagged — theme data Phase C)
2026-07-11 14:57,DOMS,WATCH CLOSELY,BROKEN,ANTICIPATION,2376.199951171875,,,,,,,,
2026-07-11 14:57,GLAND,BUY CANDIDATE,WATCH,CONFIRMED,2479.39990234375,79.73,2280.08,63.4,100.0,False,,89.0625,(untagged — theme data Phase C)
2026-07-11 14:57,HEG,WATCH CLOSELY,WATCH,ANTICIPATION,545.0499877929688,,,,,,,,
2026-07-11 14:57,NBCC,WATCH CLOSELY,BROKEN,ANTICIPATION,99.9800033569336,,,,,,,,
2026-07-11 14:57,RHIM,WATCH CLOSELY,BROKEN,ANTICIPATION,420.3500061035156,,,,,,,,
2026-07-11 14:57,ZYDUSWELL,BUY CANDIDATE,WATCH,CONFIRMED,592.4500122070312,25.19,529.47,47.1,100.0,False,,88.32236842105263,(untagged — theme data Phase C)
2026-07-11 14:57,ABBOTINDIA,WATCH CLOSELY,BROKEN,ANTICIPATION,27165.0,,,,,,,,
2026-07-11 14:57,MAHABANK,BUY CANDIDATE,WATCH,CONFIRMED,84.25,3.11,76.47,61.2,100.0,False,,92.68092105263158,(untagged — theme data Phase C)
2026-07-11 14:57,BHARTIHEXA,WATCH CLOSELY,BROKEN,ANTICIPATION,1604.699951171875,,,,,,,,
2026-07-11 14:57,LLOYDSME,BUY CANDIDATE,WATCH,CONFIRMED,1799.5999755859375,57.66,1655.46,61.5,100.0,False,,76.80921052631578,Hyper-growth
2026-07-11 14:57,LUPIN,RE-ENTRY WINDOW,EXTENDED,CONFIRMED,2496.300048828125,50.04,2371.19,60.6,100.0,False,,74.83552631578947,Quality
2026-07-11 14:57,DCBBANK,BUY CANDIDATE,WATCH,CONFIRMED,188.6699981689453,5.45,175.04,65.8,80.0,False,,72.86184210526315,(untagged — theme data Phase C)
2026-07-11 14:57,DIACABS,RE-ENTRY WINDOW,EXTENDED,CONFIRMED,229.00999450683597,11.7,,63.9,100.0,False,,92.10526315789474,(untagged — theme data Phase C)
2026-07-11 14:57,AGARWALEYE,WATCH CLOSELY,WATCH,ANTICIPATION,481.5499877929688,,,,,,,,
2026-07-11 14:57,ICIL,RE-ENTRY WINDOW,EXTENDED,CONFIRMED,412.5499877929688,21.41,,48.6,100.0,False,,92.26973684210526,(untagged — theme data Phase C)
2026-07-11 14:57,LLOYDSENGG,BUY CANDIDATE,WATCH,CONFIRMED,90.5999984741211,4.49,,57.1,100.0,False,,89.63815789473685,(untagged — theme data Phase C)
2026-07-11 14:57,MANORAMA,BUY CANDIDATE,WATCH,CONFIRMED,1603.4000244140625,57.43,1459.83,51.3,100.0,False,,69.81907894736842,(untagged — theme data Phase C)
2026-07-11 14:57,MARKSANS,RE-ENTRY WINDOW,EXTENDED,CONFIRMED,272.3999938964844,11.22,244.34,55.0,100.0,False,,82.48355263157895,(untagged — theme data Phase C)
2026-07-11 14:57,PRUDENT,BUY CANDIDATE,WATCH,CONFIRMED,2983.199951171875,82.37,2777.27,49.7,100.0,False,,67.59868421052632,Quality
2026-07-11 14:57,QPOWER,BUY CANDIDATE,WATCH,CONFIRMED,1212.300048828125,55.11,1074.53,65.4,100.0,False,,94.4078947368421,Quality + Hyper-growth
2026-07-14 10:37,ASTERDM,BUY CANDIDATE,WATCH,CONFIRMED,814.9000244140625,21.4,761.41,25.0,100.0,True,promoter_pledge: 40.7% of promoter holding pledged,84.9,Turnaround
2026-07-14 10:37,BHEL,BUY CANDIDATE,WATCH,CONFIRMED,409.1000061035156,12.85,376.98,66.0,100.0,False,,89.9,(untagged — theme data Phase C)
2026-07-14 10:37,NAUKRI,WATCH CLOSELY,WATCH,ANTICIPATION,1191.050048828125,,,,,,,23.2,
2026-07-14 10:37,MPHASIS,WATCH CLOSELY,BROKEN,ANTICIPATION,2390.39990234375,,,,,,,21.9,
2026-07-14 10:37,VOLTAS,WATCH CLOSELY,BROKEN,ANTICIPATION,1349.5,,,,,,,44.4,
2026-07-14 10:37,AZAD,RE-ENTRY WINDOW,EXTENDED,CONFIRMED,2378.5,100.36,2127.61,53.7,100.0,False,,89.5,Hyper-growth
2026-07-14 10:37,BALAMINES,RE-ENTRY WINDOW,EXTENDED,CONFIRMED,2340.89990234375,124.89,,52.3,100.0,False,,96.6,(untagged — theme data Phase C)
2026-07-14 10:37,EDELWEISS,BUY CANDIDATE,WATCH,CONFIRMED,123.93000030517578,4.47,112.75,54.5,100.0,False,,62.6,(untagged — theme data Phase C)
2026-07-14 10:37,SPARC,RE-ENTRY WINDOW,EXTENDED,CONFIRMED,259.4200134277344,13.56,,62.0,100.0,False,,96.7,Turnaround + Hyper-growth
2026-07-14 10:37,THANGAMAYL,RE-ENTRY WINDOW,EXTENDED,CONFIRMED,6233.0,404.04,,59.9,70.0,False,,99.3,(untagged — theme data Phase C)
2026-07-14 14:19,ANANDRATHI,RE-ENTRY WINDOW,EXTENDED,CONFIRMED,2080.800048828125,69.26,1907.66,56.2,45.0,False,,93.5,
2026-07-14 14:19,CESC,WATCH CLOSELY,WATCH,ANTICIPATION,159.16000366210938,,,,,,,35.8,
2026-07-14 14:19,HEG,WATCH CLOSELY,WATCH,ANTICIPATION,566.4500122070312,,,,,,,50.8,
2026-07-14 14:19,HFCL,RE-ENTRY WINDOW,EXTENDED,CONFIRMED,212.77999877929688,9.27,189.6,83.0,45.0,False,,99.5,
2026-07-14 14:19,IIFL,WATCH CLOSELY,WATCH,ANTICIPATION,541.5,,,,,,,46.0,
2026-07-14 14:19,IKS,RE-ENTRY WINDOW,EXTENDED,CONFIRMED,1879.4000244140625,57.53,1735.58,48.0,45.0,False,,67.8,
2026-07-14 14:19,J&KBANK,RE-ENTRY WINDOW,EXTENDED,CONFIRMED,177.39999389648438,7.59,158.42,49.2,45.0,False,,95.6,
2026-07-14 14:19,JINDALSAW,RE-ENTRY WINDOW,EXTENDED,CONFIRMED,258.8500061035156,9.57,234.92,47.5,45.0,False,,85.8,
2026-07-14 14:19,KIRLOSENG,RE-ENTRY WINDOW,EXTENDED,CONFIRMED,2362.300048828125,111.4,2083.8,47.6,45.0,False,,98.9,
2026-07-14 14:19,PVRINOX,WATCH CLOSELY,WATCH,ANTICIPATION,1011.4500122070312,,,,,,,51.4,
2026-07-14 14:19,SONACOMS,RE-ENTRY WINDOW,EXTENDED,CONFIRMED,666.7999877929688,17.44,623.19,47.9,45.0,False,,88.0,
2026-07-14 14:19,STARHEALTH,RE-ENTRY WINDOW,EXTENDED,CONFIRMED,597.3499755859375,16.46,556.19,47.5,45.0,False,,86.1,
2026-07-14 14:19,WELSPUNLIV,RE-ENTRY WINDOW,EXTENDED,CONFIRMED,164.5399932861328,6.08,149.35,46.0,45.0,False,,77.7,
2026-07-14 14:19,WOCKPHARMA,BUY CANDIDATE,WATCH,CONFIRMED,1850.699951171875,59.37,1702.27,45.5,45.0,False,,74.7,
2026-07-14 14:19,ABBOTINDIA,WATCH CLOSELY,WATCH,ANTICIPATION,27500.0,,,,,,,32.5,
2026-07-14 14:19,ABCAPITAL,RE-ENTRY WINDOW,EXTENDED,CONFIRMED,399.25,10.41,373.23,50.2,45.0,False,,80.0,
2026-07-14 14:19,BERGEPAINT,WATCH CLOSELY,WATCH,ANTICIPATION,489.1000061035156,,,,,,,29.3,
2026-07-14 14:19,BIOCON,BUY CANDIDATE,WATCH,CONFIRMED,437.2999877929688,13.56,403.4,63.5,45.0,False,,70.0,
2026-07-14 14:19,CONCOR,WATCH CLOSELY,BROKEN,ANTICIPATION,493.1499938964844,,,,,,,31.3,
2026-07-14 14:19,FEDERALBNK,RE-ENTRY WINDOW,EXTENDED,CONFIRMED,327.5,5.92,312.71,54.1,45.0,False,,85.8,
2026-07-14 14:19,POLYCAB,BUY CANDIDATE,WATCH,CONFIRMED,9532.5,253.14,8899.64,46.9,45.0,False,,82.7,
2026-07-14 14:19,BLACKBUCK,WATCH CLOSELY,BROKEN,ANTICIPATION,584.4500122070312,,,,,,,58.3,
2026-07-14 14:19,ENTERO,BUY CANDIDATE,WATCH,CONFIRMED,1241.5999755859375,37.72,1147.3,47.9,45.0,False,,63.2,
2026-07-14 14:19,EQUITASBNK,RE-ENTRY WINDOW,EXTENDED,CONFIRMED,79.94000244140625,2.71,73.17,49.1,45.0,False,,74.2,
2026-07-14 14:19,METROPOLIS,BUY CANDIDATE,WATCH,CONFIRMED,559.2000122070312,17.84,514.6,51.8,45.0,False,,72.8,
2026-07-14 14:19,RAIN,RE-ENTRY WINDOW,EXTENDED,CONFIRMED,205.4600067138672,8.09,185.23,45.6,45.0,False,,87.6,
2026-07-14 14:19,SANSERA,RE-ENTRY WINDOW,EXTENDED,CONFIRMED,3238.60009765625,112.02,2958.55,53.3,45.0,False,,97.9,
2026-07-14 14:19,STLTECH,BUY CANDIDATE,WATCH,CONFIRMED,533.8499755859375,33.45,,67.7,45.0,False,,99.8,
2026-07-15 15:04,ANGELONE,BUY CANDIDATE,WATCH,CONFIRMED,343.3999938964844,10.39,317.42,51.2,45.0,False,,85.7,
2026-07-15 15:04,NIVABUPA,BUY CANDIDATE,WATCH,CONFIRMED,88.36000061035156,2.04,83.27,42.1,45.0,False,,68.1,
2026-07-15 15:04,SYRMA,RE-ENTRY WINDOW,EXTENDED,CONFIRMED,1404.5999755859375,50.84,1277.51,53.5,45.0,False,,98.7,
2026-07-15 15:04,APARINDS,BUY CANDIDATE,WATCH,CONFIRMED,14136.0,685.86,,49.2,45.0,False,,95.6,
2026-07-15 15:04,GMRAIRPORT,RE-ENTRY WINDOW,EXTENDED,CONFIRMED,111.81999969482422,2.63,105.24,46.1,45.0,False,,69.9,
2026-07-15 15:04,LAURUSLABS,RE-ENTRY WINDOW,EXTENDED,CONFIRMED,1554.300048828125,43.41,1445.78,49.0,45.0,False,,94.1,
2026-07-15 15:04,POLICYBZR,WATCH CLOSELY,BROKEN,ANTICIPATION,1610.800048828125,,,,,,,35.7,
2026-07-15 15:04,PETRONET,WATCH CLOSELY,WATCH,ANTICIPATION,278.3999938964844,,,,,,,38.5,
2026-07-15 15:04,UNOMINDA,WATCH CLOSELY,BROKEN,ANTICIPATION,1157.699951171875,,,,,,,39.8,
2026-07-15 15:04,APOLLO,BUY CANDIDATE,WATCH,CONFIRMED,404.75,20.12,,60.5,45.0,False,,96.4,
2026-07-15 15:04,GRWRHITECH,RE-ENTRY WINDOW,EXTENDED,CONFIRMED,6991.0,241.32,6387.7,49.7,45.0,False,,98.5,
2026-07-15 15:04,HCG,WATCH CLOSELY,WATCH,ANTICIPATION,646.8499755859375,,,,,,,56.9,
2026-07-15 15:04,RCF,WATCH CLOSELY,BROKEN,ANTICIPATION,130.47000122070312,,,,,,,27.0,
2026-07-15 15:04,SHRIPISTON,RE-ENTRY WINDOW,EXTENDED,CONFIRMED,4175.60009765625,139.26,3827.44,51.5,45.0,False,,87.6,
2026-07-15 15:04,TRIVENI,RE-ENTRY WINDOW,EXTENDED,CONFIRMED,461.2999877929688,17.8,416.79,47.8,45.0,False,,79.5,
2026-07-15 15:04,WABAG,RE-ENTRY WINDOW,EXTENDED,CONFIRMED,2100.300048828125,109.54,,52.6,45.0,False,,93.9,
2026-07-16 14:04,CDSL,WATCH CLOSELY,WATCH,ANTICIPATION,1410.5,,,,,,,30.7,
2026-07-16 14:04,HONASA,RE-ENTRY WINDOW,EXTENDED,CONFIRMED,470.1000061035156,16.21,429.56,46.5,45.0,False,,92.8,
2026-07-16 14:04,JBCHEPHARM,RE-ENTRY WINDOW,EXTENDED,CONFIRMED,2408.89990234375,59.76,2259.51,45.1,45.0,False,,85.2,
2026-07-16 14:04,J&KBANK,RE-ENTRY WINDOW,EXTENDED,CONFIRMED,177.72999572753906,8.63,,52.9,45.0,False,,95.3,
2026-07-16 14:04,KIRLOSENG,RE-ENTRY WINDOW,EXTENDED,CONFIRMED,2396.10009765625,114.67,2109.42,47.6,45.0,False,,99.0,
2026-07-16 14:04,NUVAMA,RE-ENTRY WINDOW,EXTENDED,CONFIRMED,1846.4000244140625,70.11,1671.11,53.9,45.0,False,,80.1,
2026-07-16 14:04,HUDCO,WATCH CLOSELY,WATCH,ANTICIPATION,202.66000366210935,,,,,,,31.3,
2026-07-16 14:04,APLLTD,WATCH CLOSELY,WATCH,ANTICIPATION,839.75,,,,,,,40.9,
2026-07-16 14:04,ASTRAMICRO,RE-ENTRY WINDOW,EXTENDED,CONFIRMED,1721.699951171875,70.24,1546.11,53.7,45.0,False,,95.9,
2026-07-16 14:04,FEDFINA,BUY CANDIDATE,WATCH,CONFIRMED,161.38999938964844,6.75,144.5,44.7,45.0,False,,70.2,
2026-07-16 14:04,PGIL,RE-ENTRY WINDOW,EXTENDED,CONFIRMED,2048.5,80.02,1848.45,57.4,45.0,False,,83.1,
2026-07-16 14:04,SKYGOLD,RE-ENTRY WINDOW,EXTENDED,CONFIRMED,622.4500122070312,29.82,547.91,53.3,45.0,False,,97.6,
2026-07-16 14:04,THANGAMAYL,RE-ENTRY WINDOW,EXTENDED,CONFIRMED,6377.0,450.01,,49.8,45.0,False,,98.9,
2026-07-16 14:04,MOSCHIP,MANAGE,,PARTIAL PROFIT 2.5R hit at 254.35 — sell ~33 sh of trading l,247.6100006103516,,,,,,,,
2026-07-17 14:56,ACMESOLAR,RE-ENTRY WINDOW,EXTENDED,CONFIRMED,385.25,14.92,347.95,46.8,45.0,False,,94.5,
2026-07-17 14:56,HFCL,RE-ENTRY WINDOW,EXTENDED,CONFIRMED,213.1699981689453,9.92,188.37,60.3,45.0,False,,99.5,
2026-07-17 14:56,RHIM,WATCH CLOSELY,BROKEN,ANTICIPATION,409.0,,,,,,,27.2,
2026-07-17 14:56,SHYAMMETL,BUY CANDIDATE,WATCH,CONFIRMED,1022.5,31.43,943.94,53.7,45.0,False,,79.1,
2026-07-17 14:56,WELCORP,RE-ENTRY WINDOW,EXTENDED,CONFIRMED,1581.5,65.18,1418.55,49.6,45.0,False,,98.0,
2026-07-17 14:56,NAUKRI,WATCH CLOSELY,WATCH,ANTICIPATION,1187.25,,,,,,,23.8,
2026-07-17 14:56,MPHASIS,WATCH CLOSELY,BROKEN,ANTICIPATION,2394.199951171875,,,,,,,21.5,
2026-07-17 14:56,PHOENIXLTD,RE-ENTRY WINDOW,EXTENDED,CONFIRMED,2075.800048828125,61.81,1921.28,45.2,45.0,False,,72.9,
2026-07-17 14:56,AKUMS,RE-ENTRY WINDOW,EXTENDED,CONFIRMED,664.9500122070312,25.65,600.82,45.2,45.0,False,,85.7,
2026-07-17 14:56,HCG,WATCH CLOSELY,WATCH,ANTICIPATION,655.8499755859375,,,,,,,61.2,
2026-07-17 14:56,NEOGEN,RE-ENTRY WINDOW,EXTENDED,CONFIRMED,2175.60009765625,108.89,,47.1,45.0,False,,96.4,
2026-07-17 14:56,SHILPAMED,RE-ENTRY WINDOW,EXTENDED,CONFIRMED,620.25,24.63,558.68,56.2,45.0,False,,97.2,
2026-07-17 14:56,TRIVENI,RE-ENTRY WINDOW,EXTENDED,CONFIRMED,472.1499938964844,19.08,424.46,48.3,45.0,False,,82.2,
2026-07-20 15:24,ASAHIINDIA,WATCH CLOSELY,BROKEN,ANTICIPATION,889.8499755859375,,,,,,,47.7,
2026-07-20 15:24,ELGIEQUIP,BUY CANDIDATE,WATCH,CONFIRMED,588.0,17.77,543.57,59.7,100.0,False,,75.6,Quality
2026-07-20 15:24,GRANULES,RE-ENTRY WINDOW,EXTENDED,CONFIRMED,876.0999755859375,24.22,815.56,64.0,100.0,False,,93.2,(untagged — theme data Phase C)
2026-07-20 15:24,INDIACEM,WATCH CLOSELY,WATCH,ANTICIPATION,392.5,,,,,,,40.1,
2026-07-20 15:24,NBCC,WATCH CLOSELY,BROKEN,ANTICIPATION,98.11000061035156,,,,,,,26.2,
2026-07-20 15:24,SCHNEIDER,BUY CANDIDATE,WATCH,CONFIRMED,1341.0,62.79,1184.02,58.4,70.0,False,,97.4,(untagged — theme data Phase C)
2026-07-20 15:24,BERGEPAINT,WATCH CLOSELY,WATCH,ANTICIPATION,490.7000122070313,,,,,,,30.9,
2026-07-20 15:24,HINDPETRO,WATCH CLOSELY,BROKEN,ANTICIPATION,405.3999938964844,,,,,,,30.5,
2026-07-20 15:24,HUDCO,WATCH CLOSELY,WATCH,ANTICIPATION,201.9199981689453,,,,,,,32.6,
2026-07-20 15:24,IPCALAB,RE-ENTRY WINDOW,EXTENDED,CONFIRMED,1838.5999755859373,61.11,1685.81,67.8,100.0,False,,74.3,Turnaround
2026-07-20 15:24,JSWENERGY,BUY CANDIDATE,WATCH,CONFIRMED,567.7000122070312,15.36,529.31,66.2,100.0,False,,66.4,(untagged — theme data Phase C)
2026-07-20 15:24,THERMAX,BUY CANDIDATE,WATCH,CONFIRMED,4710.5,204.36,4199.61,52.3,100.0,False,,91.0,(untagged — theme data Phase C)
2026-07-20 15:24,DCBBANK,BUY CANDIDATE,WATCH,CONFIRMED,189.8500061035156,6.06,174.71,65.9,80.0,False,,69.1,(untagged — theme data Phase C)
2026-07-20 15:24,EDELWEISS,BUY CANDIDATE,WATCH,CONFIRMED,122.0999984741211,4.73,110.27,54.6,100.0,False,,64.1,(untagged — theme data Phase C)
2026-07-20 15:24,KIRLPNU,BUY CANDIDATE,WATCH,CONFIRMED,1720.300048828125,72.69,1538.59,59.0,100.0,False,,89.9,(untagged — theme data Phase C)
2026-07-21 15:15,JUBLPHARMA,WATCH CLOSELY,WATCH,ANTICIPATION,1007.7999877929688,,,,,,,32.6,
2026-07-21 15:15,KIMS,BUY CANDIDATE,WATCH,CONFIRMED,790.4500122070312,20.97,738.02,37.7,100.0,False,,74.3,(untagged — theme data Phase C)
2026-07-21 15:15,POONAWALLA,WATCH CLOSELY,WATCH,ANTICIPATION,463.2000122070313,,,,,,,48.1,
2026-07-21 15:15,USHAMART,BUY CANDIDATE,WATCH,CONFIRMED,500.2000122070313,15.1,462.44,71.3,100.0,False,,76.4,Turnaround
2026-07-21 15:15,IONEXCHANG,BUY CANDIDATE,WATCH,CONFIRMED,437.7000122070313,20.34,386.85,45.9,100.0,False,,59.4,(untagged — theme data Phase C)
2026-07-21 15:15,PGIL,RE-ENTRY WINDOW,EXTENDED,CONFIRMED,2047.800048828125,81.62,1843.75,59.6,100.0,False,,84.8,(untagged — theme data Phase C)
2026-07-21 15:15,PRUDENT,BUY CANDIDATE,WATCH,CONFIRMED,2912.5,102.39,2656.54,48.0,100.0,False,,67.1,Quality
2026-07-21 15:16,DIACABS,MANAGE,,MOVE STOP TO BREAKEVEN (entry price redacted) — +1.5R closed,269.07000732421875,,,,,,,,
2026-07-22 15:15,DATAPATTNS,BUY CANDIDATE,WATCH,CONFIRMED,4782.7998046875,200.41,4281.76,59.7,70.0,False,,96.4,(untagged — theme data Phase C)
2026-07-22 15:15,ERIS,WATCH CLOSELY,WATCH,ANTICIPATION,1440.5999755859375,,,,,,,35.7,
2026-07-22 15:15,INDGN,WATCH CLOSELY,WATCH,ANTICIPATION,493.3500061035156,,,,,,,37.1,
2026-07-22 15:15,JSWDULUX,WATCH CLOSELY,BROKEN,ANTICIPATION,3055.300048828125,,,,,,,36.6,
2026-07-22 15:15,KARURVYSYA,RE-ENTRY WINDOW,EXTENDED,CONFIRMED,339.1499938964844,13.22,306.1,62.9,80.0,False,,87.0,(untagged — theme data Phase C)
2026-07-22 15:15,SOBHA,WATCH CLOSELY,WATCH,ANTICIPATION,1426.0,,,,,,,38.1,
2026-07-22 15:15,AJANTPHARM,RE-ENTRY WINDOW,EXTENDED,CONFIRMED,3458.89990234375,104.64,3197.29,57.0,100.0,False,,81.8,Quality
2026-07-22 15:15,NAUKRI,WATCH CLOSELY,WATCH,ANTICIPATION,1189.300048828125,,,,,,,28.2,
2026-07-22 15:15,LAURUSLABS,RE-ENTRY WINDOW,EXTENDED,CONFIRMED,1577.800048828125,39.89,1478.07,64.5,100.0,False,,95.1,(untagged — theme data Phase C)
2026-07-22 15:15,OFSS,RE-ENTRY WINDOW,EXTENDED,CONFIRMED,10851.0,375.93,9911.18,68.8,100.0,False,,85.6,Turnaround
2026-07-22 15:15,PHOENIXLTD,RE-ENTRY WINDOW,EXTENDED,CONFIRMED,2055.60009765625,59.18,1907.65,58.9,100.0,False,,74.5,(untagged — theme data Phase C)
2026-07-22 15:15,APLLTD,WATCH CLOSELY,WATCH,ANTICIPATION,812.2000122070312,,,,,,,38.9,
2026-07-22 15:15,APOLLO,BUY CANDIDATE,WATCH,CONFIRMED,404.8999938964844,17.78,360.44,25.0,100.0,True,promoter_pledge: 30.8% of promoter holding pledged,97.1,Hyper-growth
2026-07-22 15:15,CUPID,RE-ENTRY WINDOW,EXTENDED,CONFIRMED,206.8999938964844,14.99,,62.1,100.0,False,,99.8,(untagged — theme data Phase C)
2026-07-22 15:15,AGARWALEYE,WATCH CLOSELY,WATCH,ANTICIPATION,480.0499877929688,,,,,,,52.5,
2026-07-22 15:15,ENTERO,BUY CANDIDATE,WATCH,CONFIRMED,1239.300048828125,41.21,1136.26,49.5,100.0,False,,48.2,Turnaround
2026-07-22 15:15,IIFLCAPS,BUY CANDIDATE,WATCH,CONFIRMED,342.95001220703125,3.67,333.78,41.5,100.0,False,,43.2,(untagged — theme data Phase C)
2026-07-22 15:15,INOXINDIA,RE-ENTRY WINDOW,EXTENDED,CONFIRMED,2042.199951171875,101.81,,53.6,100.0,False,,96.1,Quality
2026-07-22 15:15,REDTAPE,WATCH CLOSELY,WATCH,ANTICIPATION,129.99000549316406,,,,,,,45.0,
2026-07-22 15:15,RBA,WATCH CLOSELY,WATCH,ANTICIPATION,65.93000030517578,,,,,,,32.6,
2026-07-22 15:15,SHILPAMED,RE-ENTRY WINDOW,EXTENDED,CONFIRMED,613.3499755859375,21.7,559.11,67.1,100.0,False,,96.6,(untagged — theme data Phase C)
2026-07-22 15:15,STLTECH,BUY CANDIDATE,WATCH,CONFIRMED,552.9500122070312,35.06,,74.9,100.0,False,,100.0,Turnaround
2026-07-23 15:23,ATHERENERG,RE-ENTRY WINDOW,EXTENDED,CONFIRMED,1233.199951171875,60.01,,52.8,70.0,False,,99.3,(untagged — theme data Phase C)
2026-07-23 15:23,BALRAMCHIN,RE-ENTRY WINDOW,EXTENDED,CONFIRMED,612.7999877929688,19.58,563.84,47.8,100.0,False,,82.1,(untagged — theme data Phase C)
2026-07-23 15:23,CDSL,WATCH CLOSELY,WATCH,ANTICIPATION,1323.4000244140625,,,,,,,30.2,
2026-07-23 15:23,MMTC,WATCH CLOSELY,WATCH,ANTICIPATION,61.93999862670898,,,,,,,31.3,
2026-07-23 15:23,POONAWALLA,WATCH CLOSELY,WATCH,ANTICIPATION,464.9500122070313,,,,,,,50.1,
2026-07-23 15:23,INDUSTOWER,WATCH CLOSELY,WATCH,ANTICIPATION,390.25,,,,,,,37.8,
2026-07-23 15:23,INDUSINDBK,RE-ENTRY WINDOW,EXTENDED,CONFIRMED,1005.5,30.24,929.91,25.0,100.0,True,promoter_pledge: 42.8% of promoter holding pledged,64.7,(untagged — theme data Phase C)
2026-07-23 15:23,RADICO,RE-ENTRY WINDOW,EXTENDED,CONFIRMED,4065.300048828125,95.26,3827.16,74.9,100.0,False,,89.3,Turnaround + Quality
2026-07-23 15:23,AETHER,RE-ENTRY WINDOW,EXTENDED,CONFIRMED,1435.5,57.76,1291.11,62.9,100.0,False,,94.3,(untagged — theme data Phase C)
2026-07-23 15:23,DCBBANK,BUY CANDIDATE,WATCH,CONFIRMED,189.72000122070312,5.88,175.03,60.0,80.0,False,,68.9,(untagged — theme data Phase C)
2026-07-23 15:23,JAMNAAUTO,BUY CANDIDATE,WATCH,CONFIRMED,130.8000030517578,4.67,119.13,73.1,100.0,False,,73.4,Turnaround
2026-07-23 15:23,SKYGOLD,RE-ENTRY WINDOW,EXTENDED,CONFIRMED,649.2000122070312,31.61,,64.4,100.0,False,,98.2,Hyper-growth
2026-07-23 15:23,SHRIPISTON,RE-ENTRY WINDOW,EXTENDED,CONFIRMED,4277.89990234375,146.14,3912.54,53.1,100.0,False,,93.7,(untagged — theme data Phase C)
2026-07-23 15:23,TIPSMUSIC,BUY CANDIDATE,WATCH,CONFIRMED,676.5999755859375,40.89,,55.4,70.0,False,,76.1,(untagged — theme data Phase C)
2026-07-24 15:07,ASAHIINDIA,WATCH CLOSELY,BROKEN,ANTICIPATION,888.2999877929688,,,,,,,47.4,
2026-07-24 15:07,CEMPRO,RE-ENTRY WINDOW,EXTENDED,CONFIRMED,1441.0,71.11,,66.6,100.0,False,,97.7,(untagged — theme data Phase C)
2026-07-24 15:07,GRAPHITE,BUY CANDIDATE,BROKEN,CONFIRMED,672.75,26.75,605.87,43.1,100.0,False,,63.9,(untagged — theme data Phase C)
2026-07-24 15:07,INDIACEM,WATCH CLOSELY,WATCH,ANTICIPATION,407.0,,,,,,,46.3,
2026-07-24 15:07,KIMS,BUY CANDIDATE,WATCH,CONFIRMED,797.8499755859375,19.25,749.73,38.0,100.0,False,,78.0,(untagged — theme data Phase C)
2026-07-24 15:07,AKUMS,RE-ENTRY WINDOW,EXTENDED,CONFIRMED,687.2999877929688,27.21,619.26,57.6,100.0,False,,89.3,Turnaround
2026-07-24 15:07,ARVIND,BUY CANDIDATE,WATCH,CONFIRMED,527.2000122070312,17.44,483.59,63.3,100.0,False,,95.6,(untagged — theme data Phase C)
2026-07-24 15:07,ENTERO,BUY CANDIDATE,WATCH,CONFIRMED,1229.5999755859375,44.2,1119.1,52.8,100.0,False,,52.2,Turnaround
2026-07-24 15:07,IONEXCHANG,BUY CANDIDATE,WATCH,CONFIRMED,425.1000061035156,21.2,,47.1,100.0,False,,53.5,(untagged — theme data Phase C)
2026-07-24 15:07,STLTECH,BUY CANDIDATE,WATCH,CONFIRMED,564.1500244140625,34.69,,80.5,100.0,False,,100.0,Turnaround
2026-07-24 15:07,DIACABS,MANAGE,,PARTIAL PROFIT 2.5R hit at 297.75 — sell ~16 sh of trading l,295.1499938964844,,,,,,,,
2026-07-27 15:02,ACUTAAS,BUY CANDIDATE,WATCH,CONFIRMED,3367.800048828125,140.79,3015.82,68.1,100.0,False,,99.0,Quality + Hyper-growth
2026-07-27 15:02,AEGISLOG,RE-ENTRY WINDOW,EXTENDED,CONFIRMED,1291.300048828125,90.21,,59.1,100.0,False,,96.6,(untagged — theme data Phase C)
2026-07-27 15:02,MSUMI,WATCH CLOSELY,BROKEN,ANTICIPATION,41.7400016784668,,,,,,,39.0,
2026-07-27 15:02,NUVAMA,RE-ENTRY WINDOW,EXTENDED,CONFIRMED,1916.5999755859373,79.04,1718.99,25.0,100.0,True,promoter_pledge: 62.8% of promoter holding pledged,83.0,(untagged — theme data Phase C)
2026-07-27 15:02,RBLBANK,BUY CANDIDATE,WATCH,CONFIRMED,362.8500061035156,10.56,336.44,50.5,100.0,False,,79.5,(untagged — theme data Phase C)
2026-07-27 15:02,RKFORGE,BUY CANDIDATE,WATCH,CONFIRMED,625.4500122070312,20.7,573.7,51.6,100.0,False,,67.7,(untagged — theme data Phase C)
2026-07-27 15:02,VIJAYA,BUY CANDIDATE,WATCH,CONFIRMED,1350.800048828125,50.13,1225.48,52.6,100.0,False,,86.9,(untagged — theme data Phase C)
2026-07-27 15:02,AUBANK,BUY CANDIDATE,WATCH,CONFIRMED,1052.199951171875,29.81,977.68,52.2,80.0,False,,67.9,(untagged — theme data Phase C)
2026-07-27 15:02,BANKINDIA,WATCH CLOSELY,WATCH,ANTICIPATION,137.8699951171875,,,,,,,43.9,
2026-07-27 15:02,CRISIL,WATCH CLOSELY,WATCH,ANTICIPATION,4486.2998046875,,,,,,,24.8,
2026-07-27 15:02,LUPIN,BUY CANDIDATE,WATCH,CONFIRMED,2410.0,57.92,2265.2,61.4,100.0,False,,70.0,Quality
2026-07-27 15:02,NAM-INDIA,BUY CANDIDATE,WATCH,CONFIRMED,1153.9000244140625,41.18,1050.95,57.4,100.0,False,,83.8,Quality
2026-07-27 15:02,PERSISTENT,WATCH CLOSELY,BROKEN,ANTICIPATION,5268.2001953125,,,,,,,25.6,
2026-07-27 15:02,DCBBANK,BUY CANDIDATE,WATCH,CONFIRMED,190.25999450683597,6.9,173.01,65.0,100.0,False,,64.6,(untagged — theme data Phase C)
2026-07-27 15:02,AGARWALEYE,WATCH CLOSELY,WATCH,ANTICIPATION,476.2000122070313,,,,,,,52.6,
2026-07-27 15:02,DYNAMATECH,BUY CANDIDATE,WATCH,CONFIRMED,10546.0,366.21,9630.46,51.1,100.0,False,,83.3,(untagged — theme data Phase C)
2026-07-27 15:02,GAEL,BUY CANDIDATE,WATCH,CONFIRMED,157.30999755859375,6.09,142.09,59.8,100.0,False,,77.8,(untagged — theme data Phase C)
2026-07-27 15:02,KSB,BUY CANDIDATE,WATCH,CONFIRMED,877.4000244140625,26.59,810.93,47.1,100.0,False,,66.0,Quality
2026-07-27 15:02,LLOYDSENT,BUY CANDIDATE,WATCH,CONFIRMED,81.63999938964844,3.68,72.45,49.8,100.0,False,,79.8,(untagged — theme data Phase C)
2026-07-27 15:02,MARKSANS,BUY CANDIDATE,WATCH,CONFIRMED,263.3999938964844,11.9,233.64,62.2,100.0,False,,84.1,(untagged — theme data Phase C)
2026-07-27 15:02,PRUDENT,BUY CANDIDATE,WATCH,CONFIRMED,2870.0,115.34,2581.66,50.7,100.0,False,,68.3,Quality
2026-07-27 15:02,THYROCARE,BUY CANDIDATE,WATCH,CONFIRMED,584.0499877929688,28.12,,25.0,100.0,True,promoter_pledge: 100.0% of promoter holding pledged,84.3,Quality
2026-07-27 15:03,MOSCHIP,MANAGE,,STOP HIT at 208.49 (low 206.38) — exit all remaining shares,208.3000030517578,,,,,,,,
2026-07-28 10:43,CAPLIPOINT,BUY CANDIDATE,WATCH,CONFIRMED,2588.300048828125,99.19,2340.32,55.9,100.0,False,,86.8,Turnaround + Quality
2026-07-28 10:43,HSCL,RE-ENTRY WINDOW,EXTENDED,CONFIRMED,749.6500244140625,33.46,665.99,62.8,100.0,False,,92.1,Quality
2026-07-28 10:43,JINDALSAW,BUY CANDIDATE,WATCH,CONFIRMED,257.1499938964844,11.54,228.29,49.4,100.0,False,,80.6,(untagged — theme data Phase C)
2026-07-28 10:43,KFINTECH,WATCH CLOSELY,WATCH,ANTICIPATION,973.75,,,,,,,27.1,
2026-07-28 10:43,BHARTIHEXA,WATCH CLOSELY,WATCH,ANTICIPATION,1604.5999755859375,,,,,,,40.4,
2026-07-28 10:43,HINDPETRO,WATCH CLOSELY,BROKEN,ANTICIPATION,400.0499877929688,,,,,,,30.5,
2026-07-28 10:43,LTTS,WATCH CLOSELY,WATCH,ANTICIPATION,3599.300048828125,,,,,,,27.8,
2026-07-28 10:43,MPHASIS,WATCH CLOSELY,BROKEN,ANTICIPATION,2413.5,,,,,,,20.7,
2026-07-28 10:43,ASTRAMICRO,RE-ENTRY WINDOW,EXTENDED,CONFIRMED,1704.0999755859375,67.87,1534.42,65.6,100.0,False,,96.8,Quality
2026-07-28 10:43,CCAVENUE,WATCH CLOSELY,WATCH,ANTICIPATION,16.549999237060547,,,,,,,53.7,
2026-07-28 10:43,GRINDWELL,BUY CANDIDATE,WATCH,CONFIRMED,2043.300048828125,112.72,,62.6,100.0,False,,78.1,(untagged — theme data Phase C)
2026-07-28 10:43,TMB,RE-ENTRY WINDOW,EXTENDED,CONFIRMED,880.7999877929688,34.66,794.15,61.4,100.0,False,,95.6,(untagged — theme data Phase C)
2026-07-29 15:37,BELRISE,BUY CANDIDATE,WATCH,CONFIRMED,230.47000122070312,6.75,213.59,67.5,100.0,False,,91.5,Turnaround
2026-07-29 15:37,SAGILITY,WATCH CLOSELY,WATCH,ANTICIPATION,44.869998931884766,,,,,,,30.8,
2026-07-29 15:37,VTL,BUY CANDIDATE,WATCH,CONFIRMED,629.5499877929688,19.19,581.57,54.0,100.0,False,,88.7,(untagged — theme data Phase C)
2026-07-29 15:37,WOCKPHARMA,BUY CANDIDATE,WATCH,CONFIRMED,1916.5,55.59,1777.52,60.9,100.0,False,,78.9,Turnaround
2026-07-29 15:37,MRF,WATCH CLOSELY,BROKEN,ANTICIPATION,134200.0,,,,,,,32.9,
2026-07-29 15:37,AVALON,BUY CANDIDATE,WATCH,CONFIRMED,1677.300048828125,77.09,1484.59,66.1,100.0,False,,97.7,Turnaround
2026-07-29 15:37,GOKULAGRO,BUY CANDIDATE,WATCH,CONFIRMED,223.1999969482422,7.66,204.04,67.3,100.0,False,,87.5,(untagged — theme data Phase C)
2026-07-29 15:37,GAEL,BUY CANDIDATE,WATCH,CONFIRMED,164.30999755859375,6.25,148.69,58.9,100.0,False,,82.1,(untagged — theme data Phase C)
2026-07-29 15:37,SKYGOLD,RE-ENTRY WINDOW,EXTENDED,CONFIRMED,653.5,28.73,581.68,62.2,100.0,False,,97.9,Hyper-growth
2026-07-29 15:37,THANGAMAYL,RE-ENTRY WINDOW,EXTENDED,CONFIRMED,6452.0,361.43,,67.8,100.0,False,,99.0,Hyper-growth
2026-07-30 15:23,CANFINHOME,WATCH CLOSELY,WATCH,ANTICIPATION,816.2999877929688,,,,,,,34.4,
2026-07-30 15:23,KFINTECH,WATCH CLOSELY,WATCH,ANTICIPATION,940.5,,,,,,,18.4,
2026-07-30 15:23,WELCORP,RE-ENTRY WINDOW,EXTENDED,CONFIRMED,1655.0,56.16,1514.61,75.8,100.0,False,,98.1,Turnaround + Quality
2026-07-30 15:23,BALKRISIND,WATCH CLOSELY,BROKEN,ANTICIPATION,2306.89990234375,,,,,,,28.4,
2026-07-30 15:23,COROMANDEL,WATCH CLOSELY,BROKEN,ANTICIPATION,2054.199951171875,,,,,,,26.1,
2026-07-30 15:23,FLUOROCHEM,RE-ENTRY WINDOW,EXTENDED,CONFIRMED,4395.0,154.81,4007.96,51.9,100.0,False,,82.3,(untagged — theme data Phase C)
2026-07-30 15:23,AGARWALEYE,WATCH CLOSELY,WATCH,ANTICIPATION,482.2000122070313,,,,,,,52.4,
2026-07-30 15:23,ENTERO,BUY CANDIDATE,WATCH,CONFIRMED,1243.0,44.84,1130.91,51.1,100.0,False,,52.1,Turnaround
2026-07-30 15:23,RATEGAIN,BUY CANDIDATE,WATCH,CONFIRMED,896.4500122070312,35.24,808.34,50.7,100.0,False,,93.7,Hyper-growth
2026-07-30 15:23,SENCO,RE-ENTRY WINDOW,EXTENDED,CONFIRMED,404.8500061035156,16.92,362.56,61.1,100.0,False,,74.6,Hyper-growth
2026-07-30 15:23,SMLMAH,EPISODIC PIVOT,WATCH,EXTENDED,5479.2001953125,263.86,5020.5,62.5,100.0,False,,91.7,(untagged — theme data Phase C)
2026-07-31 15:29,CGCL,BUY CANDIDATE,WATCH,CONFIRMED,232.3800048828125,10.42,206.33,70.2,100.0,False,,82.5,Hyper-growth
2026-07-31 15:29,IFCI,BUY CANDIDATE,WATCH,CONFIRMED,76.54000091552734,2.3,70.79,47.4,100.0,False,,81.0,(untagged — theme data Phase C)
2026-07-31 15:29,KIRLOSENG,BUY CANDIDATE,WATCH,CONFIRMED,2189.800048828125,97.05,1947.18,64.0,100.0,False,,98.4,(untagged — theme data Phase C)
2026-07-31 15:29,NAVINFLUOR,BUY CANDIDATE,WATCH,CONFIRMED,7567.5,201.82,7062.95,66.6,100.0,False,,84.3,(untagged — theme data Phase C)
2026-07-31 15:29,NETWEB,BUY CANDIDATE,WATCH,CONFIRMED,4524.0,170.44,4097.89,67.1,100.0,False,,95.9,Hyper-growth
2026-07-31 15:29,PNBHOUSING,BUY CANDIDATE,WATCH,CONFIRMED,1053.0999755859375,29.2,980.1,57.2,100.0,False,,66.0,(untagged — theme data Phase C)
2026-07-31 15:29,SCHNEIDER,BUY CANDIDATE,WATCH,CONFIRMED,1355.300048828125,56.36,1214.41,48.0,100.0,False,,96.9,(untagged — theme data Phase C)
2026-07-31 15:29,WOCKPHARMA,BUY CANDIDATE,WATCH,CONFIRMED,1959.699951171875,54.51,1823.41,61.4,100.0,False,,81.4,Turnaround
2026-07-31 15:29,APLAPOLLO,WATCH CLOSELY,WATCH,ANTICIPATION,1819.5,,,,,,,40.4,
2026-07-31 15:29,BHEL,BUY CANDIDATE,WATCH,CONFIRMED,407.0,14.0,372.0,69.8,100.0,False,,93.2,Turnaround
2026-07-31 15:29,ALIVUS,BUY CANDIDATE,WATCH,CONFIRMED,1160.0,38.26,1064.36,55.8,70.0,False,,73.5,(untagged — theme data Phase C)
2026-07-31 15:29,TVSSCS,BUY CANDIDATE,WATCH,CONFIRMED,135.11000061035156,3.25,126.99,25.0,100.0,True,promoter_pledge: 31.9% of promoter holding pledged,76.5,(untagged — theme data Phase C)
2026-07-31 15:29,TIPSMUSIC,BUY CANDIDATE,WATCH,CONFIRMED,668.0499877929688,42.67,,58.5,100.0,False,,69.1,Quality
2026-07-31 15:29,VOLTAMP,BUY CANDIDATE,WATCH,CONFIRMED,9923.0,261.29,9269.79,56.6,100.0,False,,79.4,(untagged — theme data Phase C)
2026-08-03 13:42,ASAHIINDIA,WATCH CLOSELY,BROKEN,ANTICIPATION,897.0499877929688,,,,,,,35.0,
2026-08-03 13:42,CARBORUNIV,BUY CANDIDATE,WATCH,CONFIRMED,1095.5,36.02,1005.45,40.6,100.0,False,,73.6,(untagged — theme data Phase C)
2026-08-03 13:42,CEATLTD,WATCH CLOSELY,BROKEN,ANTICIPATION,3542.5,,,,,,,36.8,
2026-08-03 13:42,CDSL,WATCH CLOSELY,WATCH,ANTICIPATION,1322.199951171875,,,,,,,24.6,
2026-08-03 13:42,CHALET,WATCH CLOSELY,WATCH,ANTICIPATION,821.5,,,,,,,33.3,
2026-08-03 13:42,DATAPATTNS,BUY CANDIDATE,WATCH,CONFIRMED,4428.7998046875,232.82,,63.0,100.0,False,,95.5,Quality + Hyper-growth
2026-08-03 13:42,HFCL,BUY CANDIDATE,WATCH,CONFIRMED,202.5200042724609,11.39,,74.7,100.0,False,,99.5,Turnaround
2026-08-03 13:42,THELEELA,BUY CANDIDATE,WATCH,CONFIRMED,501.7999877929688,16.87,459.63,25.0,100.0,True,promoter_pledge: 73.6% of promoter holding pledged,65.3,Turnaround
2026-08-03 13:42,MANAPPURAM,RE-ENTRY WINDOW,EXTENDED,CONFIRMED,365.0,10.65,338.37,53.7,100.0,False,,76.3,Turnaround
2026-08-03 13:42,SAGILITY,WATCH CLOSELY,WATCH,ANTICIPATION,43.880001068115234,,,,,,,22.5,
2026-08-03 13:42,AIAENG,BUY CANDIDATE,WATCH,CONFIRMED,4684.60009765625,130.39,4358.62,62.9,100.0,False,,77.3,Turnaround
2026-08-03 13:42,APARINDS,BUY CANDIDATE,WATCH,CONFIRMED,14746.0,638.07,13150.82,69.4,100.0,False,,96.3,Quality
2026-08-03 13:42,APOLLOTYRE,WATCH CLOSELY,BROKEN,ANTICIPATION,436.6000061035156,,,,,,,22.7,
2026-08-03 13:42,HINDPETRO,WATCH CLOSELY,BROKEN,ANTICIPATION,395.0,,,,,,,27.5,
2026-08-03 13:42,INDUSTOWER,WATCH CLOSELY,WATCH,ANTICIPATION,395.2999877929688,,,,,,,32.9,
2026-08-03 13:42,JSWENERGY,BUY CANDIDATE,WATCH,CONFIRMED,569.0,13.04,536.39,46.2,100.0,False,,69.0,(untagged — theme data Phase C)
2026-08-03 13:42,MRF,WATCH CLOSELY,BROKEN,ANTICIPATION,133730.0,,,,,,,32.1,
2026-08-03 13:42,MPHASIS,WATCH CLOSELY,BROKEN,ANTICIPATION,2429.0,,,,,,,20.1,
2026-08-03 13:42,PHOENIXLTD,BUY CANDIDATE,WATCH,CONFIRMED,1955.0,51.51,1826.21,58.8,100.0,False,,70.4,(untagged — theme data Phase C)
2026-08-03 13:42,AVL,BUY CANDIDATE,WATCH,CONFIRMED,623.6500244140625,21.46,569.99,60.2,100.0,False,,85.8,(untagged — theme data Phase C)
2026-08-03 13:42,ARVIND,BUY CANDIDATE,WATCH,CONFIRMED,528.9500122070312,14.88,491.76,70.1,100.0,False,,94.2,(untagged — theme data Phase C)
2026-08-03 13:42,DYNAMATECH,BUY CANDIDATE,WATCH,CONFIRMED,10763.0,321.36,9959.61,58.1,100.0,False,,85.9,(untagged — theme data Phase C)
2026-08-03 13:42,EQUITASBNK,BUY CANDIDATE,WATCH,CONFIRMED,76.26000213623047,3.18,68.32,62.2,100.0,False,,63.7,Turnaround
2026-08-03 13:42,KRN,BUY CANDIDATE,WATCH,CONFIRMED,1212.0999755859375,49.44,1088.49,58.3,100.0,False,,95.1,(untagged — theme data Phase C)
2026-08-03 13:42,STLTECH,BUY CANDIDATE,WATCH,CONFIRMED,584.9000244140625,33.26,,79.5,100.0,False,,100.0,Turnaround
2026-08-03 13:42,VIYASH,BUY CANDIDATE,WATCH,CONFIRMED,263.70001220703125,9.1,240.94,64.3,100.0,False,,81.6,(untagged — theme data Phase C)
2026-08-04 15:36,AEGISLOG,RE-ENTRY WINDOW,EXTENDED,CONFIRMED,1357.9000244140625,70.36,,59.9,100.0,False,,96.4,(untagged — theme data Phase C)
2026-08-04 15:36,LALPATHLAB,RE-ENTRY WINDOW,EXTENDED,CONFIRMED,1889.4000244140625,65.29,1726.17,61.7,100.0,False,,79.6,Turnaround + Quality
2026-08-04 15:36,GESHIP,BUY CANDIDATE,BROKEN,CONFIRMED,1434.9000244140625,54.45,1298.78,62.8,100.0,False,,80.8,Turnaround
2026-08-04 15:36,KARURVYSYA,RE-ENTRY WINDOW,EXTENDED,CONFIRMED,341.45001220703125,10.91,314.16,69.6,100.0,False,,79.8,(untagged — theme data Phase C)
2026-08-04 15:36,SCI,BUY CANDIDATE,WATCH,CONFIRMED,300.8999938964844,9.31,277.63,72.0,100.0,False,,83.2,(untagged — theme data Phase C)
2026-08-04 15:36,WELSPUNLIV,BUY CANDIDATE,WATCH,CONFIRMED,160.72999572753906,5.27,147.55,51.5,100.0,False,,72.1,(untagged — theme data Phase C)
2026-08-04 15:36,APLAPOLLO,WATCH CLOSELY,BROKEN,ANTICIPATION,1920.0,,,,,,,42.8,
2026-08-04 15:36,ABCAPITAL,RE-ENTRY WINDOW,EXTENDED,CONFIRMED,420.0,11.17,392.07,58.7,100.0,False,,82.1,(untagged — theme data Phase C)
2026-08-04 15:36,GODREJIND,BUY CANDIDATE,WATCH,CONFIRMED,1308.800048828125,41.93,1203.98,58.5,100.0,False,,75.5,(untagged — theme data Phase C)
2026-08-04 15:36,JSWINFRA,BUY CANDIDATE,WATCH,CONFIRMED,329.25,10.8,302.24,50.3,100.0,False,,67.3,(untagged — theme data Phase C)
2026-08-04 15:36,KEI,BUY CANDIDATE,WATCH,CONFIRMED,5500.0,147.73,5130.68,67.7,100.0,False,,86.3,Quality
2026-08-04 15:36,SUNDARMFIN,WATCH CLOSELY,WATCH,ANTICIPATION,4779.2998046875,,,,,,,28.8,
2026-08-04 15:36,SKYGOLD,RE-ENTRY WINDOW,EXTENDED,CONFIRMED,675.5,30.98,598.05,62.9,100.0,False,,98.4,Hyper-growth
2026-08-04 15:36,SHRIPISTON,RE-ENTRY WINDOW,EXTENDED,CONFIRMED,4402.7001953125,163.13,3994.88,51.9,100.0,False,,94.3,(untagged — theme data Phase C)
2026-08-04 15:36,UJJIVANSFB,RE-ENTRY WINDOW,EXTENDED,CONFIRMED,70.3499984741211,2.93,63.02,67.5,100.0,False,,78.8,(untagged — theme data Phase C)
2026-08-04 15:36,ARVIND,BUY TRIGGER,CONFIRMED,CONFIRMED,547.3499755859375,15.91,507.58,67.3,100.0,False,,95.5,(untagged — theme data Phase C)
2026-08-04 15:36,STLTECH,BUY TRIGGER,CONFIRMED,CONFIRMED,604.4500122070312,32.83,,80.9,100.0,False,,100.0,Turnaround
2026-08-04 15:36,RBA,EPISODIC PIVOT,WATCH,EXTENDED,84.91000366210938,3.29,76.73,45.5,100.0,False,,70.6,(untagged — theme data Phase C)
2026-08-05 15:27,BALRAMCHIN,RE-ENTRY WINDOW,EXTENDED,CONFIRMED,635.5499877929688,24.52,574.25,46.9,100.0,False,,82.9,(untagged — theme data Phase C)
2026-08-05 15:27,ENGINERSIN,BUY CANDIDATE,WATCH,CONFIRMED,240.2700042724609,5.76,225.87,57.9,100.0,False,,75.8,Quality
2026-08-05 15:27,MINDACORP,BUY CANDIDATE,WATCH,CONFIRMED,723.0,20.06,672.86,59.3,100.0,False,,81.3,(untagged — theme data Phase C)
2026-08-05 15:27,NBCC,WATCH CLOSELY,BROKEN,ANTICIPATION,96.0,,,,,,,29.2,
2026-08-05 15:27,FEDERALBNK,RE-ENTRY WINDOW,EXTENDED,CONFIRMED,356.45001220703125,8.52,335.15,63.9,100.0,False,,86.4,(untagged — theme data Phase C)
2026-08-05 15:27,FLUOROCHEM,RE-ENTRY WINDOW,EXTENDED,CONFIRMED,4498.10009765625,165.23,4085.03,48.2,100.0,False,,85.9,(untagged — theme data Phase C)
2026-08-05 15:27,HINDPETRO,WATCH CLOSELY,BROKEN,ANTICIPATION,394.9500122070313,,,,,,,27.1,
2026-08-05 15:27,JSL,WATCH CLOSELY,BROKEN,ANTICIPATION,744.5,,,,,,,40.2,
2026-08-05 15:27,OIL,WATCH CLOSELY,WATCH,ANTICIPATION,444.0,,,,,,,27.5,
2026-08-05 15:27,PETRONET,WATCH CLOSELY,WATCH,ANTICIPATION,280.79998779296875,,,,,,,30.7,
2026-08-05 15:27,SAIL,BUY CANDIDATE,WATCH,CONFIRMED,175.5,5.27,162.32,69.2,100.0,False,,69.4,(untagged — theme data Phase C)
2026-08-05 15:27,EPL,BUY CANDIDATE,WATCH,CONFIRMED,229.8699951171875,7.14,212.01,59.3,100.0,False,,60.3,(untagged — theme data Phase C)
2026-08-05 15:27,JAYNECOIND,BUY CANDIDATE,WATCH,CONFIRMED,91.7699966430664,4.07,81.59,25.0,80.0,True,promoter_pledge: 99.9% of promoter holding pledged,91.2,(untagged — theme data Phase C)
2026-08-05 15:27,KRN,BUY CANDIDATE,WATCH,CONFIRMED,1213.699951171875,45.86,1099.06,58.7,100.0,False,,95.1,(untagged — theme data Phase C)
2026-08-05 15:27,QUESS,RE-ENTRY WINDOW,EXTENDED,CONFIRMED,314.5,14.7,277.76,62.4,100.0,False,,80.9,Turnaround
2026-08-05 15:27,TDPOWERSYS,BUY CANDIDATE,WATCH,CONFIRMED,1201.9000244140625,56.22,1061.35,64.5,100.0,False,,97.7,Quality + Hyper-growth
2026-08-05 15:27,YATHARTH,BUY CANDIDATE,WATCH,CONFIRMED,858.3499755859375,20.02,808.3,62.4,100.0,False,,88.5,Hyper-growth
2026-08-06 15:07,AEGISLOG,RE-ENTRY WINDOW,EXTENDED,CONFIRMED,1400.0,75.31,,60.4,100.0,False,,96.6,(no archetype — see the Sectors tab for its theme)
2026-08-06 15:07,ASAHIINDIA,WATCH CLOSELY,WATCH,ANTICIPATION,913.9500122070312,,,,,,,39.2,
2026-08-06 15:07,CANFINHOME,WATCH CLOSELY,WATCH,ANTICIPATION,808.25,,,,,,,30.7,
2026-08-06 15:07,RHIM,WATCH CLOSELY,WATCH,ANTICIPATION,411.1499938964844,,,,,,,21.4,
2026-08-06 15:07,AIAENG,BUY CANDIDATE,WATCH,CONFIRMED,4795.39990234375,133.49,4461.67,64.0,100.0,False,,79.0,Turnaround
2026-08-06 15:07,ABCAPITAL,RE-ENTRY WINDOW,EXTENDED,CONFIRMED,421.5,11.17,393.58,58.8,100.0,False,,85.1,(no archetype — see the Sectors tab for its theme)
2026-08-06 15:07,ANTHEM,BUY CANDIDATE,WATCH,CONFIRMED,825.6500244140625,27.12,757.85,50.3,100.0,False,,74.6,Turnaround + Quality
2026-08-06 15:07,BIOCON,BUY CANDIDATE,WATCH,CONFIRMED,436.6000061035156,9.01,414.06,59.5,100.0,False,,65.0,(no archetype — see the Sectors tab for its theme)
2026-08-06 15:07,NYKAA,RE-ENTRY WINDOW,EXTENDED,CONFIRMED,331.95001220703125,8.4,310.95,64.4,100.0,False,,88.2,(no archetype — see the Sectors tab for its theme)
2026-08-06 15:07,LLOYDSME,RE-ENTRY WINDOW,EXTENDED,CONFIRMED,2059.0,65.04,1896.41,59.2,100.0,False,,94.0,Hyper-growth
2026-08-06 15:07,EDELWEISS,BUY CANDIDATE,WATCH,CONFIRMED,121.16000366210938,4.03,111.09,53.5,100.0,False,,61.5,(no archetype — see the Sectors tab for its theme)
2026-08-06 15:07,MTARTECH,BUY CANDIDATE,WATCH,CONFIRMED,6959.0,305.07,6196.32,70.9,100.0,False,,99.7,(no archetype — see the Sectors tab for its theme)
2026-08-06 15:07,MIDHANI,BUY CANDIDATE,WATCH,CONFIRMED,434.25,10.34,408.4,59.8,100.0,False,,59.8,(no archetype — see the Sectors tab for its theme)
2026-08-06 15:07,RCF,WATCH CLOSELY,WATCH,ANTICIPATION,128.0500030517578,,,,,,,23.8,
2026-08-06 15:07,VGUARD,WATCH CLOSELY,BROKEN,ANTICIPATION,322.25,,,,,,,21.0,
2026-08-07 14:21,CARBORUNIV,BUY CANDIDATE,WATCH,CONFIRMED,1097.0,35.81,1007.46,43.8,100.0,False,,81.1,(no archetype — see the Sectors tab for its theme)
2026-08-07 14:21,CREDITACC,BUY CANDIDATE,WATCH,CONFIRMED,1523.5999755859375,54.37,1387.67,62.9,100.0,False,,71.4,(no archetype — see the Sectors tab for its theme)
2026-08-07 14:21,NAVINFLUOR,RE-ENTRY WINDOW,EXTENDED,CONFIRMED,8271.0,282.46,7564.84,68.3,100.0,False,,88.3,(no archetype — see the Sectors tab for its theme)
2026-08-07 14:21,SAILIFE,RE-ENTRY WINDOW,EXTENDED,CONFIRMED,1365.199951171875,41.53,1261.38,60.2,100.0,False,,92.1,Turnaround
2026-08-07 14:21,JSWENERGY,BUY CANDIDATE,WATCH,CONFIRMED,564.4000244140625,10.94,537.04,48.5,100.0,False,,66.2,(no archetype — see the Sectors tab for its theme)
2026-08-07 14:21,RAIN,RE-ENTRY WINDOW,EXTENDED,CONFIRMED,222.8800048828125,10.93,,56.1,100.0,False,,86.4,(no archetype — see the Sectors tab for its theme)
2026-08-07 14:21,RELIGARE,WATCH CLOSELY,WATCH,ANTICIPATION,232.3500061035156,,,,,,,30.6,
2026-08-07 14:21,TVSSCS,BUY CANDIDATE,WATCH,CONFIRMED,133.7899932861328,3.35,125.41,25.0,100.0,True,promoter_pledge: 31.9% of promoter holding pledged,73.0,(no archetype — see the Sectors tab for its theme)
2026-08-07 14:21,UJJIVANSFB,RE-ENTRY WINDOW,EXTENDED,CONFIRMED,70.11000061035156,3.06,62.45,65.8,100.0,False,,78.4,(no archetype — see the Sectors tab for its theme)
2026-08-10 14:27,CDSL,WATCH CLOSELY,WATCH,ANTICIPATION,1332.5,,,,,,,34.9,
2026-08-10 14:27,DATAPATTNS,BUY CANDIDATE,WATCH,CONFIRMED,4429.7001953125,221.95,,61.3,100.0,False,,94.6,Quality + Hyper-growth
2026-08-10 14:27,FINCABLES,BUY CANDIDATE,WATCH,CONFIRMED,1058.050048828125,30.2,982.54,60.8,100.0,False,,81.6,(no archetype — see the Sectors tab for its theme)
2026-08-10 14:27,MRPL,WATCH CLOSELY,BROKEN,ANTICIPATION,162.9600067138672,,,,,,,50.2,
2026-08-10 14:27,RRKABEL,RE-ENTRY WINDOW,EXTENDED,CONFIRMED,2756.89990234375,109.86,2482.24,75.3,100.0,False,,97.6,Turnaround + Quality
2026-08-10 14:27,RHIM,WATCH CLOSELY,WATCH,ANTICIPATION,423.3500061035156,,,,,,,31.5,
2026-08-10 14:27,SAREGAMA,BUY CANDIDATE,WATCH,CONFIRMED,530.0499877929688,26.57,,59.8,100.0,False,,87.1,(no archetype — see the Sectors tab for its theme)
2026-08-10 14:27,STARHEALTH,BUY CANDIDATE,WATCH,CONFIRMED,574.9500122070312,17.44,531.36,56.3,100.0,False,,75.1,(no archetype — see the Sectors tab for its theme)
2026-08-10 14:27,BANKINDIA,WATCH CLOSELY,BROKEN,ANTICIPATION,141.0,,,,,,,47.4,
2026-08-10 14:27,HINDPETRO,WATCH CLOSELY,BROKEN,ANTICIPATION,393.1499938964844,,,,,,,25.2,
2026-08-10 14:27,POWERINDIA,BUY CANDIDATE,WATCH,CONFIRMED,36050.0,1178.21,33104.46,73.3,100.0,False,,96.0,Turnaround + Quality
2026-08-10 14:27,LLOYDSME,RE-ENTRY WINDOW,EXTENDED,CONFIRMED,2052.800048828125,68.21,1882.26,59.1,100.0,False,,92.6,Hyper-growth
2026-08-10 14:27,ARVINDFASN,WATCH CLOSELY,WATCH,ANTICIPATION,460.25,,,,,,,26.1,
2026-08-10 14:27,BLACKBUCK,WATCH CLOSELY,WATCH,ANTICIPATION,576.2999877929688,,,,,,,52.0,
2026-08-10 14:27,KRN,BUY CANDIDATE,WATCH,CONFIRMED,1226.4000244140625,39.89,1126.67,57.8,100.0,False,,93.7,(no archetype — see the Sectors tab for its theme)
2026-08-10 14:27,QPOWER,BUY CANDIDATE,WATCH,CONFIRMED,1180.300048828125,49.65,1056.18,65.1,100.0,False,,91.6,Quality + Hyper-growth
2026-08-10 14:27,SMLMAH,RE-ENTRY WINDOW,EXTENDED,CONFIRMED,5227.0,369.74,,55.6,100.0,False,,89.3,(no archetype — see the Sectors tab for its theme)
2026-08-10 14:27,SUPRIYA,BUY CANDIDATE,WATCH,CONFIRMED,922.8499755859376,33.4,839.36,56.8,100.0,False,,83.0,Turnaround + Quality
2026-08-10 14:27,AARTIPHARM,EPISODIC PIVOT,WATCH,WATCH,823.0,30.18,763.0,41.5,100.0,False,,38.3,(no archetype — see the Sectors tab for its theme)
2026-08-11 14:27,LALPATHLAB,RE-ENTRY WINDOW,EXTENDED,CONFIRMED,1949.9000244140625,68.09,1779.67,61.0,100.0,False,,81.4,Turnaround + Quality
2026-08-11 14:27,KPIL,BUY CANDIDATE,WATCH,CONFIRMED,1347.699951171875,35.19,1259.74,66.1,100.0,False,,69.4,(no archetype — see the Sectors tab for its theme)
2026-08-11 14:27,MSUMI,WATCH CLOSELY,WATCH,ANTICIPATION,41.0099983215332,,,,,,,41.2,
2026-08-11 14:27,ZENTEC,BUY CANDIDATE,WATCH,CONFIRMED,1819.800048828125,63.29,1661.59,63.0,100.0,False,,80.1,(no archetype — see the Sectors tab for its theme)
2026-08-11 14:27,CRISIL,WATCH CLOSELY,WATCH,ANTICIPATION,4480.7998046875,,,,,,,29.8,
2026-08-11 14:27,FEDERALBNK,RE-ENTRY WINDOW,EXTENDED,CONFIRMED,354.54998779296875,6.7,337.79,67.1,100.0,False,,87.9,(no archetype — see the Sectors tab for its theme)
2026-08-11 14:27,HAVELLS,WATCH CLOSELY,WATCH,ANTICIPATION,1274.4000244140625,,,,,,,29.2,
2026-08-11 14:27,IPCALAB,BUY CANDIDATE,WATCH,CONFIRMED,1748.4000244140625,54.91,1611.13,65.1,100.0,False,,73.5,Turnaround
2026-08-11 14:27,MCX,BUY CANDIDATE,WATCH,CONFIRMED,2895.0,81.74,2690.64,72.8,100.0,False,,87.4,Quality + Hyper-growth
2026-08-11 14:27,SAIL,BUY CANDIDATE,WATCH,CONFIRMED,173.0,5.86,158.34,67.7,100.0,False,,72.3,(no archetype — see the Sectors tab for its theme)
2026-08-11 14:27,CCAVENUE,WATCH CLOSELY,WATCH,ANTICIPATION,16.420000076293945,,,,,,,41.7,
2026-08-11 14:27,EPL,BUY CANDIDATE,WATCH,CONFIRMED,235.77999877929688,6.94,218.44,60.9,100.0,False,,59.4,(no archetype — see the Sectors tab for its theme)
2026-08-11 14:27,TIPSMUSIC,BUY CANDIDATE,WATCH,CONFIRMED,669.0999755859375,32.04,589.0,56.8,100.0,False,,69.0,Quality
2026-08-11 14:27,KRN,BUY TRIGGER,CONFIRMED,CONFIRMED,1287.699951171875,40.56,1186.31,57.9,100.0,False,,94.8,(no archetype — see the Sectors tab for its theme)
2026-08-12 14:28,DATAPATTNS,BUY CANDIDATE,WATCH,CONFIRMED,4491.0,183.25,4032.88,63.7,100.0,False,,94.9,Quality + Hyper-growth
2026-08-12 14:28,SCI,BUY CANDIDATE,WATCH,CONFIRMED,298.79998779296875,10.3,273.06,67.2,100.0,False,,83.2,(no archetype — see the Sectors tab for its theme)
2026-08-12 14:28,PETRONET,WATCH CLOSELY,WATCH,ANTICIPATION,279.8500061035156,,,,,,,36.1,
2026-08-12 14:28,DCBBANK,BUY CANDIDATE,WATCH,CONFIRMED,188.2400054931641,6.51,171.95,69.6,100.0,False,,65.0,(no archetype — see the Sectors tab for its theme)
2026-08-12 14:28,MTARTECH,BUY CANDIDATE,WATCH,CONFIRMED,7111.5,312.61,6329.98,71.8,100.0,False,,99.7,(no archetype — see the Sectors tab for its theme)
2026-08-12 14:28,PICCADIL,RE-ENTRY WINDOW,EXTENDED,CONFIRMED,692.4000244140625,37.59,,53.3,100.0,False,,66.3,(no archetype — see the Sectors tab for its theme)
2026-08-12 14:28,RAIN,BUY CANDIDATE,WATCH,CONFIRMED,209.3800048828125,11.25,,55.9,100.0,False,,79.9,(no archetype — see the Sectors tab for its theme)
2026-08-12 14:28,QPOWER,BUY TRIGGER,CONFIRMED,CONFIRMED,1294.5,51.15,1166.63,65.0,100.0,False,,92.7,Quality + Hyper-growth
2026-08-12 14:28,TDPOWERSYS,EPISODIC PIVOT,CONFIRMED,EXTENDED,1480.0999755859375,80.51,1358.4,67.5,100.0,False,,98.5,Quality + Hyper-growth
2026-08-13 14:29,BELRISE,RE-ENTRY WINDOW,EXTENDED,CONFIRMED,254.4199981689453,7.5,235.67,70.1,100.0,False,,90.7,Turnaround
2026-08-13 14:29,CGCL,BUY CANDIDATE,WATCH,CONFIRMED,231.1199951171875,10.77,204.19,67.6,100.0,False,,77.5,Hyper-growth
2026-08-13 14:29,CEATLTD,WATCH CLOSELY,WATCH,ANTICIPATION,3696.5,,,,,,,46.0,
2026-08-13 14:29,GABRIEL,BUY CANDIDATE,WATCH,CONFIRMED,1447.9000244140625,61.44,1294.31,55.6,100.0,False,,88.3,(no archetype — see the Sectors tab for its theme)
2026-08-13 14:29,IFCI,BUY CANDIDATE,WATCH,CONFIRMED,76.66000366210938,2.67,69.98,45.8,100.0,False,,78.3,(no archetype — see the Sectors tab for its theme)
2026-08-13 14:29,KARURVYSYA,RE-ENTRY WINDOW,EXTENDED,CONFIRMED,335.95001220703125,7.5,317.2,69.6,100.0,False,,73.9,(no archetype — see the Sectors tab for its theme)
2026-08-13 14:29,THELEELA,BUY CANDIDATE,WATCH,CONFIRMED,508.4500122070313,18.55,462.08,25.0,100.0,True,promoter_pledge: 73.6% of promoter holding pledged,69.0,Turnaround
2026-08-13 14:29,ANTHEM,RE-ENTRY WINDOW,EXTENDED,CONFIRMED,874.9000244140625,26.31,809.12,50.4,100.0,False,,76.2,Turnaround + Quality
2026-08-13 14:29,APARINDS,RE-ENTRY WINDOW,EXTENDED,CONFIRMED,17225.0,800.29,15224.29,70.6,100.0,False,,96.3,Quality
2026-08-13 14:29,BHARTIHEXA,WATCH CLOSELY,BROKEN,ANTICIPATION,1565.5,,,,,,,24.4,
2026-08-13 14:29,HINDPETRO,WATCH CLOSELY,BROKEN,ANTICIPATION,392.8999938964844,,,,,,,25.0,
2026-08-13 14:29,LTTS,WATCH CLOSELY,WATCH,ANTICIPATION,3604.699951171875,,,,,,,26.1,
2026-08-13 14:29,LICI,WATCH CLOSELY,WATCH,ANTICIPATION,412.1499938964844,,,,,,,29.9,
2026-08-13 14:29,AETHER,RE-ENTRY WINDOW,EXTENDED,CONFIRMED,1580.0999755859375,60.44,1428.99,61.0,100.0,False,,95.0,(no archetype — see the Sectors tab for its theme)
2026-08-13 14:29,BLACKBUCK,WATCH CLOSELY,BROKEN,ANTICIPATION,576.7999877929688,,,,,,,47.8,
2026-08-13 14:29,EDELWEISS,BUY CANDIDATE,WATCH,CONFIRMED,124.87999725341795,4.16,114.48,54.7,100.0,False,,71.6,(no archetype — see the Sectors tab for its theme)
2026-08-13 14:29,MARKSANS,RE-ENTRY WINDOW,EXTENDED,CONFIRMED,303.3999938964844,12.09,273.17,70.8,100.0,False,,91.3,(no archetype — see the Sectors tab for its theme)
2026-08-13 14:29,METROPOLIS,BUY CANDIDATE,WATCH,CONFIRMED,558.5,20.33,507.67,70.0,100.0,False,,60.8,(no archetype — see the Sectors tab for its theme)
2026-08-13 14:29,MIDHANI,BUY CANDIDATE,WATCH,CONFIRMED,444.8500061035156,16.37,403.92,67.1,100.0,False,,70.7,(no archetype — see the Sectors tab for its theme)
2026-08-13 14:29,RELIGARE,WATCH CLOSELY,WATCH,ANTICIPATION,234.3500061035156,,,,,,,32.2,
2026-08-13 14:29,SHAILY,RE-ENTRY WINDOW,EXTENDED,CONFIRMED,3406.89990234375,135.33,3068.58,58.6,100.0,False,,96.0,Quality
2026-08-13 14:29,TDPOWERSYS,RE-ENTRY WINDOW,EXTENDED,CONFIRMED,1481.5999755859375,82.8,,68.5,100.0,False,,98.5,Quality + Hyper-growth
2026-08-13 14:29,THYROCARE,RE-ENTRY WINDOW,EXTENDED,CONFIRMED,606.0,25.93,541.19,25.0,100.0,True,promoter_pledge: 100.0% of promoter holding pledged,86.6,Quality
2026-08-13 14:29,UJJIVANSFB,RE-ENTRY WINDOW,EXTENDED,CONFIRMED,71.19000244140625,2.34,65.33,67.0,100.0,False,,80.6,(no archetype — see the Sectors tab for its theme)
2026-08-13 14:29,VIYASH,BUY CANDIDATE,WATCH,CONFIRMED,266.29998779296875,10.43,240.23,67.0,100.0,False,,84.3,Hyper-growth
2026-08-14 14:23,AARTIIND,RE-ENTRY WINDOW,EXTENDED,CONFIRMED,534.0999755859375,16.46,492.95,72.6,100.0,False,,76.4,(no archetype — see the Sectors tab for its theme)
2026-08-14 14:23,LALPATHLAB,RE-ENTRY WINDOW,EXTENDED,CONFIRMED,1916.300048828125,56.26,1775.66,63.4,100.0,False,,79.1,Turnaround + Quality
2026-08-14 14:23,ELGIEQUIP,BUY CANDIDATE,WATCH,CONFIRMED,609.5,15.75,570.12,65.0,100.0,False,,68.9,(no archetype — see the Sectors tab for its theme)
2026-08-14 14:23,FINCABLES,RE-ENTRY WINDOW,EXTENDED,CONFIRMED,1246.8499755859375,50.76,1119.95,60.3,100.0,False,,89.8,(no archetype — see the Sectors tab for its theme)
2026-08-14 14:23,SHYAMMETL,BUY CANDIDATE,WATCH,CONFIRMED,999.5999755859376,22.85,942.47,63.1,100.0,False,,58.3,(no archetype — see the Sectors tab for its theme)
2026-08-14 14:23,TEGA,WATCH CLOSELY,BROKEN,ANTICIPATION,1703.800048828125,,,,,,,35.8,
2026-08-14 14:23,WELSPUNLIV,BUY CANDIDATE,WATCH,CONFIRMED,164.05999755859375,6.78,147.12,59.5,100.0,False,,74.0,(no archetype — see the Sectors tab for its theme)
2026-08-14 14:23,WOCKPHARMA,BUY CANDIDATE,WATCH,CONFIRMED,1932.699951171875,74.02,1747.65,65.8,100.0,False,,81.5,Turnaround
2026-08-14 14:23,BALKRISIND,WATCH CLOSELY,WATCH,ANTICIPATION,2363.60009765625,,,,,,,27.9,
2026-08-14 14:23,BANKINDIA,WATCH CLOSELY,BROKEN,ANTICIPATION,144.10000610351562,,,,,,,49.3,
2026-08-14 14:23,JUBLFOOD,WATCH CLOSELY,WATCH,ANTICIPATION,504.1000061035156,,,,,,,24.1,
2026-08-14 14:23,KEI,RE-ENTRY WINDOW,EXTENDED,CONFIRMED,5700.0,151.81,5320.48,70.0,100.0,False,,83.2,Quality
2026-08-14 14:23,MRF,WATCH CLOSELY,BROKEN,ANTICIPATION,133490.0,,,,,,,31.9,
2026-08-14 14:23,IDEA,BUY CANDIDATE,WATCH,CONFIRMED,14.109999656677246,0.39,13.15,61.8,100.0,False,,90.5,(no archetype — see the Sectors tab for its theme)
2026-08-14 14:23,AVL,BUY CANDIDATE,WATCH,CONFIRMED,624.6500244140625,19.34,576.29,62.7,100.0,False,,84.1,(no archetype — see the Sectors tab for its theme)
2026-08-14 14:23,AKUMS,RE-ENTRY WINDOW,EXTENDED,CONFIRMED,726.5999755859375,24.92,664.3,59.7,100.0,False,,89.6,Turnaround
2026-08-14 14:23,ASTRAMICRO,BUY CANDIDATE,WATCH,CONFIRMED,1739.300048828125,91.73,,64.3,100.0,False,,96.8,Quality
2026-08-14 14:23,ENTERO,RE-ENTRY WINDOW,EXTENDED,CONFIRMED,1416.5999755859375,62.03,1261.53,61.8,100.0,False,,69.9,Turnaround + Hyper-growth
2026-08-14 14:23,GPPL,WATCH CLOSELY,BROKEN,ANTICIPATION,158.67999267578125,,,,,,,33.5,
2026-08-14 14:23,LLOYDSENT,BUY CANDIDATE,WATCH,CONFIRMED,76.48999786376953,3.19,68.51,43.6,100.0,False,,71.4,Hyper-growth
2026-08-14 14:23,NAZARA,RE-ENTRY WINDOW,EXTENDED,CONFIRMED,355.8999938964844,12.93,323.57,25.0,100.0,True,promoter_pledge: 89.6% of promoter holding pledged,72.8,Quality
2026-08-14 14:23,RATEGAIN,BUY CANDIDATE,WATCH,CONFIRMED,942.5999755859376,47.06,,59.5,100.0,False,,95.8,Hyper-growth
2026-08-14 14:23,TIMETECHNO,WATCH CLOSELY,WATCH,ANTICIPATION,193.2700042724609,,,,,,,33.5,
2026-08-17 13:52,MGL,WATCH CLOSELY,WATCH,ANTICIPATION,1129.0999755859375,,,,,,,32.8,
2026-08-17 13:52,RITES,WATCH CLOSELY,WATCH,ANTICIPATION,221.72000122070312,,,,,,,33.3,
2026-08-17 13:52,SAILIFE,RE-ENTRY WINDOW,EXTENDED,CONFIRMED,1416.4000244140625,48.8,1294.4,59.2,100.0,False,,92.6,Turnaround
2026-08-17 13:52,USHAMART,BUY CANDIDATE,WATCH,CONFIRMED,498.0499877929688,13.3,464.8,67.8,100.0,False,,76.4,Turnaround
2026-08-17 13:52,MPHASIS,WATCH CLOSELY,WATCH,ANTICIPATION,2510.0,,,,,,,37.2,
2026-08-17 13:52,SAIL,BUY CANDIDATE,BROKEN,CONFIRMED,173.60000610351562,6.59,157.12,66.8,100.0,False,,72.7,(no archetype — see the Sectors tab for its theme)
2026-08-17 13:52,AETHER,RE-ENTRY WINDOW,EXTENDED,CONFIRMED,1605.699951171875,61.75,1451.32,60.6,100.0,False,,96.3,(no archetype — see the Sectors tab for its theme)
2026-08-17 13:52,IMFA,BUY CANDIDATE,WATCH,CONFIRMED,1398.699951171875,57.25,1255.57,63.5,100.0,False,,84.2,(no archetype — see the Sectors tab for its theme)
2026-08-17 13:52,MSTCLTD,BUY CANDIDATE,WATCH,CONFIRMED,653.2000122070312,22.56,596.8,57.7,100.0,False,,82.2,(no archetype — see the Sectors tab for its theme)
2026-08-17 13:52,MIDHANI,BUY CANDIDATE,WATCH,CONFIRMED,428.6000061035156,19.52,379.8,67.5,100.0,False,,62.1,(no archetype — see the Sectors tab for its theme)
2026-08-17 13:52,PNGJL,WATCH CLOSELY,WATCH,ANTICIPATION,610.4000244140625,,,,,,,52.7,
2026-08-17 13:52,PICCADIL,BUY CANDIDATE,WATCH,CONFIRMED,695.4500122070312,42.08,,54.6,100.0,False,,60.8,(no archetype — see the Sectors tab for its theme)
2026-08-18 13:55,ACMESOLAR,BUY CANDIDATE,WATCH,CONFIRMED,371.75,11.22,343.7,59.4,100.0,False,,90.3,(no archetype — see the Sectors tab for its theme)
2026-08-18 13:55,ACUTAAS,BUY CANDIDATE,WATCH,CONFIRMED,3391.39990234375,126.3,3075.65,64.8,100.0,False,,97.9,Quality + Hyper-growth
2026-08-18 13:55,IRB,WATCH CLOSELY,WATCH,ANTICIPATION,19.030000686645508,,,,,,,21.0,
2026-08-18 13:55,KIMS,BUY CANDIDATE,WATCH,CONFIRMED,805.5,20.53,754.18,45.0,100.0,False,,65.9,(no archetype — see the Sectors tab for its theme)
2026-08-18 13:55,MSUMI,WATCH CLOSELY,WATCH,ANTICIPATION,40.31999969482422,,,,,,,42.3,
2026-08-18 13:55,SCI,BUY CANDIDATE,WATCH,CONFIRMED,295.75,10.11,270.46,68.4,100.0,False,,74.5,(no archetype — see the Sectors tab for its theme)
2026-08-18 13:55,KEI,RE-ENTRY WINDOW,EXTENDED,CONFIRMED,5790.0,168.26,5369.36,70.0,100.0,False,,83.2,Quality
2026-08-18 13:55,MRF,WATCH CLOSELY,BROKEN,ANTICIPATION,133505.0,,,,,,,28.6,
2026-08-18 13:55,SUPREMEIND,WATCH CLOSELY,WATCH,ANTICIPATION,3604.0,,,,,,,29.9,
2026-08-18 13:55,IDEA,BUY CANDIDATE,WATCH,CONFIRMED,14.119999885559082,0.44,13.01,59.6,100.0,False,,90.8,(no archetype — see the Sectors tab for its theme)
2026-08-18 13:55,ASTRAMICRO,BUY CANDIDATE,WATCH,CONFIRMED,1767.4000244140625,82.66,1560.76,65.4,100.0,False,,96.8,Quality
2026-08-18 13:55,BLACKBUCK,WATCH CLOSELY,BROKEN,ANTICIPATION,588.7999877929688,,,,,,,49.6,
2026-08-18 13:55,FIEMIND,WATCH CLOSELY,WATCH,ANTICIPATION,2219.10009765625,,,,,,,46.0,
2026-08-18 13:55,ICIL,BUY CANDIDATE,WATCH,CONFIRMED,437.7000122070313,23.92,,55.3,100.0,False,,91.9,(no archetype — see the Sectors tab for its theme)
2026-08-18 13:55,JAYNECOIND,BUY CANDIDATE,WATCH,CONFIRMED,90.2300033569336,2.86,83.07,25.0,80.0,True,promoter_pledge: 99.9% of promoter holding pledged,83.0,(no archetype — see the Sectors tab for its theme)
2026-08-18 13:55,LLOYDSENT,BUY CANDIDATE,WATCH,CONFIRMED,79.02999877929688,3.33,70.71,47.3,100.0,False,,74.2,Hyper-growth
2026-08-18 13:55,MANORAMA,RE-ENTRY WINDOW,EXTENDED,CONFIRMED,1901.0,87.09,1683.29,56.2,100.0,False,,80.7,(no archetype — see the Sectors tab for its theme)
2026-08-18 13:55,PGIL,RE-ENTRY WINDOW,EXTENDED,CONFIRMED,2360.800048828125,95.71,2121.51,67.6,100.0,False,,92.9,(no archetype — see the Sectors tab for its theme)
2026-08-18 13:55,WABAG,BUY CANDIDATE,WATCH,CONFIRMED,1980.5999755859373,67.41,1812.08,66.8,100.0,False,,86.3,Quality
2026-08-18 13:55,YATHARTH,BUY CANDIDATE,WATCH,CONFIRMED,854.0,26.29,788.29,60.3,100.0,False,,75.2,Hyper-growth
2026-08-19 13:55,ATHERENERG,RE-ENTRY WINDOW,EXTENDED,CONFIRMED,1438.199951171875,70.21,,59.3,70.0,False,,99.2,(no archetype — see the Sectors tab for its theme)
2026-08-19 13:55,CAPLIPOINT,BUY CANDIDATE,WATCH,CONFIRMED,2571.0,81.29,2367.79,58.4,100.0,False,,84.2,Turnaround + Quality
2026-08-19 13:55,CHALET,WATCH CLOSELY,WATCH,ANTICIPATION,848.0499877929688,,,,,,,40.2,
2026-08-19 13:55,PFIZER,WATCH CLOSELY,WATCH,ANTICIPATION,4919.5,,,,,,,40.2,
2026-08-19 13:55,ANTHEM,RE-ENTRY WINDOW,EXTENDED,CONFIRMED,881.9000244140625,25.95,817.02,50.3,100.0,False,,74.9,Turnaround + Quality
2026-08-19 13:55,BALKRISIND,WATCH CLOSELY,WATCH,ANTICIPATION,2366.39990234375,,,,,,,32.9,
2026-08-19 13:55,DALBHARAT,WATCH CLOSELY,BROKEN,ANTICIPATION,1875.0,,,,,,,20.4,
2026-08-19 13:55,MEDANTA,BUY CANDIDATE,WATCH,CONFIRMED,1417.199951171875,47.86,1297.56,55.3,100.0,False,,65.8,(no archetype — see the Sectors tab for its theme)
2026-08-19 13:55,LICI,WATCH CLOSELY,WATCH,ANTICIPATION,413.1000061035156,,,,,,,32.3,
2026-08-19 13:55,SAIL,BUY CANDIDATE,BROKEN,CONFIRMED,172.75,6.28,157.05,67.8,100.0,False,,72.3,(no archetype — see the Sectors tab for its theme)
2026-08-19 13:55,ALIVUS,RE-ENTRY WINDOW,EXTENDED,CONFIRMED,1369.0,56.56,1227.59,59.7,70.0,False,,88.7,(no archetype — see the Sectors tab for its theme)
2026-08-19 13:55,EDELWEISS,BUY CANDIDATE,WATCH,CONFIRMED,122.2699966430664,4.16,111.86,53.1,100.0,False,,58.9,(no archetype — see the Sectors tab for its theme)
2026-08-19 13:55,JAMNAAUTO,WATCH CLOSELY,BROKEN,ANTICIPATION,120.5,,,,,,,53.3,
2026-08-19 13:55,JSFB,BUY CANDIDATE,WATCH,CONFIRMED,571.1500244140625,23.5,512.39,53.8,100.0,False,,82.9,(no archetype — see the Sectors tab for its theme)
2026-08-19 13:55,PNGJL,WATCH CLOSELY,WATCH,ANTICIPATION,603.4500122070312,,,,,,,54.3,
2026-08-19 13:55,SANSERA,RE-ENTRY WINDOW,EXTENDED,CONFIRMED,3894.300048828125,168.8,3472.3,67.1,100.0,False,,98.2,(no archetype — see the Sectors tab for its theme)
2026-08-19 13:55,SENCO,WATCH CLOSELY,WATCH,ANTICIPATION,331.6000061035156,,,,,,,34.0,
2026-08-19 13:55,UJJIVANSFB,RE-ENTRY WINDOW,EXTENDED,CONFIRMED,71.80000305175781,2.11,66.54,66.4,100.0,False,,81.6,(no archetype — see the Sectors tab for its theme)
2026-08-19 13:55,VIYASH,BUY CANDIDATE,WATCH,CONFIRMED,271.3999938964844,11.76,242.01,64.8,100.0,False,,83.8,Hyper-growth
2026-08-19 13:55,GOKULAGRO,BUY TRIGGER,CONFIRMED,CONFIRMED,243.0200042724609,8.77,221.11,68.0,100.0,False,,89.7,(no archetype — see the Sectors tab for its theme)
2026-08-20 13:58,ANANDRATHI,RE-ENTRY WINDOW,EXTENDED,CONFIRMED,2171.10009765625,46.06,2055.94,67.9,100.0,False,,89.0,Quality
2026-08-20 13:58,CARBORUNIV,BUY CANDIDATE,WATCH,CONFIRMED,1137.5999755859375,47.09,1019.89,50.5,100.0,False,,82.4,(no archetype — see the Sectors tab for its theme)
2026-08-20 13:58,FINCABLES,RE-ENTRY WINDOW,EXTENDED,CONFIRMED,1291.199951171875,62.25,,70.4,100.0,False,,90.5,(no archetype — see the Sectors tab for its theme)
2026-08-20 13:58,GLAND,RE-ENTRY WINDOW,EXTENDED,CONFIRMED,2820.0,101.35,2566.63,63.7,100.0,False,,89.8,(no archetype — see the Sectors tab for its theme)
2026-08-20 13:58,SHYAMMETL,BUY CANDIDATE,WATCH,CONFIRMED,996.7999877929688,21.77,942.37,61.5,100.0,False,,57.6,(no archetype — see the Sectors tab for its theme)
2026-08-20 13:58,ABCAPITAL,BUY CANDIDATE,WATCH,CONFIRMED,409.0,10.69,382.27,58.5,100.0,False,,80.6,(no archetype — see the Sectors tab for its theme)
2026-08-20 13:58,AJANTPHARM,RE-ENTRY WINDOW,EXTENDED,CONFIRMED,3658.60009765625,91.69,3429.39,52.9,100.0,False,,79.0,Quality
2026-08-20 13:58,ASTRAL,WATCH CLOSELY,WATCH,ANTICIPATION,1532.0,,,,,,,44.8,
2026-08-20 13:58,GLENMARK,BUY CANDIDATE,WATCH,CONFIRMED,2332.89990234375,52.34,2202.04,71.4,100.0,False,,65.2,Turnaround + Quality
2026-08-20 13:58,JUBLFOOD,WATCH CLOSELY,WATCH,ANTICIPATION,507.2999877929688,,,,,,,25.7,
2026-08-20 13:58,ARVIND,BUY CANDIDATE,WATCH,CONFIRMED,539.0,25.06,476.36,62.0,100.0,False,,90.3,(no archetype — see the Sectors tab for its theme)
2026-08-20 13:58,DCBBANK,BUY CANDIDATE,BROKEN,CONFIRMED,188.6100006103516,5.63,174.54,69.1,100.0,False,,69.2,(no archetype — see the Sectors tab for its theme)
2026-08-20 13:58,EQUITASBNK,BUY CANDIDATE,WATCH,CONFIRMED,76.98999786376953,2.08,71.79,66.5,100.0,False,,74.8,Turnaround
2026-08-20 13:58,GODREJAGRO,WATCH CLOSELY,WATCH,ANTICIPATION,581.6500244140625,,,,,,,15.3,
2026-08-20 13:58,MARKSANS,RE-ENTRY WINDOW,EXTENDED,CONFIRMED,320.8500061035156,14.59,284.37,70.0,100.0,False,,93.1,(no archetype — see the Sectors tab for its theme)
2026-08-20 13:58,PARAS,RE-ENTRY WINDOW,EXTENDED,CONFIRMED,1502.0,66.24,1336.41,76.2,100.0,False,,98.5,Hyper-growth
2026-08-20 13:58,PGIL,RE-ENTRY WINDOW,EXTENDED,CONFIRMED,2377.60009765625,101.86,2122.96,65.5,100.0,False,,92.1,(no archetype — see the Sectors tab for its theme)
2026-08-20 13:58,SKIPPER,BUY CANDIDATE,WATCH,CONFIRMED,555.4500122070312,21.39,501.98,69.0,100.0,False,,80.5,(no archetype — see the Sectors tab for its theme)
2026-08-20 13:58,WABAG,BUY CANDIDATE,WATCH,CONFIRMED,2057.89990234375,67.36,1889.51,65.6,100.0,False,,88.9,Quality
2026-08-21 13:56,CAPLIPOINT,BUY CANDIDATE,WATCH,CONFIRMED,2560.800048828125,80.73,2358.98,62.1,100.0,False,,82.9,Turnaround + Quality
2026-08-21 13:56,CHALET,WATCH CLOSELY,WATCH,ANTICIPATION,861.9500122070312,,,,,,,41.0,
2026-08-21 13:56,ENGINERSIN,BUY CANDIDATE,WATCH,CONFIRMED,244.91000366210935,8.8,222.92,61.0,100.0,False,,61.8,Quality
2026-08-21 13:56,TATATECH,BUY CANDIDATE,WATCH,CONFIRMED,820.75,32.4,739.76,51.7,100.0,False,,80.4,(no archetype — see the Sectors tab for its theme)
2026-08-21 13:56,APOLLOTYRE,WATCH CLOSELY,BROKEN,ANTICIPATION,439.7000122070313,,,,,,,32.3,
2026-08-21 13:56,BALKRISIND,WATCH CLOSELY,WATCH,ANTICIPATION,2350.800048828125,,,,,,,31.8,
2026-08-21 13:56,BHARTIHEXA,WATCH CLOSELY,WATCH,ANTICIPATION,1591.199951171875,,,,,,,31.0,
2026-08-21 13:56,CRISIL,WATCH CLOSELY,WATCH,ANTICIPATION,4514.5,,,,,,,32.3,
2026-08-21 13:56,EXIDEIND,BUY CANDIDATE,WATCH,CONFIRMED,459.6000061035156,14.31,423.81,64.8,100.0,False,,78.1,(no archetype — see the Sectors tab for its theme)
2026-08-21 13:56,POWERINDIA,BUY CANDIDATE,WATCH,CONFIRMED,34190.0,1204.64,31178.39,73.8,100.0,False,,90.5,Turnaround + Quality
2026-08-21 13:56,AETHER,RE-ENTRY WINDOW,EXTENDED,CONFIRMED,1626.5999755859375,53.36,1493.21,60.7,100.0,False,,96.3,(no archetype — see the Sectors tab for its theme)
2026-08-21 13:56,AVALON,RE-ENTRY WINDOW,EXTENDED,CONFIRMED,2183.800048828125,117.25,,72.2,100.0,False,,97.9,Turnaround
2026-08-21 13:56,EPL,RE-ENTRY WINDOW,EXTENDED,CONFIRMED,265.6099853515625,9.64,241.52,54.7,100.0,False,,69.7,(no archetype — see the Sectors tab for its theme)
2026-08-21 13:56,MANORAMA,RE-ENTRY WINDOW,EXTENDED,CONFIRMED,1927.300048828125,94.42,,55.5,100.0,False,,82.7,(no archetype — see the Sectors tab for its theme)
2026-08-21 13:56,NAZARA,RE-ENTRY WINDOW,EXTENDED,CONFIRMED,354.3500061035156,10.61,327.82,25.0,100.0,True,promoter_pledge: 89.6% of promoter holding pledged,67.4,Quality
2026-08-21 13:56,RAIN,BUY CANDIDATE,WATCH,CONFIRMED,208.6100006103516,10.52,,56.2,100.0,False,,82.0,(no archetype — see the Sectors tab for its theme)
2026-08-21 13:56,VIYASH,BUY CANDIDATE,WATCH,CONFIRMED,275.95001220703125,11.79,246.49,63.9,100.0,False,,83.7,Hyper-growth
2026-08-21 13:56,WELENT,BUY CANDIDATE,WATCH,CONFIRMED,631.4500122070312,22.39,575.48,49.7,100.0,False,,80.0,(no archetype — see the Sectors tab for its theme)
2026-08-21 13:56,WELCORP,EPISODIC PIVOT,EXTENDED,EXTENDED,2311.89990234375,69.46,2133.0,66.9,100.0,False,,99.4,Turnaround + Quality
2026-08-24 14:00,BALRAMCHIN,RE-ENTRY WINDOW,EXTENDED,CONFIRMED,695.5,38.05,,45.5,100.0,False,,84.3,(no archetype — see the Sectors tab for its theme)
2026-08-24 14:00,CGCL,BUY CANDIDATE,WATCH,CONFIRMED,234.32000732421875,8.15,213.95,68.8,100.0,False,,79.4,Hyper-growth
2026-08-24 14:00,THELEELA,RE-ENTRY WINDOW,EXTENDED,CONFIRMED,549.7000122070312,20.03,499.62,25.0,100.0,True,promoter_pledge: 73.6% of promoter holding pledged,73.9,Turnaround
2026-08-24 14:00,NETWEB,RE-ENTRY WINDOW,EXTENDED,CONFIRMED,5454.5,263.36,,66.3,100.0,False,,97.6,Hyper-growth
2026-08-24 14:00,NEULANDLAB,RE-ENTRY WINDOW,EXTENDED,CONFIRMED,22905.0,910.93,20627.68,72.4,100.0,False,,94.0,Quality
2026-08-24 14:00,PFIZER,WATCH CLOSELY,WATCH,ANTICIPATION,4881.5,,,,,,,36.8,
2026-08-24 14:00,SHYAMMETL,BUY CANDIDATE,WATCH,CONFIRMED,1001.0,21.26,947.86,58.7,100.0,False,,56.5,(no archetype — see the Sectors tab for its theme)
2026-08-24 14:00,GLENMARK,BUY CANDIDATE,WATCH,CONFIRMED,2390.699951171875,52.84,2258.61,71.0,100.0,False,,67.6,Turnaround + Quality
2026-08-24 14:00,MRF,WATCH CLOSELY,BROKEN,ANTICIPATION,134365.0,,,,,,,31.5,
2026-08-24 14:00,AZAD,RE-ENTRY WINDOW,EXTENDED,CONFIRMED,2796.199951171875,124.18,2485.75,58.7,100.0,False,,94.7,(no archetype — see the Sectors tab for its theme)
2026-08-24 14:00,BALAMINES,BUY CANDIDATE,WATCH,CONFIRMED,2224.5,86.13,2009.18,62.3,100.0,False,,95.5,(no archetype — see the Sectors tab for its theme)
2026-08-24 14:00,BLACKBUCK,WATCH CLOSELY,WATCH,ANTICIPATION,604.4000244140625,,,,,,,46.7,
2026-08-24 14:00,INOXINDIA,BUY CANDIDATE,WATCH,CONFIRMED,1941.5,56.71,1799.73,52.7,100.0,False,,94.2,Quality
2026-08-24 14:00,JAMNAAUTO,WATCH CLOSELY,BROKEN,ANTICIPATION,118.81999969482422,,,,,,,43.7,
2026-08-24 14:00,KRN,RE-ENTRY WINDOW,EXTENDED,CONFIRMED,1471.199951171875,59.27,1323.02,60.1,100.0,False,,96.3,(no archetype — see the Sectors tab for its theme)
2026-08-24 14:00,METROPOLIS,BUY CANDIDATE,WATCH,CONFIRMED,563.3499755859375,18.97,515.92,67.8,100.0,False,,62.2,(no archetype — see the Sectors tab for its theme)
2026-08-24 14:00,SENCO,BUY CANDIDATE,WATCH,CONFIRMED,371.75,18.21,,54.7,100.0,False,,55.9,Hyper-growth
2026-08-24 14:00,VGUARD,WATCH CLOSELY,WATCH,ANTICIPATION,331.54998779296875,,,,,,,38.2,
2026-08-24 14:00,VOLTAMP,BUY TRIGGER,EXTENDED,EXTENDED,11292.0,318.11,10496.73,62.8,100.0,False,,83.2,(no archetype — see the Sectors tab for its theme)
2026-08-25 14:01,ATHERENERG,RE-ENTRY WINDOW,EXTENDED,CONFIRMED,1439.4000244140625,54.36,1303.49,63.2,70.0,False,,98.9,(no archetype — see the Sectors tab for its theme)
2026-08-25 14:01,IOB,WATCH CLOSELY,WATCH,ANTICIPATION,33.029998779296875,,,,,,,27.6,
2026-08-25 14:01,KAJARIACER,BUY CANDIDATE,WATCH,CONFIRMED,1213.9000244140625,29.93,1139.08,65.2,100.0,False,,60.7,(no archetype — see the Sectors tab for its theme)
2026-08-25 14:01,RRKABEL,RE-ENTRY WINDOW,EXTENDED,CONFIRMED,2801.199951171875,88.94,2578.86,77.7,100.0,False,,97.7,Turnaround + Quality
2026-08-25 14:01,KPRMILL,BUY CANDIDATE,WATCH,CONFIRMED,1120.0,31.24,1041.91,63.7,100.0,False,,71.0,Turnaround
2026-08-25 14:01,AETHER,RE-ENTRY WINDOW,EXTENDED,CONFIRMED,1633.9000244140625,51.61,1504.86,60.5,100.0,False,,96.1,(no archetype — see the Sectors tab for its theme)
2026-08-25 14:01,ALIVUS,RE-ENTRY WINDOW,EXTENDED,CONFIRMED,1348.4000244140625,43.97,1238.47,58.4,70.0,False,,88.2,(no archetype — see the Sectors tab for its theme)
2026-08-25 14:01,ARVIND,BUY CANDIDATE,WATCH,CONFIRMED,539.2999877929688,23.45,480.68,63.2,100.0,False,,92.1,(no archetype — see the Sectors tab for its theme)
2026-08-25 14:01,CUPID,RE-ENTRY WINDOW,EXTENDED,CONFIRMED,281.760009765625,16.63,,62.3,100.0,False,,100.0,(no archetype — see the Sectors tab for its theme)
2026-08-25 14:01,DIACABS,RE-ENTRY WINDOW,EXTENDED,CONFIRMED,339.29998779296875,18.23,,62.7,100.0,False,,98.7,(no archetype — see the Sectors tab for its theme)
2026-08-25 14:01,GODREJAGRO,WATCH CLOSELY,WATCH,ANTICIPATION,610.0999755859375,,,,,,,24.8,
2026-08-25 14:01,JAYNECOIND,RE-ENTRY WINDOW,EXTENDED,CONFIRMED,100.87999725341795,3.52,92.07,25.0,80.0,True,promoter_pledge: 99.9% of promoter holding pledged,85.9,(no archetype — see the Sectors tab for its theme)
2026-08-25 14:01,LUMAXTECH,RE-ENTRY WINDOW,EXTENDED,CONFIRMED,1932.0999755859373,87.39,1713.62,71.0,100.0,False,,87.5,Hyper-growth
2026-08-25 14:01,MTARTECH,BUY CANDIDATE,WATCH,CONFIRMED,6928.5,295.32,6190.2,69.7,100.0,False,,99.5,(no archetype — see the Sectors tab for its theme)
2026-08-25 14:01,TDPOWERSYS,RE-ENTRY WINDOW,EXTENDED,CONFIRMED,729.4000244140625,40.72,,73.4,100.0,False,,97.9,Quality + Hyper-growth
2026-08-25 14:01,TVSSCS,BUY CANDIDATE,WATCH,CONFIRMED,135.13999938964844,6.15,119.76,25.0,100.0,True,promoter_pledge: 31.9% of promoter holding pledged,53.1,(no archetype — see the Sectors tab for its theme)
2026-08-25 14:01,WABAG,BUY CANDIDATE,WATCH,CONFIRMED,2021.5,69.04,1848.89,66.5,100.0,False,,87.5,Quality
2026-08-25 14:01,VOLTAMP,RE-ENTRY WINDOW,EXTENDED,CONFIRMED,10974.0,349.46,10100.34,59.6,100.0,False,,81.9,(no archetype — see the Sectors tab for its theme)
