logged_at,week_of,theme,theme_status,direction,strength,symbol,order,effect,confidence
2026-09-22 20:05,2026-09-22,semis,existing,tailwind,5,KAYNES,1,benefit,high
2026-09-22 20:05,2026-09-22,semis,existing,tailwind,5,MOSCHIP,1,benefit,high
2026-09-22 20:05,2026-09-22,semis,existing,tailwind,5,SYRMA,1,benefit,medium
2026-09-22 20:05,2026-09-22,semis,existing,tailwind,5,TATAELXSI,2,benefit,medium
2026-09-22 20:05,2026-09-22,defence,existing,tailwind,4,BDL,1,benefit,high
2026-09-22 20:05,2026-09-22,defence,existing,tailwind,4,MIDHANI,2,benefit,high
2026-09-22 20:05,2026-09-22,defence,existing,tailwind,4,DATAPATTNS,1,benefit,medium
2026-09-22 20:05,2026-09-22,defence,existing,tailwind,4,ZENTEC,1,benefit,medium
2026-09-22 20:05,2026-09-22,defence,existing,tailwind,4,COCHINSHIP,1,benefit,medium
2026-09-22 20:05,2026-09-22,defence,existing,tailwind,4,PTCIL,2,benefit,medium
2026-09-22 20:05,2026-09-22,ev,existing,tailwind,4,OLAELEC,1,benefit,high
2026-09-22 20:05,2026-09-22,ev,existing,tailwind,4,ATHERENERG,1,benefit,high
2026-09-22 20:05,2026-09-22,ev,existing,tailwind,4,EXIDEIND,1,benefit,high
2026-09-22 20:05,2026-09-22,datacentre,existing,tailwind,3,WAAREERTL,1,benefit,medium
2026-09-22 20:05,2026-09-22,renewables,existing,tailwind,3,HEG,1,benefit,high
2026-09-22 20:05,2026-09-22,renewables,existing,tailwind,3,GRINFRA,1,hurt,high
2026-09-22 20:05,2026-09-22,railways,existing,tailwind,3,RVNL,1,benefit,high
2026-09-22 20:05,2026-09-22,railways,existing,tailwind,3,IRCON,1,benefit,high
2026-09-22 20:05,2026-09-22,railways,existing,tailwind,3,TITAGARH,2,benefit,medium
2026-09-22 20:05,2026-09-22,steel,new,tailwind,3,JSL,1,benefit,high
2026-09-22 20:05,2026-09-22,steel,new,tailwind,3,SAIL,1,benefit,medium
2026-09-22 20:05,2026-09-22,steel,new,tailwind,3,JINDALSAW,1,benefit,medium
2026-09-22 20:05,2026-09-22,steel,new,tailwind,3,WELCORP,1,benefit,high
2026-09-22 20:05,2026-09-22,steel,new,tailwind,3,RATNAMANI,1,benefit,medium
2026-09-22 20:05,2026-09-22,steel,new,tailwind,3,GPIL,2,benefit,medium
2026-09-22 20:05,2026-09-22,steel,new,tailwind,3,SARDAEN,2,benefit,medium
2026-09-22 20:05,2026-09-22,steel,new,tailwind,3,GRAPHITE,2,benefit,medium
2026-09-22 20:05,2026-09-22,energysecurity,new,mixed,3,ENGINERSIN,2,benefit,medium
2026-09-22 20:05,2026-09-22,energysecurity,new,mixed,3,OIL,1,benefit,medium
2026-09-22 20:05,2026-09-22,energysecurity,new,mixed,3,GESHIP,2,benefit,low
2026-09-22 20:05,2026-09-22,energysecurity,new,mixed,3,MRPL,1,hurt,medium
2026-09-22 20:05,2026-09-22,energysecurity,new,mixed,3,CHENNPETRO,1,hurt,medium
2026-09-22 20:05,2026-09-22,energysecurity,new,mixed,3,HINDPETRO,1,hurt,low
2026-09-22 20:05,2026-09-22,textiles,existing,headwind,3,GOKEX,1,hurt,high
2026-09-22 20:05,2026-09-22,textiles,existing,headwind,3,ICIL,1,hurt,low
2026-09-30 11:07,2026-09-30,steel,new,tailwind,4,SAIL,1,benefit,medium
2026-09-30 11:07,2026-09-30,steel,new,tailwind,4,JSL,1,benefit,medium
2026-09-30 11:07,2026-09-30,steel,new,tailwind,4,GPIL,1,benefit,medium
2026-09-30 11:07,2026-09-30,steel,new,tailwind,4,SHYAMMETL,1,benefit,medium
2026-09-30 11:07,2026-09-30,steel,new,tailwind,4,KSL,1,benefit,medium
2026-09-30 11:07,2026-09-30,steel,new,tailwind,4,SARDAEN,1,benefit,low
2026-09-30 11:07,2026-09-30,steel,new,tailwind,4,JAIBALAJI,1,benefit,low
2026-09-30 11:07,2026-09-30,steel,new,tailwind,4,NMDC,2,benefit,high
2026-09-30 11:07,2026-09-30,steel,new,tailwind,4,WELCORP,2,benefit,medium
2026-09-30 11:07,2026-09-30,steel,new,tailwind,4,JINDALSAW,2,benefit,medium
2026-09-30 11:07,2026-09-30,steel,new,tailwind,4,RATNAMANI,2,benefit,medium
2026-09-30 11:07,2026-09-30,steel,new,tailwind,4,MAHSEAMLES,2,benefit,low
2026-09-30 11:07,2026-09-30,energysecurity,new,mixed,4,OIL,1,benefit,high
2026-09-30 11:07,2026-09-30,energysecurity,new,mixed,4,HINDOILEXP,1,benefit,medium
2026-09-30 11:07,2026-09-30,energysecurity,new,mixed,4,JINDRILL,2,benefit,medium
2026-09-30 11:07,2026-09-30,energysecurity,new,mixed,4,ANTELOPUS,1,benefit,low
2026-09-30 11:07,2026-09-30,energysecurity,new,mixed,4,HINDPETRO,1,hurt,high
2026-09-30 11:07,2026-09-30,energysecurity,new,mixed,4,MRPL,1,hurt,medium
2026-09-30 11:07,2026-09-30,energysecurity,new,mixed,4,CHENNPETRO,1,hurt,medium
2026-09-30 11:07,2026-09-30,energysecurity,new,mixed,4,CASTROLIND,2,hurt,low
2026-09-30 11:07,2026-09-30,energysecurity,new,mixed,4,GULFOILLUB,2,hurt,low
2026-09-30 11:07,2026-09-30,nuclear,existing,tailwind,4,MTARTECH,2,benefit,medium
2026-09-30 11:07,2026-09-30,nuclear,existing,tailwind,4,PTCIL,2,benefit,medium
2026-09-30 11:07,2026-09-30,nuclear,existing,tailwind,4,MIDHANI,2,benefit,medium
2026-09-30 11:07,2026-09-30,cdmo,existing,tailwind,4,AUROPHARMA,1,benefit,high
2026-09-30 11:07,2026-09-30,cdmo,existing,tailwind,4,GRANULES,1,benefit,medium
2026-09-30 11:07,2026-09-30,cdmo,existing,tailwind,4,LAURUSLABS,1,benefit,medium
2026-09-30 11:07,2026-09-30,cdmo,existing,tailwind,4,NEULANDLAB,2,benefit,low
2026-09-30 11:07,2026-09-30,gemsjewellery,new,tailwind,3,GOLDIAM,1,benefit,high
2026-09-30 11:07,2026-09-30,gemsjewellery,new,tailwind,3,RGL,1,benefit,high
2026-09-30 11:07,2026-09-30,gemsjewellery,new,tailwind,3,KALYANKJIL,2,benefit,medium
2026-09-30 11:07,2026-09-30,gemsjewellery,new,tailwind,3,PNGJL,2,benefit,medium
2026-09-30 11:07,2026-09-30,gemsjewellery,new,tailwind,3,SENCO,2,benefit,low
2026-09-30 11:07,2026-09-30,gemsjewellery,new,tailwind,3,SKYGOLD,3,benefit,low
2026-09-30 11:07,2026-09-30,shipbuilding,existing,tailwind,3,DREDGECORP,2,benefit,medium
2026-09-30 11:07,2026-09-30,shipbuilding,existing,tailwind,3,GPPL,1,benefit,low
2026-09-30 11:07,2026-09-30,shipbuilding,existing,tailwind,3,AFCONS,2,benefit,medium
2026-09-30 11:07,2026-09-30,shipbuilding,existing,tailwind,3,JSWINFRA,1,benefit,low
2026-09-30 11:07,2026-09-30,grid,existing,tailwind,3,IEX,1,benefit,medium
2026-09-30 11:07,2026-09-30,defelec,existing,tailwind,3,DATAPATTNS,1,benefit,low
2026-09-30 11:07,2026-09-30,defelec,existing,tailwind,3,CENTUM,1,benefit,low
2026-09-30 11:07,2026-09-30,defelec,existing,tailwind,3,ZENTEC,1,benefit,low
2026-09-30 11:07,2026-09-30,textiles,existing,mixed,2,KPRMILL,1,benefit,medium
2026-09-30 11:07,2026-09-30,textiles,existing,mixed,2,GOKEX,1,benefit,medium
2026-09-30 11:07,2026-09-30,textiles,existing,mixed,2,ICIL,1,benefit,medium
2026-09-30 11:07,2026-09-30,semis,existing,tailwind,3,KAYNES,1,benefit,medium
2026-09-30 11:07,2026-09-30,semis,existing,tailwind,3,MOSCHIP,1,benefit,low
2026-10-09 14:11,2026-10-09,shipbuilding,existing,tailwind,4,COCHINSHIP,1,benefit,high
2026-10-09 14:11,2026-10-09,shipbuilding,existing,tailwind,4,GRSE,1,benefit,medium
2026-10-09 14:11,2026-10-09,shipbuilding,existing,tailwind,4,KMEW,2,benefit,low
2026-10-09 14:11,2026-10-09,grid,existing,tailwind,4,KEI,1,benefit,high
2026-10-09 14:11,2026-10-09,grid,existing,tailwind,4,SKIPPER,1,benefit,high
2026-10-09 14:11,2026-10-09,grid,existing,tailwind,4,TARIL,1,benefit,medium
2026-10-09 14:11,2026-10-09,grid,existing,tailwind,4,APARINDS,1,benefit,medium
2026-10-09 14:11,2026-10-09,renewables,existing,tailwind,3,SUZLON,1,benefit,medium
2026-10-09 14:11,2026-10-09,renewables,existing,tailwind,3,INOXWIND,1,benefit,medium
2026-10-09 14:11,2026-10-09,datacentre,existing,tailwind,4,NETWEB,1,benefit,high
2026-10-09 14:11,2026-10-09,datacentre,existing,tailwind,4,BLUESTARCO,2,benefit,medium
2026-10-09 14:11,2026-10-09,datacentre,existing,tailwind,4,WAAREERTL,2,benefit,low
2026-10-09 14:11,2026-10-09,finfra,existing,tailwind,3,PINELABS,1,benefit,medium
2026-10-09 14:11,2026-10-09,finfra,existing,tailwind,3,CAMS,1,benefit,medium
2026-10-09 14:11,2026-10-09,finfra,existing,tailwind,3,GROWW,1,benefit,low
2026-10-09 14:11,2026-10-09,itvisa,new,headwind,4,COFORGE,2,hurt,medium
2026-10-09 14:11,2026-10-09,itvisa,new,headwind,4,PERSISTENT,2,hurt,medium
2026-10-09 14:11,2026-10-09,itvisa,new,headwind,4,MPHASIS,2,hurt,medium
2026-10-09 14:11,2026-10-09,itvisa,new,headwind,4,HEXT,2,hurt,medium
2026-10-09 14:11,2026-10-09,itvisa,new,headwind,4,LTTS,2,hurt,low
2026-10-09 14:11,2026-10-09,itvisa,new,headwind,4,CYIENT,2,hurt,low
2026-10-09 14:11,2026-10-09,energysecurity,new,mixed,4,OIL,1,benefit,high
2026-10-09 14:11,2026-10-09,energysecurity,new,mixed,4,HINDOILEXP,1,benefit,medium
2026-10-09 14:11,2026-10-09,energysecurity,new,mixed,4,JINDRILL,2,benefit,low
2026-10-09 14:11,2026-10-09,energysecurity,new,mixed,4,HINDPETRO,1,hurt,high
2026-10-09 14:11,2026-10-09,energysecurity,new,mixed,4,MRPL,1,hurt,medium
2026-10-09 14:11,2026-10-09,energysecurity,new,mixed,4,CHENNPETRO,1,hurt,medium
2026-10-09 14:11,2026-10-09,logistics,new,tailwind,3,CONCOR,1,benefit,low
2026-10-09 14:11,2026-10-09,logistics,new,tailwind,3,TCI,2,benefit,low
2026-10-09 14:11,2026-10-09,logistics,new,tailwind,3,JSWINFRA,3,benefit,low
2026-10-09 14:11,2026-10-09,steel,new,tailwind,4,SHYAMMETL,1,benefit,high
2026-10-09 14:11,2026-10-09,steel,new,tailwind,4,SAIL,1,benefit,medium
2026-10-09 14:11,2026-10-09,steel,new,tailwind,4,JSL,1,benefit,low
2026-10-09 14:11,2026-10-09,oncopricing,new,headwind,3,NATCOPHARM,1,hurt,medium
2026-10-09 14:11,2026-10-09,oncopricing,new,headwind,3,BIOCON,1,hurt,low
