date,symbol,client,side,qty,price,kind
2026-09-25,AGIIL,ARIHANT CAPITAL MARKETS LIMITED,BUY,1061216,269.49,bulk
2026-09-25,AGIIL,ARIHANT CAPITAL MARKETS LIMITED,SELL,1301036,269.14,bulk
2026-09-25,ANTELOPUS,HRTI PRIVATE LIMITED,BUY,461575,1230.59,bulk
2026-09-25,ANTELOPUS,HRTI PRIVATE LIMITED,SELL,461237,1229.86,bulk
2026-09-25,ANTELOPUS,JUNOMONETA FINSOL PRIVATE LIMITED,BUY,289043,1234.46,bulk
2026-09-25,ANTELOPUS,JUNOMONETA FINSOL PRIVATE LIMITED,SELL,292726,1235.03,bulk
2026-09-25,ANTELOPUS,MATHISYS QUANTCAP LLP,BUY,190664,1231.81,bulk
2026-09-25,ANTELOPUS,MATHISYS QUANTCAP LLP,SELL,192959,1229.72,bulk
2026-09-25,ANTELOPUS,MICROCURVES TRADING PRIVATE LIMITED,BUY,317809,1241.22,bulk
2026-09-25,ANTELOPUS,MICROCURVES TRADING PRIVATE LIMITED,SELL,317809,1241.99,bulk
2026-09-25,ANTELOPUS,NK SECURITIES RESEARCH PRIVATE LIMITED,BUY,229679,1237.25,bulk
2026-09-25,ANTELOPUS,NK SECURITIES RESEARCH PRIVATE LIMITED,SELL,229679,1237.76,bulk
2026-09-25,ANTELOPUS,PLUTUS WEALTH MANAGEMENT LLP,BUY,380730,1235.33,bulk
2026-09-25,ANTELOPUS,PLUTUS WEALTH MANAGEMENT LLP,SELL,380730,1235.88,bulk
2026-09-25,ANTELOPUS,QE SECURITIES LLP,BUY,313956,1230.94,bulk
2026-09-25,ANTELOPUS,QE SECURITIES LLP,SELL,320359,1228.54,bulk
2026-09-25,ARTEMISMED,MICROCURVES TRADING PRIVATE LIMITED,BUY,1004061,365.8,bulk
2026-09-25,ARTEMISMED,MICROCURVES TRADING PRIVATE LIMITED,SELL,1004061,366.15,bulk
2026-09-25,DALBHARAT,DALMIA BHARAT REFRACTORIES LIMITED,BUY,1084000,1700.0,bulk
2026-09-25,DALBHARAT,DALMIA BHARAT REFRACTORIES LIMITED,BUY,1084000,1700.0,block
2026-09-25,DALBHARAT,KESHAV POWER LIMITED,SELL,727000,1700.0,block
2026-09-25,DALBHARAT,RAMA INVESTMENT COMPANY PRIVATE LIMITED,SELL,357000,1700.0,block
2026-09-25,DELTACORP,QE SECURITIES LLP,BUY,1584327,75.45,bulk
2026-09-25,DELTACORP,QE SECURITIES LLP,SELL,1624491,75.27,bulk
2026-09-25,HERANBA,NK SECURITIES RESEARCH PRIVATE LIMITED,BUY,206732,193.36,bulk
2026-09-25,HERANBA,NK SECURITIES RESEARCH PRIVATE LIMITED,SELL,206732,193.59,bulk
2026-09-25,KSCL,ALPHAGREP SECURITIES PRIVATE LIMITED,BUY,316133,808.91,bulk
2026-09-25,KSCL,ALPHAGREP SECURITIES PRIVATE LIMITED,SELL,316133,809.65,bulk
2026-09-25,KSCL,IRAGE BROKING SERVICES LLP,BUY,258305,818.18,bulk
2026-09-25,KSCL,IRAGE BROKING SERVICES LLP,SELL,165346,811.41,bulk
2026-09-25,KSCL,MICROCURVES TRADING PRIVATE LIMITED,BUY,382816,808.56,bulk
2026-09-25,KSCL,MICROCURVES TRADING PRIVATE LIMITED,SELL,382816,809.16,bulk
2026-09-25,KSCL,PLUTUS WEALTH MANAGEMENT LLP,BUY,307898,808.86,bulk
2026-09-25,KSCL,PLUTUS WEALTH MANAGEMENT LLP,SELL,307898,809.36,bulk
2026-09-25,MEDICO,SAVITRIBEN MAHENDRAKUMAR SHAH,SELL,437647,27.22,bulk
2026-09-25,MGEL,SPECIFIC WORLDWIDE LLP,SELL,2080600,16.0,bulk
2026-09-25,MOTISONS,ARIHANT CAPITAL MARKETS LIMITED,BUY,11551835,18.55,bulk
2026-09-25,MOTISONS,ARIHANT CAPITAL MARKETS LIMITED,SELL,14550924,18.65,bulk
2026-09-25,MOTISONS,HRTI PRIVATE LIMITED,BUY,6296701,18.25,bulk
2026-09-25,MOTISONS,HRTI PRIVATE LIMITED,SELL,4723438,18.63,bulk
2026-09-25,MOTISONS,QE SECURITIES LLP,BUY,7019486,18.67,bulk
2026-09-25,MOTISONS,QE SECURITIES LLP,SELL,7308362,18.43,bulk
2026-09-25,POLICYBZR,GRAVITON RESEARCH CAPITAL LLP,BUY,3858509,1180.49,bulk
2026-09-25,POLICYBZR,GRAVITON RESEARCH CAPITAL LLP,SELL,3870440,1182.23,bulk
2026-09-25,POLICYBZR,SIXTEENTH STREET ASIAN GEMS FUND,SELL,2567217,1167.13,bulk
2026-09-25,PROTEAN,HRTI PRIVATE LIMITED,BUY,219727,671.97,bulk
2026-09-25,PROTEAN,HRTI PRIVATE LIMITED,SELL,219167,669.04,bulk
2026-09-25,RAYMONDREL,ALPHAGREP SECURITIES PRIVATE LIMITED,BUY,408903,721.51,bulk
2026-09-25,RAYMONDREL,ALPHAGREP SECURITIES PRIVATE LIMITED,SELL,408903,721.19,bulk
2026-09-25,RAYMONDREL,HRTI PRIVATE LIMITED,BUY,246987,715.91,bulk
2026-09-25,RAYMONDREL,HRTI PRIVATE LIMITED,SELL,341584,718.5,bulk
2026-09-25,RAYMONDREL,PLUTUS WEALTH MANAGEMENT LLP,BUY,352619,720.31,bulk
2026-09-25,RAYMONDREL,PLUTUS WEALTH MANAGEMENT LLP,SELL,352619,720.64,bulk
2026-09-25,RAYMONDREL,QE SECURITIES LLP,BUY,557761,722.13,bulk
2026-09-25,RAYMONDREL,QE SECURITIES LLP,SELL,566985,720.02,bulk
2026-09-25,REMSONSIND,ACME CAPITAL MARKET LIMITED,BUY,211216,115.5,bulk
2026-09-25,REMSONSIND,ACME CAPITAL MARKET LIMITED,SELL,211216,118.47,bulk
2026-09-25,REMSONSIND,INDIA EMERGING GIANTS FUND LIMITED,SELL,500000,115.62,bulk
2026-09-25,REMSONSIND,NK SECURITIES RESEARCH PRIVATE LIMITED,BUY,227778,124.5,bulk
2026-09-25,REMSONSIND,NK SECURITIES RESEARCH PRIVATE LIMITED,SELL,227778,124.62,bulk
2026-09-25,SDBL,NK SECURITIES RESEARCH PRIVATE LIMITED,BUY,1364080,74.69,bulk
2026-09-25,SDBL,NK SECURITIES RESEARCH PRIVATE LIMITED,SELL,1364080,74.74,bulk
2026-09-25,SHANTIGOLD,ALPHAGREP SECURITIES PRIVATE LIMITED,BUY,1444799,314.26,bulk
2026-09-25,SHANTIGOLD,ALPHAGREP SECURITIES PRIVATE LIMITED,SELL,1444799,314.13,bulk
2026-09-25,SHANTIGOLD,BLITZQUANT RESEARCH LLP,BUY,645171,320.03,bulk
2026-09-25,SHANTIGOLD,BLITZQUANT RESEARCH LLP,SELL,645171,320.16,bulk
2026-09-25,SHANTIGOLD,HRTI PRIVATE LIMITED,BUY,1438527,315.68,bulk
2026-09-25,SHANTIGOLD,HRTI PRIVATE LIMITED,SELL,1531075,315.33,bulk
2026-09-25,SHANTIGOLD,IMC INDIA SECURITIES PRIVATE LIMITED,BUY,423342,315.48,bulk
2026-09-25,SHANTIGOLD,IMC INDIA SECURITIES PRIVATE LIMITED,SELL,423400,315.07,bulk
2026-09-25,SHANTIGOLD,J4S FINANCIAL SOLUTIONS LLP,BUY,417948,312.39,bulk
2026-09-25,SHANTIGOLD,J4S FINANCIAL SOLUTIONS LLP,SELL,417948,312.22,bulk
2026-09-25,SHANTIGOLD,JUNOMONETA FINSOL PRIVATE LIMITED,BUY,858656,315.29,bulk
2026-09-25,SHANTIGOLD,JUNOMONETA FINSOL PRIVATE LIMITED,SELL,863750,315.31,bulk
2026-09-25,SHANTIGOLD,MICROCURVES TRADING PRIVATE LIMITED,BUY,1600610,317.25,bulk
2026-09-25,SHANTIGOLD,MICROCURVES TRADING PRIVATE LIMITED,SELL,1600610,317.42,bulk
2026-09-25,SHANTIGOLD,NK SECURITIES RESEARCH PRIVATE LIMITED,BUY,533207,315.69,bulk
2026-09-25,SHANTIGOLD,NK SECURITIES RESEARCH PRIVATE LIMITED,SELL,533207,315.73,bulk
2026-09-25,SHANTIGOLD,PLUTUS WEALTH MANAGEMENT LLP,BUY,451739,313.62,bulk
2026-09-25,SHANTIGOLD,PLUTUS WEALTH MANAGEMENT LLP,SELL,451739,313.7,bulk
2026-09-25,SHANTIGOLD,QE SECURITIES LLP,BUY,1514866,313.86,bulk
2026-09-25,SHANTIGOLD,QE SECURITIES LLP,SELL,1543080,311.48,bulk
2026-09-25,SHANTIGOLD,VINSUL MAKARDI LTD,BUY,436439,312.7,bulk
2026-09-25,SHANTIGOLD,VINSUL MAKARDI LTD,SELL,436439,312.67,bulk
2026-09-25,UGARSUGAR,NK SECURITIES RESEARCH PRIVATE LIMITED,BUY,710593,63.37,bulk
2026-09-25,UGARSUGAR,NK SECURITIES RESEARCH PRIVATE LIMITED,SELL,710593,63.41,bulk
2026-09-25,WHIRLPOOL,ALPHAGREP SECURITIES PRIVATE LIMITED,BUY,1033095,924.67,bulk
2026-09-25,WHIRLPOOL,ALPHAGREP SECURITIES PRIVATE LIMITED,SELL,1033095,924.7,bulk
2026-09-25,WHIRLPOOL,HRTI PRIVATE LIMITED,BUY,1309378,920.18,bulk
2026-09-25,WHIRLPOOL,HRTI PRIVATE LIMITED,SELL,1267607,922.73,bulk
2026-09-25,WHIRLPOOL,MICROCURVES TRADING PRIVATE LIMITED,BUY,1633846,927.17,bulk
2026-09-25,WHIRLPOOL,MICROCURVES TRADING PRIVATE LIMITED,SELL,1633846,927.76,bulk
2026-09-25,WHIRLPOOL,NK SECURITIES RESEARCH PRIVATE LIMITED,BUY,903406,926.09,bulk
2026-09-25,WHIRLPOOL,NK SECURITIES RESEARCH PRIVATE LIMITED,SELL,903406,926.45,bulk
2026-09-25,WHIRLPOOL,QE SECURITIES LLP,BUY,1004534,923.6,bulk
2026-09-25,WHIRLPOOL,QE SECURITIES LLP,SELL,985523,924.0,bulk
2026-09-28,ADSL,ALPHAGREP SECURITIES PRIVATE LIMITED,BUY,351704,121.2,bulk
2026-09-28,ADSL,ALPHAGREP SECURITIES PRIVATE LIMITED,SELL,351563,121.21,bulk
2026-09-28,AGIIL,ARIHANT CAPITAL MARKETS LIMITED,BUY,1087488,270.83,bulk
2026-09-28,AGIIL,ARIHANT CAPITAL MARKETS LIMITED,SELL,1084475,271.03,bulk
2026-09-28,DAMCAPITAL,BLITZQUANT RESEARCH LLP,BUY,460047,152.33,bulk
2026-09-28,DAMCAPITAL,BLITZQUANT RESEARCH LLP,SELL,460047,152.43,bulk
2026-09-28,DAMCAPITAL,JUNOMONETA FINSOL PRIVATE LIMITED,BUY,613549,153.67,bulk
2026-09-28,DAMCAPITAL,JUNOMONETA FINSOL PRIVATE LIMITED,SELL,612763,153.87,bulk
2026-09-28,DAMCAPITAL,MICROCURVES TRADING PRIVATE LIMITED,BUY,485535,155.99,bulk
2026-09-28,DAMCAPITAL,MICROCURVES TRADING PRIVATE LIMITED,SELL,485535,156.24,bulk
2026-09-28,DAMCAPITAL,NK SECURITIES RESEARCH PRIVATE LIMITED,BUY,993836,153.82,bulk
2026-09-28,DAMCAPITAL,NK SECURITIES RESEARCH PRIVATE LIMITED,SELL,993836,153.94,bulk
2026-09-28,DAMCAPITAL,QE SECURITIES LLP,BUY,394249,152.15,bulk
2026-09-28,DAMCAPITAL,QE SECURITIES LLP,SELL,397286,151.91,bulk
2026-09-28,DAMCAPITAL,SILVERLEAF CAPITAL SERVICES PRIVATE LIMITED,BUY,395758,154.47,bulk
2026-09-28,DAMCAPITAL,SILVERLEAF CAPITAL SERVICES PRIVATE LIMITED,SELL,395758,154.89,bulk
2026-09-28,ELECTCAST,ASHA KEJRIWAL,BUY,5594400,71.3,bulk
2026-09-28,ELECTCAST,ASHA KEJRIWAL,BUY,5594400,71.3,block
2026-09-28,ELECTCAST,BELGRAVE INVESTMENT FUND,SELL,18762000,71.28,bulk
2026-09-28,ELECTCAST,BELGRAVE INVESTMENT FUND,SELL,10148695,72.33,bulk
2026-09-28,ELECTCAST,BELGRAVE INVESTMENT FUND,SELL,18762000,71.28,block
2026-09-28,ELECTCAST,MAYANK KEJRIWAL,BUY,8342600,71.2,bulk
2026-09-28,ELECTCAST,MAYANK KEJRIWAL,BUY,8342600,71.2,block
2026-09-28,ELECTCAST,WILCOX MERCHANTS PRIVATE LIMITED,BUY,4825000,71.4,bulk
2026-09-28,ELECTCAST,WILCOX MERCHANTS PRIVATE LIMITED,BUY,4825000,71.4,block
2026-09-28,INDOBORAX,IRAGE BROKING SERVICES LLP,BUY,274604,489.2,bulk
2026-09-28,INDOBORAX,IRAGE BROKING SERVICES LLP,SELL,275929,488.77,bulk
2026-09-28,INDOBORAX,JUNOMONETA FINSOL PRIVATE LIMITED,BUY,337437,487.23,bulk
2026-09-28,INDOBORAX,JUNOMONETA FINSOL PRIVATE LIMITED,SELL,337448,487.72,bulk
2026-09-28,INDOBORAX,MICROCURVES TRADING PRIVATE LIMITED,BUY,603252,489.18,bulk
2026-09-28,INDOBORAX,MICROCURVES TRADING PRIVATE LIMITED,SELL,603252,489.82,bulk
2026-09-28,INDOBORAX,NK SECURITIES RESEARCH PRIVATE LIMITED,BUY,369255,488.74,bulk
2026-09-28,INDOBORAX,NK SECURITIES RESEARCH PRIVATE LIMITED,SELL,369255,489.01,bulk
2026-09-28,INDOBORAX,SILVERLEAF CAPITAL SERVICES PRIVATE LIMITED,BUY,189216,490.33,bulk
2026-09-28,INDOBORAX,SILVERLEAF CAPITAL SERVICES PRIVATE LIMITED,SELL,189216,490.47,bulk
2026-09-28,JINDRILL,ALPHAGREP SECURITIES PRIVATE LIMITED,BUY,151757,626.36,bulk
2026-09-28,JINDRILL,ALPHAGREP SECURITIES PRIVATE LIMITED,SELL,151757,626.9,bulk
2026-09-28,JINDRILL,ELIXIR WEALTH MANAGEMENT PRIVATE LIMITED,BUY,164139,627.54,bulk
2026-09-28,JINDRILL,ELIXIR WEALTH MANAGEMENT PRIVATE LIMITED,SELL,159139,630.5,bulk
2026-09-28,JINDRILL,IRAGE BROKING SERVICES LLP,BUY,173191,631.1,bulk
2026-09-28,JINDRILL,IRAGE BROKING SERVICES LLP,SELL,144396,627.4,bulk
2026-09-28,JINDRILL,JUNOMONETA FINSOL PRIVATE LIMITED,BUY,274893,627.21,bulk
2026-09-28,JINDRILL,JUNOMONETA FINSOL PRIVATE LIMITED,SELL,274642,627.49,bulk
2026-09-28,JINDRILL,MICROCURVES TRADING PRIVATE LIMITED,BUY,481899,628.59,bulk
2026-09-28,JINDRILL,MICROCURVES TRADING PRIVATE LIMITED,SELL,481899,629.22,bulk
2026-09-28,JINDRILL,NK SECURITIES RESEARCH PRIVATE LIMITED,BUY,220101,625.46,bulk
2026-09-28,JINDRILL,NK SECURITIES RESEARCH PRIVATE LIMITED,SELL,220101,625.78,bulk
2026-09-28,JINDRILL,QE SECURITIES LLP,BUY,165032,624.29,bulk
2026-09-28,JINDRILL,QE SECURITIES LLP,SELL,149149,623.53,bulk
2026-09-28,MAMATA,MAMATA GROUP CORPORATE SERVICES LLP,SELL,579654,401.2,bulk
2026-09-28,MAMATA,RIDDHESH GIRISHBHAI BHANDARI,BUY,147000,401.15,bulk
2026-09-28,MAMATA,SANDIPKUMAR P. JAIN,BUY,250000,401.15,bulk
2026-09-28,PAISALO,OCTASPACE REALCON PRIVATE LIMITED,BUY,6532507,82.3,bulk
2026-09-28,PROTEAN,HRTI PRIVATE LIMITED,BUY,242723,696.7,bulk
2026-09-28,PROTEAN,HRTI PRIVATE LIMITED,SELL,243192,698.72,bulk
2026-09-28,RAYMOND,HRTI PRIVATE LIMITED,BUY,399605,1188.16,bulk
2026-09-28,RAYMOND,HRTI PRIVATE LIMITED,SELL,412555,1194.56,bulk
2026-09-28,RAYMOND,QE SECURITIES LLP,BUY,370185,1192.78,bulk
2026-09-28,RAYMOND,QE SECURITIES LLP,SELL,370924,1196.17,bulk
2026-09-28,RSYSTEMS,BLITZQUANT RESEARCH LLP,BUY,1322818,266.27,bulk
2026-09-28,RSYSTEMS,BLITZQUANT RESEARCH LLP,SELL,1322818,266.38,bulk
2026-09-28,RSYSTEMS,DIPAN MEHTA COMMODITIES PRIVATE LIMITED,BUY,648083,266.9,bulk
2026-09-28,RSYSTEMS,DIPAN MEHTA COMMODITIES PRIVATE LIMITED,SELL,624083,267.58,bulk
2026-09-28,RSYSTEMS,ELIXIR WEALTH MANAGEMENT PRIVATE LIMITED,BUY,1014199,266.76,bulk
2026-09-28,RSYSTEMS,ELIXIR WEALTH MANAGEMENT PRIVATE LIMITED,SELL,1001026,267.49,bulk
2026-09-28,RSYSTEMS,IMC INDIA SECURITIES PRIVATE LIMITED,BUY,782732,265.32,bulk
2026-09-28,RSYSTEMS,IMC INDIA SECURITIES PRIVATE LIMITED,SELL,783220,264.66,bulk
2026-09-28,RSYSTEMS,IRAGE BROKING SERVICES LLP,BUY,911300,266.84,bulk
2026-09-28,RSYSTEMS,IRAGE BROKING SERVICES LLP,SELL,907888,266.98,bulk
2026-09-28,RSYSTEMS,JUNOMONETA FINSOL PRIVATE LIMITED,BUY,1279983,266.16,bulk
2026-09-28,RSYSTEMS,JUNOMONETA FINSOL PRIVATE LIMITED,SELL,1289545,266.32,bulk
2026-09-28,RSYSTEMS,MICROCURVES TRADING PRIVATE LIMITED,BUY,4089171,266.39,bulk
2026-09-28,RSYSTEMS,MICROCURVES TRADING PRIVATE LIMITED,SELL,4089212,266.54,bulk
2026-09-28,RSYSTEMS,MUSIGMA SECURITIES,BUY,1631030,266.9,bulk
2026-09-28,RSYSTEMS,MUSIGMA SECURITIES,SELL,1631993,267.04,bulk
2026-09-28,RSYSTEMS,NK SECURITIES RESEARCH PRIVATE LIMITED,BUY,2192245,265.86,bulk
2026-09-28,RSYSTEMS,NK SECURITIES RESEARCH PRIVATE LIMITED,SELL,2192332,266.0,bulk
2026-09-28,RSYSTEMS,QE SECURITIES LLP,BUY,1301711,266.68,bulk
2026-09-28,RSYSTEMS,QE SECURITIES LLP,SELL,1304556,264.59,bulk
2026-09-28,RSYSTEMS,VINSUL MAKARDI LTD,BUY,638363,265.07,bulk
2026-09-28,RSYSTEMS,VINSUL MAKARDI LTD,SELL,638363,265.29,bulk
2026-09-28,SBC,HRTI PRIVATE LIMITED,BUY,2958891,54.66,bulk
2026-09-28,SBC,HRTI PRIVATE LIMITED,SELL,2559884,54.91,bulk
2026-09-28,SDBL,ALPHAGREP SECURITIES PRIVATE LIMITED,BUY,986496,79.89,bulk
2026-09-28,SDBL,ALPHAGREP SECURITIES PRIVATE LIMITED,SELL,986496,79.93,bulk
2026-09-28,SDBL,PLUTUS WEALTH MANAGEMENT LLP,BUY,1176058,79.75,bulk
2026-09-28,SDBL,PLUTUS WEALTH MANAGEMENT LLP,SELL,1176058,79.81,bulk
2026-09-28,SENCO,VISION AHEAD SERVICES PRIVATE LIMITED,SELL,1000064,315.03,bulk
2026-09-28,SHANTIGOLD,HRTI PRIVATE LIMITED,BUY,405995,310.46,bulk
2026-09-28,SHANTIGOLD,HRTI PRIVATE LIMITED,SELL,437216,310.89,bulk
2026-09-28,SHANTIGOLD,QE SECURITIES LLP,BUY,561644,310.8,bulk
2026-09-28,SHANTIGOLD,QE SECURITIES LLP,SELL,538952,310.54,bulk
