symbol,deliv_med,deliv_recent,deliv_trend_pp,deliv_sessions
20MICRONS,43.93,43.59,-0.68,20
21STCENMGM,92.92,99.29,15.43,20
360ONE,50.75,53.0,2.41,20
3BBLACKBIO,60.01,62.82,4.82,20
3IINFOLTD,61.26,44.75,-16.53,20
3MINDIA,43.38,44.97,2.14,20
3PLAND,86.41,83.21,-6.41,20
5PAISA,52.62,63.86,11.5,20
63MOONS,39.36,13.84,-30.37,20
A2ZINFRA,69.69,59.81,-12.38,20
AAATECH,50.93,42.63,-17.92,20
AADHARHFC,53.79,46.79,-7.03,20
AAKASH,64.72,66.31,3.91,20
AARNAV,52.22,43.91,-13.04,20
AARON,56.39,55.38,-5.52,20
AARTIDRUGS,48.53,53.7,6.46,20
AARTIIND,39.92,34.51,-5.95,20
AARTIPHARM,46.62,47.97,3.1,20
AARTISURF,65.15,67.28,4.26,20
AARVI,42.02,41.79,-0.23,20
AASTHA,22.13,30.21,12.66,15
AAVAS,48.06,55.22,7.72,20
ABB,34.52,29.58,-6.9,20
ABBOTINDIA,56.0,48.84,-7.32,20
ABCAPITAL,45.39,32.84,-16.53,20
ABCOTS,48.08,49.81,1.76,20
ABDL,45.94,46.8,3.17,20
ABFRL,51.8,50.06,-2.24,20
ABGSEC,99.64,74.55,-25.24,17
ABINFRA,40.51,53.73,15.98,20
ABLBL,56.17,55.72,-0.9,20
ABMINTLLTD,78.72,56.94,-22.53,19
ABMKNO,87.41,92.89,7.08,20
ABREL,42.88,33.02,-11.52,20
ABSL10BANK,98.0,98.99,1.48,20
ABSLAMC,52.73,60.89,9.73,20
ABSLBANETF,77.19,57.84,-20.75,20
ABSLLIQUID,78.82,59.21,-33.24,20
ABSLMSCIN,96.68,99.52,7.54,20
ABSLNN50ET,73.75,74.21,0.92,20
ABSLPSE,76.98,77.22,3.92,20
ACC,42.06,44.03,2.25,20
ACCELYA,64.16,64.16,1.32,20
ACE,45.58,51.0,7.72,20
ACEINTEG,86.1,92.49,6.53,20
ACI,53.96,56.44,3.69,20
ACL,69.32,66.33,-3.18,20
ACMESOLAR,44.2,40.8,-3.6,20
ACSTECH,67.3,67.68,1.46,20
ACUTAAS,49.28,51.08,5.66,20
ADANIENSOL,33.41,37.71,4.5,20
ADANIENT,35.38,33.2,-5.29,20
ADANIGREEN,31.52,32.73,5.29,20
ADANIPORTS,50.2,63.15,13.53,20
ADANIPOWER,36.84,40.06,3.95,20
ADFFOODS,46.87,42.65,-4.31,20
ADL,80.45,75.15,-5.32,20
ADOR,49.53,59.68,11.22,20
ADROITINFO,83.12,85.37,2.25,20
ADSL,43.88,52.21,12.73,20
ADVAIT,52.2,52.32,2.55,20
ADVANCE,56.44,48.03,-8.41,20
ADVANIHOTR,65.87,66.33,0.92,20
ADVENTHTL,53.58,54.8,3.66,20
ADVENZYMES,57.57,57.57,-0.84,20
AEGISLOG,31.35,36.16,4.99,20
AEGISVOPAK,36.98,42.12,7.11,20
AEPL,79.38,83.67,7.37,20
AEQUS,41.17,41.63,2.22,20
AEROENTER,46.59,41.77,-5.11,20
AEROFLEX,40.44,42.99,2.99,20
AERONEU,15.71,15.48,-0.46,20
AEROPLANE,62.7,57.81,-5.24,15
AETHER,45.3,39.69,-5.78,20
AFCONS,50.94,57.93,8.0,20
AFFLE,45.03,46.9,4.06,20
AFIL,66.53,68.27,1.74,15
AFSL,67.12,70.11,3.33,20
AGARIND,42.95,38.56,-6.98,20
AGARWALEYE,59.38,47.27,-13.06,20
AGI,52.39,51.03,-1.45,20
AGIIL,25.95,28.76,5.61,20
AGL,70.09,74.87,7.78,17
AGROPHOS,74.75,73.68,-2.15,20
AHCL,48.61,42.74,-5.87,20
AHLADA,72.59,72.3,-1.93,20
AHLEAST,72.27,62.49,-10.24,20
AHLUCONT,51.81,53.95,4.25,20
AIAENG,56.73,56.82,0.18,20
AIIL,38.59,40.85,2.93,20
AIRAN,73.77,77.29,4.4,20
AIROLAM,78.3,74.25,-5.56,20
AJANTPHARM,46.17,46.02,-0.29,20
AJAXENGG,51.84,62.49,10.71,20
AJMERA,46.22,54.4,10.96,20
AJOONI,78.21,85.65,8.6,20
AKASH,76.71,62.97,-19.59,20
AKCAPIT,80.42,70.68,-15.81,20
AKG,83.27,79.34,-4.54,20
AKI,70.16,61.26,-12.41,20
AKSHAR,74.8,69.39,-9.27,20
AKUMS,51.99,51.0,-1.51,20
ALANKIT,75.73,84.6,9.53,20
ALBERTDAVD,68.91,68.22,-1.37,20
ALEMBICLTD,59.01,57.71,-1.3,20
ALGOQUANT,23.67,29.91,8.22,20
ALICON,62.66,63.33,2.91,20
ALIVUS,51.28,26.54,-26.42,20
ALKEM,54.77,58.91,4.14,20
ALKYLAMINE,40.89,43.68,3.52,20
ALLCARGO,53.19,63.52,10.54,20
ALLDIGI,67.09,58.5,-10.77,20
ALLTIME,63.39,65.45,3.25,20
ALMONDZ,75.41,65.68,-19.02,20
ALOKINDS,55.66,58.55,5.05,20
ALPA,63.99,63.87,-0.24,20
ALPHA,58.17,64.06,8.68,20
ALPHAETF,68.47,66.5,-2.95,20
ALPHAGEO,68.53,61.17,-8.87,20
ALPL30IETF,67.25,65.15,-5.91,20
AMAGI,44.37,51.4,12.1,20
AMBALALSA,69.34,63.62,-6.03,20
AMBER,30.9,30.08,-0.82,20
AMBICAAGAR,84.89,84.53,-0.72,20
AMBIKCO,56.79,59.13,2.34,20
AMBUJACEM,41.65,52.85,15.55,20
AMDIND,58.11,73.55,21.77,20
AMIRCHAND,52.47,52.47,-23.37,5
AMJLAND,75.64,79.85,4.63,20
AMNPLST,48.67,47.53,-2.29,20
AMRUTANJAN,62.9,60.12,-2.9,20
ANANDRATHI,52.94,55.51,3.76,20
ANANTRAJ,39.03,41.81,2.88,20
ANDHRAPAP,71.75,71.75,1.29,20
ANDHRSUGAR,48.17,53.41,6.85,20
ANGELONE,35.81,31.66,-7.21,20
ANIKINDS,71.12,71.12,-0.84,9
ANMOL,78.01,80.13,4.64,20
ANTELOPUS,48.8,38.61,-12.73,20
ANTGRAPHIC,80.47,80.41,-0.13,20
ANTHEM,59.6,56.76,-7.57,20
ANUHPHR,63.98,65.05,1.25,20
ANUP,48.68,48.77,1.35,20
ANURAS,58.89,66.05,11.48,20
AONEGOLD,49.58,54.59,6.13,20
AONELIQUID,74.9,72.09,-5.62,20
AONENIFTY,80.57,79.76,-1.0,20
AONESILVER,65.94,67.85,3.86,20
AONETMMQ50,83.09,67.4,-19.45,20
AONETOTAL,66.16,73.0,8.61,20
APARINDS,40.92,40.28,-2.07,20
APCL,68.61,68.98,2.71,20
APCOTEXIND,45.12,36.89,-10.49,20
APEX,44.19,49.51,6.93,20
APLAPOLLO,54.25,47.29,-7.44,20
APLLTD,48.63,46.01,-3.53,20
APOLLO,25.1,25.15,0.7,20
APOLLOHOSP,61.26,60.09,-2.02,20
APOLLOPIPE,46.21,52.78,6.57,20
APOLLOTYRE,45.95,46.26,0.61,20
APOLSINHOT,71.95,83.82,21.73,20
APTUS,52.18,49.48,-3.52,20
AQYLON,60.18,52.0,-8.18,20
ARCHIDPLY,80.7,81.37,1.34,20
ARCHIES,75.19,75.19,-1.24,20
ARE&M,45.09,51.42,6.74,20
ARENTERP,63.43,79.26,21.74,20
ARFIN,9.12,9.88,0.9,20
ARIES,68.88,67.15,-4.88,20
ARIHANT,57.41,50.62,-8.8,20
ARIHANTCAP,49.67,53.35,6.72,20
ARIHANTSUP,75.78,74.81,-1.95,20
ARIS,43.03,53.67,12.45,20
ARKADE,39.08,39.13,1.2,20
ARMANFIN,53.11,56.94,5.54,20
AROGRANITE,71.08,78.32,7.24,20
ARSSBL,50.49,53.19,5.09,20
ARTEMISMED,56.31,58.32,2.05,20
ARTNIRMAN,73.54,94.64,24.88,20
ARVEE,65.61,65.2,-0.82,20
ARVIND,48.06,47.94,-0.25,20
ARVINDFASN,57.32,57.02,-0.3,20
ARVSMART,59.53,65.61,8.16,20
ASAHIINDIA,58.11,55.38,-2.83,20
ASAHISONG,54.79,47.68,-7.27,15
ASAL,52.39,54.03,2.47,20
ASALCBR,51.62,58.8,7.95,20
ASHAPURMIN,44.61,44.51,-0.19,20
ASHIANA,41.42,42.89,2.94,20
ASHIKA,52.84,48.88,-3.96,11
ASHIKAG,41.05,41.05,-11.21,9
ASHIMASYN,66.56,70.9,15.11,20
ASHOKA,51.16,66.83,16.28,20
ASHOKAMET,74.5,79.15,8.33,20
ASHOKLEY,43.46,42.97,-0.49,20
ASIANENE,44.41,43.88,-1.05,20
ASIANHOTNR,51.96,49.29,-2.67,20
ASIANPAINT,52.44,50.78,-2.14,20
ASIANTILES,39.47,37.31,-4.32,20
ASKAUTOLTD,53.17,45.1,-9.43,20
ASPINWALL,80.9,82.52,3.24,20
ASTAR,88.68,88.68,7.16,17
ASTEC,41.69,47.87,10.31,20
ASTERDM,58.06,58.05,-0.02,20
ASTRAL,43.67,44.06,1.83,20
ASTRAMICRO,45.32,42.52,-5.95,20
ASTRAZEN,53.83,43.8,-11.24,20
ATALREAL,23.19,14.0,-15.92,20
ATAM,67.0,81.22,14.46,20
ATGL,27.08,27.08,-0.08,20
ATHERENERG,34.7,35.32,0.97,20
ATL,65.1,62.63,-4.17,20
ATLANTAA,65.72,69.66,8.53,20
ATLANTAELE,48.59,50.37,2.34,20
ATLASCYCLE,72.06,77.62,10.08,20
ATUL,51.24,54.61,4.51,20
ATULAUTO,40.13,29.55,-12.76,20
AUBANK,52.83,59.08,7.82,20
AURIONPRO,48.81,60.32,11.9,20
AUROPHARMA,48.57,48.38,-0.33,20
AURUM,45.39,60.19,16.98,20
AURUS,79.61,88.5,15.68,20
AUTOAXLES,63.16,59.67,-4.0,20
AUTOBEES,52.55,50.21,-4.33,20
AUTOIETF,60.77,63.82,4.45,20
AVADHSUGAR,48.53,20.29,-32.45,9
AVALON,43.42,42.87,-1.49,20
AVANTEL,40.2,37.65,-2.59,20
AVANTIFEED,39.25,46.03,7.88,20
AVL,51.52,33.31,-21.62,20
AVONMORE,51.67,61.94,10.58,20
AVROIND,65.09,71.79,11.82,20
AVTNPL,65.78,59.51,-6.8,20
AWFIS,51.32,53.35,3.83,20
AWHCL,48.73,50.85,4.21,20
AWL,49.22,45.04,-4.64,20
AXISBANK,62.78,62.3,-0.97,20
AXISCADES,58.88,60.11,1.45,20
AXITA,60.28,22.67,-41.42,20
AYE,42.33,41.65,-1.36,20
AYMSYNTEX,59.08,61.35,6.22,20
AZAD,39.78,39.79,2.12,20
BAGFILMS,73.22,89.29,17.11,20
BAIDFIN,79.66,86.53,9.38,20
BAJAJ-AUTO,54.2,57.13,4.58,20
BAJAJCON,48.63,66.68,21.7,20
BAJAJELEC,47.14,52.44,5.36,20
BAJAJFINSV,57.75,54.31,-6.88,20
BAJAJHCARE,38.61,47.89,10.56,20
BAJAJHFL,50.68,44.94,-7.1,20
BAJAJHIND,45.97,45.37,-1.2,20
BAJAJHLDNG,52.86,44.0,-12.96,20
BAJAJINDEF,67.04,70.17,3.35,20
BAJAJST,59.22,60.11,1.53,20
BAJEL,55.99,58.03,2.05,20
BAJFINANCE,63.78,58.25,-8.61,20
BALAJEE,73.68,72.55,-7.39,20
BALAJITELE,55.5,64.54,10.84,20
BALAMINES,35.37,44.23,14.04,20
BALAXI,94.47,97.07,15.18,9
BALKRISHNA,59.61,43.19,-18.07,20
BALKRISIND,50.16,32.4,-24.97,20
BALMLAWRIE,60.5,63.62,4.93,20
BALPHARMA,63.91,64.05,2.4,20
BALRAMCHIN,34.89,40.87,9.47,20
BALUFORGE,48.8,49.76,1.33,20
BANARBEADS,65.44,81.08,24.37,20
BANARISUG,71.19,76.02,9.65,20
BANCOINDIA,47.2,46.13,-1.18,20
BANDHANBNK,43.16,48.3,7.0,20
BANG,69.5,74.12,6.22,20
BANK10ADD,88.36,88.58,1.06,20
BANK10BETF,88.53,98.82,15.69,14
BANKADD,70.29,84.93,17.0,20
BANKBARODA,50.55,56.04,5.82,20
BANKBEES,58.14,58.43,2.77,20
BANKBETA,81.98,90.61,8.69,20
BANKBETF,75.95,81.04,6.36,20
BANKETF,69.76,85.25,20.07,20
BANKIETF,69.74,72.78,5.14,20
BANKINDIA,42.25,44.15,3.6,20
BANKNIFTY1,67.88,49.03,-22.71,20
BANKPSU,68.12,86.71,26.22,20
BANSALWIRE,48.84,48.47,-0.75,20
BANSWRAS,56.17,61.58,15.05,20
BASF,50.47,54.58,4.21,20
BATAINDIA,46.75,51.48,5.3,20
BATLIBOI,64.93,65.5,1.14,20
BAYERCROP,57.38,58.84,3.71,20
BBETF0432,73.2,61.99,-14.22,20
BBL,53.86,42.89,-11.76,20
BBNPNBETF,64.17,65.42,2.5,20
BBNPPGOLD,74.82,78.74,7.83,20
BBOX,45.98,45.38,-1.21,20
BBTC,55.36,62.53,8.26,20
BBTCL,72.3,51.47,-29.68,20
BCG,55.39,55.66,0.27,20
BCLIND,38.48,56.08,19.57,20
BCONCEPTS,65.06,69.61,7.28,20
BCPL,70.99,75.09,8.15,20
BDL,31.11,32.97,2.23,20
BEARDSELL,72.55,65.88,-12.58,20
BECTORFOOD,25.98,35.72,17.57,20
BEDMUTHA,85.96,76.2,-9.93,20
BEEKAY,76.28,57.66,-20.76,20
BEL,57.57,65.81,11.91,20
BELLACASA,66.66,71.54,6.23,20
BELRISE,48.09,41.74,-6.52,20
BEML,46.52,53.83,8.96,20
BENGALASM,65.22,67.44,2.69,20
BEPL,35.21,35.35,7.96,20
BERGEPAINT,44.38,50.98,8.85,20
BESTAGRO,47.43,14.41,-35.3,20
BETA,40.76,42.27,5.61,20
BFINVEST,45.21,50.67,7.78,20
BFSI,63.62,73.55,11.27,20
BFUTILITIE,44.02,48.97,6.85,20
BHAGCHEM,52.64,37.92,-20.54,20
BHARATCOAL,36.94,41.11,6.22,20
BHARATFORG,50.93,52.9,2.14,20
BHARATRAS,62.28,62.56,0.47,20
BHARATSE,37.01,29.73,-7.98,20
BHARATWIRE,44.3,34.7,-14.32,20
BHARTIARTL,67.28,61.57,-5.91,20
BHARTIHEXA,50.14,59.23,9.59,20
BHEL,41.79,45.26,6.55,20
BI,73.51,61.24,-14.14,20
BIGBLOC,57.86,57.35,-1.01,20
BIKAJI,56.03,54.2,-2.17,20
BIL,74.33,74.65,0.65,20
BIMETAL,72.13,70.83,-2.61,20
BIOCON,50.08,47.75,-2.47,20
BIOFILCHEM,77.86,86.64,9.31,20
BIRLACORPN,54.57,55.17,0.6,20
BIRLAMONEY,49.44,58.1,9.76,20
BIRLANU,59.43,54.71,-4.96,20
BIRLAPREC,74.09,80.77,7.99,20
BLACKBUCK,42.83,33.37,-14.03,20
BLAL,66.11,63.4,-2.85,20
BLBLIMITED,80.97,87.35,8.1,20
BLIL,74.67,64.31,-11.11,20
BLKASHYAP,62.78,65.53,4.66,20
BLS,48.19,53.47,6.03,20
BLSE,39.25,46.72,22.05,20
BLUEDART,45.8,51.08,5.31,20
BLUEJET,50.24,47.81,-2.9,20
BLUESTARCO,42.11,36.11,-6.58,20
BLUESTONE,10.07,10.13,0.34,20
BLUSPRING,44.6,56.26,13.33,20
BMWVENTLTD,50.89,46.71,-4.18,20
BNALTD,45.16,40.35,-19.54,7
BNKETFAXIS,73.09,79.51,12.84,18
BOHRAIND,74.54,65.77,-10.7,20
BOMDYEING,48.33,49.83,6.93,20
BONLON,66.45,70.05,7.73,20
BORANA,51.17,64.51,17.99,20
BOROLTD,48.27,45.21,-3.44,20
BORORENEW,44.73,52.28,7.84,20
BOROSCI,53.33,49.68,-5.89,20
BOSCH-HCIL,56.14,67.23,13.05,20
BOSCHLTD,43.05,43.27,0.39,20
BPCL,52.86,51.5,-2.48,20
BPL,56.34,62.52,7.66,20
BRIGADE,43.41,50.9,11.58,20
BRIGHOTEL,70.2,60.5,-9.92,20
BRITANNIA,55.39,58.61,4.68,20
BRNL,66.55,52.34,-14.21,20
BSE,37.99,37.99,0.57,20
BSE500IETF,69.17,72.09,6.72,20
BSL,70.08,70.08,1.55,20
BSLGOLDETF,61.71,48.24,-17.58,20
BSLNIFTY,81.63,64.43,-18.65,20
BSLSENETFG,75.55,81.46,5.91,20
BSOFT,45.76,43.55,-3.84,20
BTML,68.41,73.32,4.91,20
BUILDPRO,51.47,57.81,6.55,20
BUTTERFLY,52.83,51.94,-1.61,20
BVCL,74.85,63.19,-13.92,20
CAMLINFINE,48.8,51.56,3.04,20
CAMPUS,42.0,43.15,2.24,20
CAMS,44.51,44.36,-0.23,20
CANBK,48.42,54.29,7.19,20
CANFINHOME,59.69,69.76,10.77,20
CANHLIFE,41.13,42.81,2.75,20
CANTABIL,49.5,50.63,1.69,20
CAPACITE,50.97,55.22,10.11,20
CAPILLARY,36.6,21.91,-17.0,20
CAPITALSFB,59.7,58.86,-5.65,20
CAPLIPOINT,47.27,47.15,-0.25,20
CAPTRUST,82.78,80.01,-5.59,20
CARBORUNIV,48.02,50.83,5.02,20
CARERATING,54.9,53.99,-1.82,20
CARRARO,58.13,70.38,13.88,20
CARTRADE,31.88,37.9,9.75,20
CARYSIL,52.28,59.61,7.92,20
CASHIETF,77.77,72.71,-7.9,20
CASTROLIND,69.67,62.85,-6.88,20
CCAVENUE,46.15,44.27,-1.92,20
CCCL,61.92,54.19,-8.68,20
CCHHL,76.91,71.04,-6.79,20
CCL,53.7,53.7,-3.12,20
CDSL,34.44,38.63,5.45,20
CEATLTD,46.44,49.6,3.53,20
CEIGALL,55.64,54.6,-2.53,20
CEINSYS,58.3,53.82,-4.49,20
CELEBRITY,73.48,81.26,10.83,20
CELLO,49.52,44.4,-6.36,20
CEMNTGROWW,81.56,88.82,17.28,8
CEMPRO,51.67,48.01,-8.33,20
CENTENKA,51.45,56.1,7.26,20
CENTEXT,59.22,67.55,8.57,20
CENTRALBK,51.39,55.01,4.07,20
CENTRUM,55.61,56.65,1.77,20
CENTUM,52.33,47.67,-5.89,20
CENTURYPLY,49.0,42.38,-9.21,20
CERA,47.23,47.37,0.28,20
CESC,54.45,51.4,-4.29,20
CEWATER,43.17,50.04,7.84,20
CGCL,33.53,40.08,7.58,20
CGPOWER,46.69,34.41,-14.89,20
CHALET,51.38,51.23,-0.3,20
CHAMBLFERT,45.68,44.57,-2.71,20
CHEMICAL,71.44,72.99,1.81,20
CHEMPLASTS,50.91,55.31,5.82,20
CHENNPETRO,30.29,31.83,1.54,20
CHEVIOT,71.5,61.08,-15.2,20
CHOICEGOLD,57.61,68.19,11.5,20
CHOICEIN,29.88,25.57,-6.54,20
CHOLAFIN,56.59,52.66,-4.01,20
CHOLAHLDNG,66.2,65.06,-2.49,20
CIEINDIA,56.15,74.56,21.24,20
CIFL,70.55,72.96,6.49,20
CINELINE,69.47,58.96,-11.8,20
CINEVISTA,74.27,75.49,2.44,20
CIPLA,50.81,59.51,10.34,20
CLEAN,46.51,50.11,3.6,20
CLEANMAX,42.66,42.26,-0.94,20
CLSEL,46.34,50.51,6.24,20
CMLL,20.67,20.67,5.02,11
CMPDI,41.41,44.57,7.66,20
CMRGREEN,44.64,44.28,-0.95,20
CMSINFO,60.48,67.02,9.87,20
CNL,35.57,35.57,3.41,20
COALINDIA,60.17,65.13,7.06,20
COASTCORP,56.56,57.85,3.29,20
COCHINSHIP,39.89,47.65,8.52,20
COCKERILL,44.66,44.37,-0.59,20
COFORGE,47.11,45.62,-1.74,20
COHANCE,48.6,53.32,8.98,20
COLPAL,46.04,51.33,7.04,20
COMFINTE,69.34,41.78,-33.53,20
COMMOIETF,65.75,67.6,3.69,20
COMPUSOFT,68.08,73.18,7.53,20
COMSYN,37.36,41.85,4.8,20
CONCOR,45.81,55.99,12.57,20
CONCORDBIO,46.22,41.86,-5.77,20
CONFIPET,43.2,42.26,-1.05,20
CONS,67.13,67.67,1.07,20
CONSOFINVT,74.69,74.11,-1.17,8
CONSUMAXIS,59.45,69.74,11.36,20
CONSUMBEES,52.24,85.55,36.04,20
CONSUMER,77.96,81.33,4.68,20
CONSUMIETF,74.06,84.55,13.93,20
CONTROLPR,50.88,52.63,3.13,20
CORALFINAC,61.15,43.84,-23.42,20
CORDELIA,29.73,36.64,6.91,20
COROMANDEL,55.71,62.67,7.27,20
CORONA,45.02,43.65,-1.64,20
COSMOFIRST,50.14,53.92,5.03,20
COUNCODOS,60.79,61.26,0.47,20
CPEDU,62.81,62.91,0.1,20
CPL,56.52,60.34,7.64,12
CPPLUS,51.5,50.78,-0.84,20
CPSEETF,59.06,59.02,-0.51,20
CRAFTSMAN,48.75,48.14,-0.63,20
CRAMC,45.3,55.64,16.27,20
CREATIVEYE,78.06,75.15,-3.65,20
CREDITACC,51.45,50.91,-1.4,20
CREST,64.65,36.37,-31.33,20
CRISIL,50.54,58.92,10.92,20
CRIZAC,52.45,46.2,-6.95,20
CROMPTON,47.0,48.76,3.44,20
CROWN,77.69,87.16,9.94,20
CSBBANK,51.3,53.3,4.55,20
CSLFINANCE,70.69,56.09,-14.97,20
CSM,56.08,55.84,-0.48,18
CTE,74.59,77.74,3.21,20
CUB,54.43,52.73,-2.62,20
CUBEXTUB,61.05,67.95,12.16,20
CUMMINSIND,57.12,51.7,-6.52,20
CUPID,27.04,28.59,4.77,20
CURAA,75.61,72.52,-4.56,20
CYIENT,53.42,58.68,5.98,20
CYIENTDLM,38.67,39.02,5.07,20
DABUR,51.56,53.99,7.28,20
DALBHARAT,46.41,57.54,13.52,20
DALMIASUG,35.54,24.25,-11.39,20
DAMCAPITAL,45.56,53.81,8.25,20
DANGEE,75.25,77.68,2.43,20
DATAMATICS,43.59,43.7,1.25,20
DATAPATTNS,21.23,19.61,-4.31,20
DAVANGERE,53.1,61.52,8.43,20
DBCORP,45.63,57.49,13.48,20
DBL,38.66,31.2,-15.13,20
DBOL,62.27,55.91,-11.02,15
DCAL,51.82,51.73,-0.18,20
DCBBANK,51.8,53.68,2.22,20
DCI,50.89,44.77,-12.94,20
DCMFINSERV,83.77,83.77,0.48,9
DCMSHRIRAM,44.58,41.49,-3.81,20
DCMSRIND,51.39,56.6,9.74,20
DCW,46.09,43.73,-3.41,20
DCXINDIA,45.73,47.78,2.25,20
DDEVPLSTIK,51.8,54.8,5.38,20
DECCANCE,67.46,80.6,16.66,20
DECNGOLD,37.86,48.19,10.86,20
DEEPAKFERT,33.16,28.03,-10.24,20
DEEPAKNTR,47.44,51.84,4.49,20
DEEPINDS,42.1,30.49,-11.96,20
DEFENCE,77.41,71.55,-6.44,20
DELHIVERY,49.55,43.98,-7.63,20
DELTACORP,40.85,46.38,5.53,20
DELTAMAGNT,73.06,78.15,6.25,20
DEN,54.47,54.75,3.43,20
DENORA,57.39,51.18,-6.86,20
DENTA,35.9,37.88,2.1,20
DEVIT,65.98,63.46,-4.38,20
DEVX,81.7,84.19,2.62,20
DEVYANI,45.14,44.93,-0.81,20
DGCONTENT,79.26,67.13,-12.48,20
DHAMPURSUG,43.44,28.38,-17.33,20
DHANBANK,40.12,55.25,19.15,20
DHANUKA,53.55,58.57,6.16,20
DHARMAJ,71.52,71.1,-0.83,20
DHUNINV,74.12,66.34,-8.23,20
DIACABS,38.68,55.18,18.97,18
DIAMINESQ,71.09,84.87,17.24,20
DIAMONDYD,65.84,70.45,4.61,20
DICIND,72.78,75.03,4.43,20
DIFFNKG,48.13,48.13,-0.24,20
DIGIDRIVE,80.18,83.92,5.21,20
DIGITIDE,37.51,37.32,-0.38,20
DIGJAMLMTD,81.45,85.95,8.37,20
DISAQ,18.66,39.81,23.85,20
DIVGIITTS,45.2,49.17,6.11,20
DIVIDEND,91.38,93.66,17.38,20
DIVISLAB,55.46,55.46,0.25,20
DIVOPPBEES,57.84,68.5,12.98,20
DIXON,32.17,32.23,0.08,20
DJML,16.43,20.7,4.62,20
DLF,45.12,45.12,-0.65,20
DLINKINDIA,44.54,54.22,11.65,20
DMART,49.37,52.06,3.27,20
DMCC,54.86,49.97,-5.05,20
DNAMEDIA,76.74,82.1,8.43,20
DODLA,52.69,58.89,6.98,20
DOLATALGO,61.09,64.49,3.89,20
DOLLAR,61.97,49.83,-15.93,20
DOLPHIN,66.69,64.0,-5.37,20
DOMS,50.23,47.69,-6.95,20
DONEAR,58.95,58.95,2.6,20
DPABHUSHAN,35.48,37.98,4.93,20
DRAGARWQ,65.67,62.12,-6.66,20
DRCSYSTEMS,70.89,62.27,-8.62,20
DREAMFOLKS,56.64,56.97,0.94,20
DREDGECORP,44.53,43.15,-2.77,20
DRREDDY,53.03,52.3,-0.73,20
DSSL,55.92,61.73,6.31,20
DTIL,75.79,76.64,3.2,20
DUCON,82.59,90.03,7.94,20
DVL,69.59,69.54,-0.1,20
DWARKESH,40.92,35.64,-8.84,20
DYCL,28.04,31.38,4.97,20
DYNAMATECH,42.48,43.59,1.2,20
DYNPRO,69.8,70.91,7.62,20
E2E,44.83,66.03,21.26,20
EASEMYTRIP,41.23,42.43,5.98,20
EBANKNIFTY,90.41,91.86,3.86,20
EBBETF0430,80.85,81.5,1.29,20
EBBETF0431,88.37,76.61,-13.39,20
EBBETF0433,74.59,72.75,-2.51,20
EBGNG,54.68,53.37,-2.68,20
ECAPINSURE,73.27,72.05,-2.44,20
ECLERX,36.92,42.31,5.42,20
EDELWEISS,48.37,46.8,-1.62,20
EFCIL,61.24,55.62,-6.59,20
EGOLD,74.2,72.44,-3.52,20
EICHERMOT,57.29,63.56,7.7,20
EIDPARRY,53.44,56.82,3.43,20
EIEL,38.58,38.16,-0.84,20
EIHAHOTELS,55.61,60.05,6.44,20
EIHOTEL,52.22,58.19,7.82,20
EIMCOELECO,48.92,49.86,1.13,20
EKC,53.23,53.07,-0.65,20
ELANTAS,53.03,31.64,-22.3,20
ELCIDIN,82.84,72.22,-11.11,20
ELDEHSG,78.91,78.58,-0.67,20
ELECON,49.03,49.13,0.19,20
ELECTCAST,54.45,53.9,-2.28,20
ELECTHERM,54.59,53.44,-1.19,20
ELGIEQUIP,53.98,58.65,5.87,20
ELGIRUBCO,52.05,56.51,7.16,20
ELIN,48.78,51.5,3.26,20
ELIQUID,83.87,83.51,-2.75,20
ELITECON,45.0,57.94,14.86,20
ELLEN,49.4,50.29,1.78,20
ELM250,85.98,63.9,-25.35,20
ELPROINTL,89.41,92.95,4.36,20
EMAMILTD,58.12,58.84,1.46,20
EMAMIPAP,52.74,52.74,-0.26,11
EMBDL,44.72,49.81,8.54,20
EMCURE,50.12,47.46,-3.99,20
EMETAL,76.78,71.67,-10.22,8
EMIL,53.48,60.9,8.32,20
EMKAY,59.16,61.65,4.98,20
EMMVEE,40.6,40.24,-0.72,20
EMSLIMITED,34.34,34.8,0.51,20
EMUDHRA,50.84,46.18,-4.8,20
EMULTIMQ,86.19,87.72,2.43,20
ENDURANCE,55.5,55.93,1.64,20
ENERGY,75.86,72.0,-6.04,20
ENERGYDEV,73.09,69.05,-6.95,20
ENEXT50,89.76,88.76,-2.0,20
ENGINERSIN,45.14,51.04,7.42,20
ENIFTY,85.28,81.52,-9.63,20
ENIL,69.67,55.38,-14.29,20
ENRIN,46.51,46.67,0.36,20
ENTERO,57.11,44.52,-12.63,20
EPACK,39.81,48.7,9.01,20
EPACKPEB,37.7,38.51,1.61,20
EPIGRAL,48.38,52.04,6.34,20
EPL,52.8,62.46,12.0,20
EQUAL200,85.45,95.12,11.52,20
EQUAL50,92.77,76.38,-17.25,20
EQUAL50ADD,81.24,87.49,6.25,20
EQUITASBNK,46.83,55.94,11.97,20
ERIS,62.5,66.05,8.42,20
ESABINDIA,57.86,57.74,-0.23,20
ESAFSFB,34.64,22.05,-13.45,20
ESCORTS,54.41,42.71,-14.26,20
ESENSEX,92.86,95.53,3.02,20
ESG,76.38,90.04,13.99,20
ESILVER,60.41,93.11,48.52,20
ESSARSHPNG,60.4,66.23,7.74,20
ESTER,60.69,61.19,5.45,20
ETERNAL,47.69,50.38,4.49,20
ETHOSLTD,38.96,22.26,-16.89,20
EUREKAFORB,56.08,56.1,0.82,20
EUROBOND,72.53,71.74,-1.58,20
EUROPRATIK,20.55,37.61,17.74,20
EVEREADY,47.11,56.66,11.16,20
EVIETF,54.64,59.36,5.72,20
EVINDIA,66.95,66.54,-0.82,20
EXCELINDUS,64.88,65.35,0.94,20
EXCELSOFT,45.91,46.35,0.89,20
EXICOM,34.23,39.34,7.37,20
EXIDEIND,43.61,43.71,0.52,20
EXPLEOSOL,53.34,47.94,-9.79,20
EXXARO,66.88,77.59,12.45,20
FABTECH,40.36,39.66,-6.16,20
FACT,31.75,32.73,4.07,20
FAZE3Q,64.11,80.49,19.86,20
FCL,33.88,37.39,6.86,20
FCSSOFT,68.53,66.93,-4.5,9
FDC,57.95,54.18,-4.49,20
FEDDERSHOL,24.71,31.1,14.49,20
FEDERALBNK,58.02,62.18,4.49,20
FEDFINA,46.06,54.15,9.1,20
FERMENTA,40.5,34.4,-6.15,20
FIBERWEB,69.35,75.42,6.07,20
FIEMIND,52.08,50.69,-2.18,20
FILATEX,29.49,27.34,-2.52,20
FINCABLES,51.01,49.49,-2.93,20
FINEORG,53.45,58.19,5.35,20
FINIETF,67.23,57.73,-10.4,20
FINKURVE,72.08,72.08,0.16,20
FINOPB,15.52,29.78,18.24,20
FINPIPE,54.02,54.73,0.84,20
FIRSTCRY,46.91,47.38,1.49,20
FISCHER,21.94,20.7,-2.47,20
FIVESTAR,47.31,45.11,-2.28,20
FLAIR,54.85,54.38,-0.94,20
FLEXIADD,84.28,86.61,2.74,20
FLUOROCHEM,50.03,49.85,-0.36,20
FMCGADD,54.71,45.89,-11.47,20
FMCGIETF,64.01,73.45,12.02,20
FMGOETZE,62.35,57.68,-5.69,20
FOODSIN,62.48,68.59,6.75,20
FORCEMOT,29.91,30.33,4.42,20
FORTIS,59.19,59.35,0.33,20
FOSECOIND,55.03,39.75,-15.28,20
FRACTAL,46.81,47.64,1.66,20
FRONTSP,59.55,54.42,-5.94,20
FSL,32.71,31.28,-1.82,20
FUSION,48.78,49.41,3.12,20
GABRIEL,31.02,33.43,2.6,20
GAEL,50.41,48.76,-5.24,20
GAIL,57.58,40.35,-17.8,20
GALAPREC,44.81,47.87,4.03,20
GALAXYSURF,56.63,54.15,-4.25,20
GALLANTT,47.95,47.88,-0.15,20
GANDHAR,31.34,23.45,-12.3,20
GANDHITUBE,70.11,69.82,-0.29,20
GANECOS,45.45,45.45,-2.33,20
GANESHBE,40.54,40.54,1.49,15
GANESHCP,54.88,43.18,-12.95,20
GANESHHOU,53.03,56.89,11.56,20
GANGESSECU,81.62,70.68,-10.94,20
GARFIBRES,50.03,57.31,7.97,20
GARUDA,43.63,43.63,0.2,20
GATECH,49.05,44.12,-9.86,20
GATECHDVR,75.22,69.86,-10.04,18
GATEWAY,59.23,57.7,-4.24,20
GAYAHWS,70.91,65.54,-7.07,20
GCSL,38.36,29.75,-8.75,20
GEEKAYWIRE,56.0,55.49,-9.85,20
GEMAROMA,49.98,66.32,17.55,20
GENCON,4.69,6.92,2.7,20
GENESYS,43.56,42.36,-2.41,20
GENUSPAPER,74.17,65.98,-8.29,20
GENUSPOWER,47.27,49.93,3.96,20
GEOJITFSL,53.42,53.23,-0.38,20
GESHIP,51.96,50.19,-1.78,20
GFLLIMITED,59.99,50.49,-10.02,20
GHCL,60.26,58.3,-2.54,20
GHCLTEXTIL,50.04,51.18,2.19,20
GICHSGFIN,55.17,54.73,-1.96,20
GICL,75.69,83.93,17.22,20
GICRE,53.95,63.45,10.76,20
GILLANDERS,77.27,84.77,9.65,20
GILLETTE,51.69,58.55,11.3,20
GILT10BETA,92.5,80.87,-13.96,20
GILT5BETA,85.11,57.8,-40.26,17
GILT5YBEES,67.87,67.87,2.15,20
GIPCL,57.92,58.66,3.81,20
GKENERGY,48.75,48.15,-0.6,20
GKSL,51.16,50.71,-1.48,20
GKWLIMITED,83.5,90.38,10.75,20
GLAND,55.08,60.09,7.67,20
GLAXO,53.83,53.71,-0.23,20
GLENMARK,50.09,35.01,-16.0,20
GLOBAL,73.23,75.35,2.71,20
GLOBALVECT,59.05,53.17,-6.41,20
GLOBE,77.44,77.42,-0.04,20
GLOBECIVIL,69.47,69.47,3.83,9
GLOBUSSPR,49.2,49.96,1.53,20
GLOSTERLTD,60.06,91.04,32.7,20
GMBREW,50.58,57.56,7.91,20
GMDCLTD,34.94,33.47,-1.83,20
GMMPFAUDLR,60.27,59.02,-2.89,20
GMRAIRPORT,62.23,61.71,-1.05,20
GMRP&UI,51.51,59.56,9.89,20
GNA,36.61,38.35,2.49,20
GNFC,52.19,52.43,0.43,20
GNRL,43.53,47.85,4.81,20
GOACARBON,54.66,52.77,-2.02,20
GOCLCORP,55.2,56.84,1.81,20
GOCOLORS,25.96,25.42,-0.54,20
GODAVARIB,57.19,59.6,2.93,20
GODFRYPHLP,29.14,28.53,-1.8,20
GODIGIT,48.61,47.8,-5.06,20
GODREJAGRO,56.95,59.04,4.79,20
GODREJCP,52.26,61.47,11.24,20
GODREJIND,40.7,47.73,11.44,20
GODREJPROP,44.37,43.05,-1.58,20
GOKEX,47.44,46.07,-2.11,20
GOKUL,18.01,17.4,-0.61,20
GOKULAGRO,32.44,36.59,4.71,20
GOLD1,55.19,55.03,-0.32,20
GOLD360,56.7,55.37,-2.67,20
GOLDADD,73.58,73.04,-1.08,20
GOLDAXIS,65.44,43.83,-21.61,20
GOLDBEES,53.77,56.15,2.83,20
GOLDBETA,62.8,78.38,16.56,20
GOLDBND,83.79,67.8,-19.76,20
GOLDCASE,44.62,48.62,4.82,20
GOLDETF,62.41,63.42,1.39,20
GOLDIAM,37.31,45.84,10.3,20
GOLDIETF,58.62,62.24,4.18,20
GOODLUCK,50.78,58.56,7.91,20
GOODYEAR,61.73,63.55,3.63,20
GOPAL,44.52,44.52,-5.28,20
GOYALALUM,75.45,69.31,-7.15,20
GPIL,47.48,56.41,9.26,20
GPPL,57.29,53.09,-6.86,20
GPTHEALTH,52.06,34.81,-18.05,20
GPTINFRA,56.68,63.27,6.59,20
GRANDOAK,70.12,73.73,3.9,20
GRANULES,55.78,54.17,-4.97,20
GRAPHITE,35.34,49.07,16.12,20
GRASIM,56.98,53.65,-4.46,20
GRAUWEIL,56.66,67.36,10.85,20
GRAVISSHO,92.89,67.46,-26.27,20
GRAVITA,47.62,54.36,8.56,20
GREAVESCOT,37.37,46.29,10.17,20
GREENLAM,57.28,59.38,5.01,20
GREENPANEL,53.59,54.45,1.71,20
GREENPLY,49.93,46.47,-3.7,20
GREENPOWER,46.3,46.32,2.14,20
GRINDWELL,47.41,54.46,12.96,20
GRINFRA,57.08,52.62,-4.61,20
GRMOVER,43.24,27.38,-21.03,20
GROBTEA,67.31,83.86,20.7,20
GROWW,45.84,44.76,-1.53,20
GROWWCAPM,65.02,64.5,-1.59,20
GROWWCHEM,76.05,55.5,-21.22,20
GROWWDEFNC,52.84,56.5,6.48,20
GROWWEV,63.41,73.3,10.63,20
GROWWGOLD,48.41,50.34,7.72,20
GROWWHOSPI,77.59,82.51,5.63,20
GROWWLIQID,69.34,52.85,-17.96,20
GROWWLOVOL,60.72,60.01,-1.42,20
GROWWMC150,79.32,78.82,-1.0,20
GROWWMETAL,44.96,49.38,5.04,20
GROWWMOM50,76.72,78.78,3.5,20
GROWWN200,78.95,77.98,-1.0,20
GROWWNET,63.93,52.34,-12.73,20
GROWWNIFTY,66.86,67.16,1.83,20
GROWWNXT50,48.61,47.41,-2.03,20
GROWWPOWER,57.08,59.16,6.3,20
GROWWPSE,61.46,83.61,25.9,20
GROWWPSUBK,46.46,57.79,13.21,20
GROWWRAIL,60.9,67.6,8.91,20
GROWWRLTY,60.53,61.81,1.36,20
GROWWSC250,72.65,73.37,2.85,20
GROWWSLVR,33.58,31.35,-3.85,20
GRPLTD,65.19,61.76,-7.42,20
GRSE,35.63,44.95,9.55,20
GRWRHITECH,51.4,56.05,5.12,20
GSEC10ABSL,100.0,100.0,0.0,12
GSEC10IETF,89.9,88.14,-2.38,17
GSEC10YEAR,96.67,91.07,-6.4,20
GSEC5IETF,92.01,98.4,29.71,20
GSFC,50.07,54.66,6.56,20
GSLSU,59.53,63.88,6.39,20
GSPCROP,27.19,26.7,-5.76,20
GSS,71.33,70.83,-3.82,15
GTL,73.14,76.51,3.89,20
GTLINFRA,41.25,47.84,7.9,20
GTPL,56.3,75.64,27.81,20
GUFICBIO,55.06,62.2,11.36,20
GUJALKALI,39.51,41.2,2.28,20
GUJAPOLLO,66.04,63.93,-2.48,20
GUJENERGY,62.63,58.38,-6.92,18
GUJRAFFIA,75.75,55.43,-30.7,20
GUJTHEM,56.08,61.61,6.89,20
GULFOILLUB,55.57,59.03,3.46,20
GULPOLY,56.24,62.26,12.8,20
GVPIL,50.55,46.39,-4.4,20
GVPTECH,73.59,74.1,1.27,20
GVT&D,52.94,52.97,3.09,20
GYFTR,17.98,29.6,14.5,20
HAL,45.62,46.05,1.02,20
HALDER,19.02,17.97,-1.21,20
HALEOSLABS,58.06,63.07,5.09,20
HAPPSTMNDS,33.12,38.62,6.97,20
HAPPYFORGE,49.6,53.77,4.47,20
HARDWYN,43.05,54.43,14.08,20
HARIOMPIPE,40.9,43.91,5.95,20
HARRMALAYA,66.9,68.33,1.78,20
HARSHA,60.47,61.32,2.57,20
HATHWAY,48.1,54.87,7.19,20
HATSUN,56.72,56.4,-1.83,20
HAVELLS,58.12,65.89,8.6,20
HAVISHA,76.56,82.04,9.73,20
HAWKINCOOK,59.65,62.5,7.72,20
HBESD,98.72,66.36,-32.37,20
HBLENGINE,43.68,39.56,-5.03,20
HCC,41.4,41.4,0.64,20
HCG,59.0,57.88,-1.22,20
HCL-INSYS,68.67,69.84,1.76,20
HCLTECH,50.69,56.39,6.25,20
HDBFS,58.97,56.5,-4.94,20
HDFCAMC,53.3,54.8,1.64,20
HDFCBANK,64.31,71.51,8.02,20
HDFCBSE500,73.81,83.75,12.0,20
HDFCGOLD,53.63,62.98,10.93,20
HDFCGROWTH,57.55,53.9,-4.42,20
HDFCLIFE,53.91,66.45,15.98,20
HDFCLIQUID,74.08,62.1,-12.57,20
HDFCLOWVOL,73.47,72.04,-2.85,20
HDFCMID150,62.67,69.44,9.97,20
HDFCMOMENT,61.06,80.07,19.5,20
HDFCNEXT50,77.85,85.47,10.69,20
HDFCNIF100,69.12,79.24,13.59,20
HDFCNIFBAN,77.48,78.84,1.62,20
HDFCNIFIT,61.57,61.57,5.15,20
HDFCNIFTY,75.56,78.26,5.91,20
HDFCNIMEG,87.56,87.56,0.0,5
HDFCPSUBK,71.36,74.14,10.43,20
HDFCPVTBAN,67.75,64.29,-3.46,20
HDFCQUAL,51.59,62.47,13.29,20
HDFCSENSEX,70.6,73.55,4.24,20
HDFCSILVER,37.84,41.1,3.84,20
HDFCSML250,61.95,67.34,6.11,20
HDFCVALUE,61.04,49.66,-16.25,20
HEADSUP,74.47,86.49,16.8,20
HEALTHADD,83.0,87.06,7.98,20
HEALTHAXIS,58.33,64.07,5.74,20
HEALTHCARE,59.19,51.4,-13.59,20
HEALTHIETF,57.42,55.37,-4.99,20
HEALTHX,59.58,55.19,-7.32,20
HEALTHY,63.94,60.7,-6.5,20
HECPROJECT,55.34,52.08,-6.51,20
HEG,39.97,39.54,-0.86,20
HEIDELBERG,58.28,63.07,6.95,20
HEMIPROP,52.19,53.4,2.03,20
HERANBA,49.8,46.56,-4.19,20
HERITGFOOD,53.14,67.61,17.39,20
HEROMOTOCO,48.31,55.07,7.46,20
HESTERBIO,44.28,38.61,-9.45,20
HEXATRADEX,72.22,71.95,-0.54,20
HEXT,40.74,43.91,5.75,20
HFCL,40.11,37.66,-2.76,20
HGINFRA,48.34,55.33,7.46,20
HGM,73.53,87.74,15.97,20
HGS,54.1,66.48,17.62,20
HIKAL,44.48,44.48,1.45,20
HILINFRA,72.34,72.34,2.02,9
HIMATSEIDE,50.64,50.27,-0.74,20
HINDALCO,58.56,58.56,-0.26,20
HINDCOMPOS,57.7,59.85,2.93,20
HINDCON,75.79,75.79,1.25,9
HINDCOPPER,43.36,37.3,-6.24,20
HINDOILEXP,41.81,37.98,-3.87,20
HINDPETRO,51.43,59.95,11.13,20
HINDUNILVR,56.48,56.57,0.17,20
HINDWAREAP,55.81,57.81,8.11,20
HINDZINC,45.45,47.18,2.64,20
HIRECT,30.3,33.98,5.85,20
HISARMETAL,81.31,60.28,-27.07,20
HITECH,55.17,54.23,-1.36,20
HLEGLAS,42.41,50.86,11.87,20
HLVLTD,73.34,70.38,-3.16,20
HMAAGRO,65.94,56.68,-10.31,20
HMVL,66.93,62.59,-5.95,20
HNDFDS,56.08,60.37,4.79,20
HNGSNGBEES,63.91,63.36,-1.1,20
HOMEFIRST,54.03,61.55,10.51,20
HONASA,51.06,49.24,-3.87,20
HONAUT,56.34,41.71,-19.66,20
HONDAPOWER,52.28,55.67,4.4,20
HPAL,71.55,69.81,-2.07,20
HPIL,76.09,65.91,-13.03,20
HPL,44.13,40.81,-4.27,20
HSBCGOLD,86.62,92.41,12.95,20
HSCL,25.9,29.59,6.05,20
HTMEDIA,67.28,67.28,-0.08,20
HUBTOWN,56.81,56.81,1.34,20
HUDCO,47.59,47.59,2.37,20
HUHTAMAKI,41.46,52.02,19.99,20
HYBRIDETF,99.99,99.99,-0.01,5
HYUNDAI,46.88,44.06,-3.09,20
ICDSLTD,86.57,58.09,-35.01,19
ICEMAKE,58.41,64.54,6.19,20
ICICIAMC,58.84,61.2,3.01,20
ICICIB22,72.61,77.05,4.74,20
ICICIBANK,66.97,66.97,-0.06,20
ICICIGI,56.06,61.56,6.54,20
ICICIPRULI,55.49,58.79,5.42,20
ICIL,42.7,50.82,8.23,20
ICRA,59.73,61.51,2.05,20
IDBI,36.75,43.3,8.82,20
IDEA,24.86,20.92,-10.74,20
IDFCFIRSTB,46.52,42.41,-4.86,20
IDFNIFTYET,60.59,61.03,0.89,20
IEX,39.12,47.83,9.42,20
IFBIND,51.51,51.86,1.06,20
IFCI,29.59,29.31,-0.28,20
IFGLEXPOR,46.08,47.57,1.71,20
IGARASHI,47.78,52.92,6.54,20
IGCL,51.9,54.6,4.65,20
IGIL,58.07,61.83,4.18,20
IGL,54.67,57.41,2.93,20
IGPL,62.41,65.11,6.33,20
IIFL,48.4,51.66,3.26,20
IIFLCAPS,62.2,74.51,15.07,20
IITL,12.53,22.62,11.94,20
IKIO,22.79,31.19,9.64,20
IKS,51.03,54.11,3.81,20
IMAGICAA,56.59,57.36,1.28,20
IMFA,46.69,51.03,4.34,20
IMPAL,63.98,62.74,-2.48,20
INA,42.31,50.2,8.15,20
INCREDIBLE,86.64,91.34,9.4,20
INDBANK,65.36,72.37,8.18,20
INDGN,55.16,43.04,-13.3,20
INDHOTEL,54.91,54.23,-0.76,20
INDIACEM,37.35,47.73,21.09,20
INDIAGLYCO,48.66,49.51,1.7,20
INDIAMART,61.36,62.9,1.54,20
INDIANB,48.95,45.16,-4.14,20
INDIANCARD,67.5,89.28,24.34,20
INDIANHUME,41.05,50.29,9.61,20
INDIASHLTR,61.86,61.12,-5.29,20
INDIGO,53.88,45.34,-9.3,20
INDIGOPNTS,50.19,54.82,5.98,20
INDIQUBE,49.87,50.44,2.37,20
INDNIPPON,43.59,43.28,-0.62,20
INDOBORAX,36.74,39.49,6.35,20
INDOCO,43.08,35.87,-8.58,20
INDOFARM,37.56,38.47,1.81,20
INDOMIM,22.45,19.67,-40.79,6
INDORAMA,49.89,42.27,-12.57,20
INDOSTAR,55.57,60.07,5.95,20
INDOTHAI,34.46,53.15,20.81,20
INDOUS,62.27,57.69,-12.18,20
INDPRUD,86.36,84.69,-13.02,19
INDRAMEDCO,59.8,63.59,3.89,20
INDSWFTLAB,52.59,54.09,4.33,20
INDTERRAIN,73.19,71.68,-2.14,20
INDUSINDBK,46.78,48.93,3.85,20
INDUSTOWER,55.36,39.91,-17.76,20
INFOBEAN,35.35,45.48,12.26,20
INFOMEDIA,72.59,84.23,11.99,20
INFRA,83.77,83.01,-1.52,20
INFRABEES,54.59,53.87,-1.45,20
INFRAIETF,66.83,70.34,7.59,20
INFY,52.7,49.2,-3.76,20
INGERRAND,50.3,51.01,1.41,20
INNOVACAP,59.91,60.16,0.51,20
INNOVANA,65.69,73.66,10.14,20
INNOVISION,63.25,64.94,3.7,20
INOXGREEN,47.61,47.61,0.64,15
INOXINDIA,42.55,48.35,6.33,20
INOXWIND,34.98,35.12,0.28,20
INSECTICID,58.76,55.5,-4.07,20
INTELLECT,45.77,42.43,-6.08,20
INTENTECH,71.33,71.61,0.57,20
INTERARCH,54.16,54.16,2.58,20
INTERNET,77.55,84.02,11.11,20
INTLCONV,74.81,81.44,8.92,20
INVENTURE,61.66,63.82,4.33,20
INVPRECQ,70.33,55.27,-24.02,11
IOB,47.13,51.67,4.54,20
IOC,55.66,57.06,1.4,20
IOLCP,38.99,48.22,11.23,20
IONEXCHANG,37.04,49.35,12.31,20
IPCALAB,52.64,52.64,1.29,20
IPL,48.64,52.49,4.25,20
IRB,49.53,52.68,3.25,20
IRCON,36.97,36.72,-0.39,20
IRCTC,53.22,51.0,-3.68,20
IREDA,34.48,33.92,-0.58,20
IRFC,37.39,35.64,-2.21,20
IRIS,56.57,56.57,0.16,20
IRISDOREME,37.23,46.25,14.16,20
IRMENERGY,48.39,62.12,16.71,20
ISFT,77.25,83.05,7.59,20
ISGEC,51.66,61.72,10.4,20
ISHANCH,74.68,75.06,0.76,20
IT,55.06,46.0,-10.16,20
ITADD,65.18,79.98,15.08,20
ITAXIS,57.68,57.68,-6.98,20
ITBEES,49.24,48.19,-2.11,20
ITBETA,88.58,65.81,-23.13,20
ITC,53.76,52.42,-5.0,20
ITCHOTELS,50.31,47.75,-4.18,20
ITDC,16.83,26.23,12.87,20
ITETF,57.69,48.85,-11.26,20
ITI,34.63,36.05,1.83,20
ITIETF,53.94,45.92,-12.18,20
IVALUE,52.42,60.89,9.71,20
IVC,77.48,81.22,6.22,20
IVZINGOLD,70.76,70.76,2.3,20
IVZINNIFTY,81.84,59.49,-23.16,20
IWP,77.03,79.38,4.69,20
IXIGO,48.42,48.45,0.06,20
IZMO,47.52,49.97,2.64,20
J&KBANK,42.66,43.69,4.57,20
JAGRAN,60.8,59.83,-2.76,20
JAGSNPHARM,45.87,44.89,-1.44,20
JAICORPLTD,44.59,45.97,1.71,20
JAINREC,33.66,35.67,2.66,20
JAIPURKURT,80.69,90.93,11.45,20
JAMNAAUTO,46.86,47.07,0.41,20
JARO,29.9,16.39,-14.27,20
JASH,51.2,58.77,7.57,20
JAYAGROGN,60.8,64.21,6.02,20
JAYBARMARU,50.97,53.55,6.52,20
JAYKAY,52.38,46.14,-7.26,20
JAYNECOIND,45.22,51.15,5.97,20
JAYSREETEA,63.96,65.26,6.42,20
JBMA,34.45,37.7,3.25,20
JETFREIGHT,58.73,58.93,2.44,20
JGCHEM,46.28,40.94,-7.26,20
JHS,82.63,82.26,-0.74,20
JINDALPHOT,59.43,65.13,11.03,20
JINDALPOLY,55.29,58.22,5.22,20
JINDALSAW,45.1,49.75,7.19,20
JINDALSTEL,43.21,43.95,1.48,20
JINDRILL,29.78,37.32,8.6,20
JINDWORLD,10.34,15.06,6.85,20
JIOFIN,42.4,41.42,-1.79,20
JISLDVREQS,84.46,90.24,7.82,20
JISLJALEQS,51.02,56.65,5.82,20
JITFINFRA,56.72,57.81,1.52,20
JKCEMENT,47.98,49.8,2.88,20
JKIL,59.2,62.78,5.12,20
JKLAKSHMI,49.68,58.39,11.68,20
JKPAPER,40.04,42.73,5.38,20
JKTYRE,43.84,45.81,3.47,20
JLHL,52.11,51.03,-7.91,20
JMA,71.06,69.09,-4.51,20
JMFINANCIL,47.97,26.51,-21.49,20
JNKINDIA,42.57,57.22,17.8,20
JPOLYINVST,61.06,51.61,-10.0,20
JPPOWER,32.62,29.7,-2.92,20
JSFB,44.88,47.56,4.18,20
JSL,54.93,47.23,-9.41,20
JSLL,48.97,48.09,-2.03,20
JSWCEMENT,58.23,56.75,-3.05,20
JSWDULUX,42.28,59.42,18.08,20
JSWENERGY,46.72,47.36,2.08,20
JSWHL,51.76,51.7,-0.12,20
JSWINFRA,57.99,61.99,5.27,20
JSWSTEEL,53.36,63.52,12.17,20
JTEKTINDIA,50.44,47.65,-4.66,20
JTLIND,49.77,43.69,-7.09,20
JUBLCPL,59.31,68.12,9.39,20
JUBLFOOD,41.77,46.83,5.72,20
JUBLINGREA,52.54,55.71,3.77,20
JUBLPHARMA,50.55,58.09,11.26,20
JUNIORBEES,58.98,67.72,12.95,20
JUNIPER,61.82,61.82,0.14,20
JUSTDIAL,18.93,37.75,21.25,20
JWL,36.34,35.31,-1.64,20
JYOTHYLAB,52.22,60.28,8.86,20
JYOTICNC,45.48,46.58,4.03,20
JYOTISTRUC,49.58,50.14,1.12,20
KABRAEXTRU,37.74,40.69,3.52,20
KAJARIACER,59.19,52.19,-7.17,20
KALAMANDIR,53.62,53.62,1.37,20
KALPATARU,47.47,46.77,-1.97,20
KALYANIFRG,75.03,74.0,-2.05,20
KALYANKJIL,15.87,15.87,-0.51,20
KAMAHOLD,61.11,71.4,11.19,20
KAMATHOTEL,61.77,75.79,14.1,20
KAMOPAINTS,72.55,77.42,5.68,20
KANANIIND,76.59,79.91,3.4,20
KANPRPLA,48.65,53.48,7.73,20
KANSAINER,55.08,47.46,-8.45,20
KAPSTON,58.79,58.92,0.26,20
KARMAENG,62.24,55.39,-12.98,20
KARURVYSYA,53.95,57.95,4.35,20
KAVDEFENCE,57.97,53.34,-4.92,20
KAYA,66.34,66.92,1.15,20
KAYNES,25.09,18.78,-11.31,20
KCP,54.52,66.46,15.8,20
KCPSUGIND,53.81,54.29,0.57,20
KDDL,49.38,49.06,-0.32,20
KEC,52.86,52.36,-0.99,20
KECL,56.96,52.17,-6.7,9
KEEPLEARN,79.48,94.09,15.22,20
KEI,42.41,37.76,-7.68,20
KELLTONTEC,50.6,40.58,-11.16,20
KENNAMET,65.21,70.3,11.61,20
KERNEX,47.42,50.03,3.82,20
KEYFINSERV,69.19,70.64,1.73,20
KFINTECH,36.71,32.84,-4.02,20
KHAICHEM,68.87,64.64,-9.25,9
KHANDSE,90.41,97.01,6.77,20
KICL,67.67,60.99,-7.01,20
KIMS,59.69,55.09,-6.08,20
KINGFA,60.36,58.23,-2.13,20
KIOCL,45.66,18.0,-29.58,20
KIRANVYPAR,77.45,89.6,14.35,20
KIRIINDUS,50.02,50.02,1.3,20
KIRLFER,62.91,74.54,12.06,20
KIRLOSBROS,38.59,31.84,-7.7,20
KIRLOSENG,47.2,48.25,1.54,20
KIRLOSIND,41.92,40.75,-1.72,20
KIRLPNU,54.01,53.59,-0.84,20
KISSHT,37.0,40.97,4.03,20
KITEX,52.32,52.75,0.86,20
KKCL,59.34,58.03,-3.23,20
KLBRENG-B,67.18,68.6,1.45,20
KMEW,41.69,42.66,3.09,20
KMSUGAR,65.8,66.89,2.19,20
KNACK,35.12,39.72,6.57,20
KNAGRI,68.53,71.54,4.73,20
KNRCON,53.9,48.79,-5.11,20
KOHINOOR,25.46,36.03,10.57,20
KOKUYOCMLN,71.0,78.68,9.08,20
KOLTEPATIL,53.97,51.5,-5.68,20
KOTAKBANK,69.29,72.11,5.4,20
KOTARISUG,75.03,64.63,-11.52,20
KOTHARIPET,49.34,42.4,-10.19,20
KOTHARIPRO,80.56,79.59,-1.93,20
KOTIC,53.2,53.25,0.1,20
KOVAI,60.54,62.95,2.94,20
KPEL,54.85,55.59,2.74,20
KPIGREEN,48.38,54.51,8.52,20
KPIL,55.05,54.98,-0.14,20
KPITTECH,27.17,25.29,-5.44,20
KPL,47.26,50.31,3.05,20
KPRMILL,49.07,50.11,2.57,20
KRBL,48.49,44.56,-9.38,20
KREBSBIO,78.51,73.61,-7.27,20
KRISHANA,49.09,37.63,-12.62,20
KRISHIVAL,89.43,98.44,9.18,20
KRISHNADEF,44.22,49.43,6.58,20
KRITIKA,65.14,56.72,-9.22,20
KRITINUT,88.75,85.95,-4.2,9
KRONOX,47.51,53.61,9.31,20
KROSS,32.69,33.43,1.49,20
KRSNAA,54.16,51.35,-3.35,20
KRYSTAL,62.75,62.28,-1.95,20
KSB,50.34,47.4,-6.5,20
KSCL,51.0,54.18,4.12,20
KSHINTL,46.11,50.72,4.76,20
KSL,46.73,55.25,11.86,20
KSOLVES,48.13,63.97,21.23,20
KSR,85.66,84.93,-1.41,20
KTKBANK,51.23,52.42,2.39,20
KUANTUM,55.77,57.14,3.95,20
KUSUMGAR,38.59,30.84,-7.75,19
KWIL,51.76,51.76,-2.51,20
LAGNAM,66.63,65.59,-2.01,20
LAHOTIOV,88.91,89.42,1.03,18
LAL,68.44,51.04,-21.32,20
LALPATHLAB,58.06,58.47,0.77,20
LAMBODHARA,73.0,73.19,3.36,20
LANCORHOL,64.03,64.1,8.79,20
LANDMARK,29.27,29.62,3.32,20
LANDSMILL,56.64,58.35,2.31,20
LAOPALA,53.0,59.13,8.71,20
LASA,75.56,83.97,8.57,20
LASERPOWER,30.24,25.23,-8.04,18
LATENTVIEW,42.04,46.65,5.24,20
LAURUSLABS,47.17,48.49,2.84,20
LAXMICOT,78.24,60.73,-25.59,20
LAXMIDENTL,49.62,45.77,-4.98,20
LCCINFOTEC,81.62,84.22,2.6,20
LCL,26.44,24.21,-12.44,6
LEMERITE,48.3,35.91,-15.07,20
LEMONTREE,54.16,54.16,0.59,20
LENSKART,59.53,66.24,8.8,20
LEXUS,68.64,73.6,8.12,20
LFIC,74.04,61.37,-12.78,20
LGBBROSLTD,52.84,52.45,-0.79,20
LGEINDIA,56.5,58.53,2.03,20
LGHL,14.78,5.72,-9.27,20
LIBAS,75.59,80.51,6.49,20
LIBERTSHOE,42.31,48.28,10.59,20
LICHSGFIN,46.58,36.02,-10.87,20
LICI,51.69,53.07,2.9,20
LICMFGOLD,51.87,69.11,19.39,20
LICNETFGSC,74.56,78.93,5.04,20
LICNETFN50,74.27,67.24,-11.33,20
LICNETFSEN,85.19,72.53,-13.4,17
LICNFNHGP,74.42,86.01,15.47,19
LICNMID100,89.52,88.15,-6.52,20
LIKHITHA,58.15,54.5,-3.78,20
LINC,64.14,63.33,-0.81,20
LINCOLN,60.75,67.61,10.11,20
LINDEINDIA,50.26,53.38,4.65,20
LIQGRWBEES,63.5,61.79,-7.2,20
LIQUID,76.65,83.85,7.22,20
LIQUID1,58.56,57.78,-4.3,20
LIQUIDADD,70.6,70.6,1.68,20
LIQUIDBEES,75.49,74.21,-1.93,20
LIQUIDBETA,98.92,98.64,-0.57,12
LIQUIDBETF,69.92,88.91,21.09,20
LIQUIDCASE,80.59,82.63,2.19,20
LIQUIDETF,62.29,60.13,-2.2,20
LIQUIDIETF,77.44,75.93,-3.01,20
LIQUIDPLUS,90.23,91.48,5.06,20
LIQUIDSBI,89.27,89.31,0.09,20
LIQUIDSHRI,93.53,96.95,3.98,20
LLOYDSENGG,35.46,38.49,4.44,20
LLOYDSENT,42.73,46.07,9.88,20
LLOYDSME,51.18,54.45,3.34,20
LMW,52.69,50.69,-2.93,20
LODHA,44.12,55.78,11.66,20
LORDSCHLO,58.23,65.75,7.52,20
LOTUSDEV,44.92,49.26,8.79,20
LOTUSEYE,55.89,52.4,-4.11,20
LOVABLE,66.87,56.11,-16.79,20
LOWVOL,88.97,87.17,-5.03,20
LOWVOL1,78.63,61.02,-22.16,20
LOWVOLIETF,80.52,72.7,-12.56,20
LOYALTEX,89.17,97.33,34.05,19
LPDC,68.14,81.58,21.71,20
LT,53.8,58.01,4.71,20
LTF,39.16,46.57,9.38,20
LTFOODS,46.92,37.99,-9.34,20
LTGILTBEES,86.12,87.6,1.48,20
LTGILTCASE,78.83,70.75,-15.66,20
LTM,36.02,32.86,-4.19,20
LTTS,38.5,47.05,9.15,20
LUMAXIND,48.73,46.33,-2.4,20
LUMAXTECH,47.0,49.56,2.62,20
LUPIN,62.6,67.36,5.35,20
LUXIND,50.2,54.53,5.64,20
LXCHEM,33.99,34.51,0.52,20
M&M,56.09,58.46,4.73,20
M&MFIN,48.02,58.68,13.01,20
MAANALU,59.66,56.89,-5.43,20
MACPOWER,49.59,48.71,-6.91,20
MADHAV,71.52,71.52,6.66,20
MADHAVIPL,75.06,81.83,9.31,20
MADRASFERT,52.99,59.25,7.15,20
MAFANG,99.91,100.0,2.66,20
MAFATIND,68.03,72.43,4.86,20
MAGADSUGAR,52.16,47.68,-5.09,20
MAGNUM,81.9,78.98,-6.98,20
MAHABANK,48.97,53.56,6.7,20
MAHAPEXLTD,76.84,87.9,14.14,20
MAHASTEEL,54.42,57.25,2.93,20
MAHEPC,56.67,68.07,11.81,20
MAHKTECH,99.99,80.68,-19.32,20
MAHLIFE,56.7,53.21,-4.22,20
MAHLOG,46.75,60.1,13.36,20
MAHSCOOTER,55.22,47.13,-10.32,20
MAHSEAMLES,57.3,60.48,4.27,20
MAITHANALL,58.78,58.78,-1.57,20
MAJESAUT,64.22,63.34,-1.02,20
MAKEINDIA,77.33,76.96,-1.4,20
MALLCOM,75.19,78.06,4.31,20
MALUPAPER,53.07,45.45,-7.68,20
MAMATA,54.57,42.69,-12.92,20
MANAKALUCO,55.58,64.19,13.84,20
MANAKCOAT,57.12,60.75,6.68,20
MANAKSIA,71.35,75.74,4.61,20
MANAKSTEEL,74.23,73.97,-5.37,9
MANALIPETC,41.07,41.07,0.29,20
MANAPPURAM,43.83,47.95,12.11,20
MANBA,36.65,36.65,-0.59,20
MANCREDIT,18.87,17.65,-2.14,20
MANGALAM,75.57,81.96,11.19,20
MANGLMCEM,61.57,53.04,-9.24,20
MANINDS,49.58,49.58,-1.0,20
MANINFRA,38.12,34.75,-3.37,20
MANKIND,49.19,50.66,1.59,20
MANOMAY,32.7,32.89,0.37,20
MANORAMA,54.78,58.42,3.75,20
MANUFGBEES,88.22,76.34,-12.29,20
MANYAVAR,51.72,53.27,1.55,20
MAPMYINDIA,30.05,31.6,3.1,20
MARATHON,69.16,68.73,-0.67,20
MARICO,61.61,65.1,3.89,20
MARINE,44.16,47.29,3.41,20
MARKOLINES,31.28,38.3,7.2,20
MARKSANS,44.36,50.91,8.31,20
MARSONS,24.2,40.86,16.86,20
MARUTI,49.73,47.79,-3.0,20
MASFIN,61.2,66.19,6.64,20
MASPTOP50,99.98,100.0,0.1,20
MASTEK,42.2,42.37,1.16,20
MASTERTR,25.02,30.58,8.16,20
MATRIMONY,71.17,75.38,6.41,20
MAXESTATES,57.87,63.73,8.41,20
MAXHEALTH,57.41,57.41,1.06,20
MAXIND,57.77,57.89,0.25,20
MAYURUNIQ,54.77,55.7,1.2,20
MAZDOCK,27.39,27.06,-1.89,20
MBAPL,50.17,56.83,11.79,20
MBEL,53.08,61.1,9.6,20
MCCHRLS-B,80.5,47.9,-36.06,20
MCL,69.33,57.57,-11.91,20
MCLOUD,32.64,39.67,8.51,20
MCX,46.13,45.7,-0.86,20
MEDANTA,48.27,48.26,-0.02,20
MEDIASSIST,56.64,54.07,-5.18,20
MEDICAMEQ,68.7,69.42,2.77,20
MEDICO,51.19,35.76,-26.8,20
MEDPLUS,58.52,67.68,9.36,20
MEESHO,37.5,37.45,-0.09,20
MEGASTAR,45.7,48.14,3.93,20
MEIL,71.59,71.59,3.74,9
MENNPIS,50.75,55.0,4.51,20
MERCANTILE,54.7,68.93,14.87,20
MERCURYEV,72.51,74.86,10.19,9
METAL,54.25,53.5,-1.5,20
METALIETF,55.54,55.54,-1.01,20
METROBRAND,56.39,56.32,-0.29,20
METROGLOBL,73.5,66.37,-7.45,20
METROPOLIS,54.18,54.18,-2.12,20
MFML,76.1,77.18,3.62,20
MFSL,61.37,59.71,-2.27,20
MGL,49.45,47.73,-3.45,20
MHLXMIRU,73.21,77.52,6.76,20
MHRIL,57.28,53.63,-5.07,20
MID150,80.86,89.47,9.81,20
MID150BEES,63.24,73.74,10.84,20
MID150CASE,61.46,65.56,5.02,20
MIDCAP,62.5,63.51,5.15,20
MIDCAPADD,80.89,51.07,-30.72,20
MIDCAPBETA,76.67,85.21,8.58,20
MIDCAPETF,68.47,70.3,2.55,20
MIDCAPIETF,61.06,67.04,7.2,20
MIDHANI,42.31,46.44,4.89,20
MIDQ50ADD,74.3,66.86,-7.44,20
MIDSELIETF,70.97,73.66,2.84,20
MIDSMALL,65.52,84.41,21.06,20
MIDWESTLTD,57.68,61.4,7.47,20
MINDACORP,51.77,41.17,-12.6,20
MINDTECK,39.27,33.02,-6.33,20
MIRZAINT,47.85,60.03,14.55,20
MITTAL,71.06,70.85,-0.42,20
MKPL,71.59,76.44,5.03,20
MMFL,56.98,57.78,1.61,20
MMP,55.86,43.01,-15.1,20
MMTC,39.57,38.16,-1.41,20
MNC,69.45,83.18,17.79,20
MOALPHA50,76.31,68.18,-11.99,20
MOBANK10,76.41,71.89,-12.55,20
MOBIKWIK,34.31,30.21,-4.41,20
MOCAPITAL,59.84,61.13,1.77,20
MODEFENCE,57.13,58.26,4.27,20
MODIRUBBER,68.16,70.72,5.11,20
MODIS,53.19,53.19,4.77,20
MODTHREAD,80.95,80.95,2.06,20
MOENERGY,76.84,79.71,4.91,20
MOGOLD,52.66,61.37,11.96,20
MOGSEC,92.03,96.05,4.21,20
MOHEALTH,64.72,60.19,-4.75,20
MOHITIND,75.84,70.2,-11.06,20
MOIL,38.27,31.12,-8.47,20
MOINFRA,84.69,91.41,9.3,20
MOIPO,86.69,94.93,11.88,20
MOKSH,81.89,81.41,-2.02,20
MOL,43.89,52.84,13.13,20
MOLDTECH,61.95,49.62,-13.41,20
MOLDTKPAC,49.62,49.62,-0.18,20
MOLOWVOL,93.27,98.37,5.2,20
MOM100,61.58,52.45,-10.82,20
MOM30IETF,66.05,59.76,-9.72,20
MOM50,76.44,86.38,13.26,20
MOMENTUM,80.2,85.18,5.33,20
MOMENTUM30,85.88,63.9,-28.9,20
MOMENTUM50,65.75,67.7,2.72,20
MOMGF,89.77,67.14,-23.15,20
MOMIDMTM,78.53,86.91,13.21,20
MOMMIDCAP,92.03,83.29,-9.4,13
MOMNC,88.96,93.76,11.06,20
MOMOMENTUM,66.89,61.06,-7.56,20
MON100,95.01,100.0,7.83,20
MON50EQUAL,86.82,93.6,6.78,20
MONARCH,57.84,49.61,-12.42,20
MONEXT50,88.19,88.19,5.04,20
MONEYBOXX,65.6,71.01,8.11,20
MONIFTY100,90.44,92.22,3.55,20
MONIFTY500,72.87,85.04,14.74,20
MONQ50,99.88,92.95,-7.02,20
MONTECARLO,59.9,62.54,3.24,20
MOPSE,84.9,59.38,-32.67,20
MOQUALITY,92.32,98.14,10.07,20
MOREALTY,52.4,49.37,-4.0,20
MOREPENLAB,34.77,37.2,2.8,20
MOSCHIP,32.46,38.49,8.97,20
MOSERVICE,99.64,100.0,1.5,20
MOSILVER,36.15,22.38,-13.77,20
MOSMALL250,67.5,71.66,4.79,20
MOTHERSON,50.85,50.85,0.1,20
MOTILALOFS,38.74,41.37,6.29,20
MOTISONS,23.88,24.49,2.93,20
MOTOUR,80.5,75.24,-5.75,20
MOVALUE,70.47,76.64,6.59,20
MPHASIS,41.85,40.25,-1.84,20
MPSLTD,43.78,49.98,13.7,20
MRF,45.25,45.67,1.63,20
MRPL,21.29,30.86,10.73,20
MSCI360,93.58,99.74,9.69,20
MSCIADD,80.23,83.0,5.54,20
MSCIINDIA,76.54,96.25,32.73,20
MSPL,62.4,60.95,-5.14,20
MSTCLTD,40.34,45.92,5.76,20
MSUMI,49.83,47.77,-2.28,20
MTNL,45.82,45.5,-2.15,20
MUFIN,38.72,31.53,-10.83,20
MUFTI,55.12,62.12,11.88,20
MUKANDLTD,54.73,60.03,11.51,20
MUKKA,61.3,59.4,-3.34,20
MULTICAP,78.51,92.12,15.68,20
MUNJALAU,37.57,41.09,6.21,20
MUNJALSHOW,60.09,60.82,1.45,20
MURUDCERA,77.34,60.29,-19.56,20
MUTHOOTCAP,60.87,77.5,17.1,20
MUTHOOTFIN,45.32,43.98,-1.34,20
MUTHOOTMF,47.28,53.65,6.85,20
MVGJL,48.13,41.78,-7.44,20
MWL,51.03,27.01,-26.79,20
NACLIND,31.23,36.29,9.84,20
NAGREEKCAP,73.58,69.49,-13.91,9
NAGREEKEXP,74.98,76.49,3.65,20
NAHARCAP,83.34,96.32,13.69,20
NAHARINDUS,70.42,69.11,-2.62,20
NAHARPOLY,60.95,63.26,10.93,20
NAM-INDIA,51.57,51.66,1.06,20
NARMADA,28.41,20.83,-8.23,20
NATCAPSUQ,75.15,76.04,1.78,20
NATCOPHARM,47.15,53.43,7.21,20
NATHBIOGEN,73.05,80.75,9.63,20
NATIONALUM,45.83,42.71,-3.88,20
NATIONSTD,100.0,99.99,-0.01,20
NAUKRI,55.5,57.83,2.87,20
NAVA,54.27,54.74,0.95,20
NAVINFLUOR,57.08,52.9,-5.6,20
NAVKARCORP,49.2,48.56,-1.28,20
NAVNETEDUL,59.02,72.85,18.38,20
NAZARA,42.43,36.66,-14.44,20
NBCC,33.7,36.89,3.64,20
NBIFIN,61.65,58.64,-3.01,20
NCC,52.22,48.48,-4.95,20
NCLIND,55.98,67.09,16.04,20
NDGL,84.63,90.48,7.15,20
NDL,68.81,77.66,10.11,20
NDLVENTURE,81.27,76.11,-5.42,20
NDRAUTO,52.56,51.63,-2.68,20
NDTV,47.14,50.68,3.87,20
NEAGI,100.0,100.0,0.0,15
NELCAST,41.86,45.5,8.22,20
NELCO,27.92,23.11,-9.78,20
NEOGEN,40.12,41.75,6.2,20
NEPHROPLUS,54.79,54.79,0.57,20
NESCO,56.03,52.52,-6.51,20
NESTLEIND,59.44,60.97,2.78,20
NETF,82.31,83.08,3.34,20
NETWEB,22.55,17.56,-6.81,20
NETWORK18,43.51,42.06,-3.03,20
NEULANDLAB,42.12,47.19,5.59,20
NEWGEN,20.48,23.32,3.92,20
NEXT30ADD,68.63,75.34,6.71,20
NEXT50,68.14,75.56,9.1,20
NEXT50ADD,60.12,62.26,7.53,20
NEXT50BETA,74.18,83.44,13.41,20
NEXT50ETF,78.19,82.29,5.29,20
NEXT50IETF,68.62,83.19,14.75,20
NEXTMEDIA,77.64,53.62,-26.53,20
NFL,43.57,39.06,-4.51,20
NGLFINE,52.98,57.24,5.41,20
NH,57.95,59.43,3.69,20
NHPC,45.84,41.83,-4.9,20
NIACL,29.7,26.44,-4.36,20
NIBE,47.78,49.0,2.44,20
NIBL,58.44,63.03,4.59,20
NIF100BEES,66.15,67.12,1.95,20
NIF100IETF,66.25,69.5,11.91,20
NIFTY1,62.45,54.43,-9.85,20
NIFTY100EW,74.8,74.65,-0.29,20
NIFTYADD,69.69,72.48,5.57,20
NIFTYAXIS,67.67,87.51,20.32,20
NIFTYBEES,61.63,69.14,7.51,20
NIFTYBETA,70.03,72.61,15.85,20
NIFTYBETF,85.63,59.92,-25.71,20
NIFTYCASE,80.9,87.13,14.01,20
NIFTYETF,78.64,78.84,0.4,20
NIFTYIETF,63.53,70.14,8.15,20
NIFTYQLITY,78.38,74.09,-5.47,20
NIITLTD,35.52,41.51,12.19,20
NIITMTS,46.72,46.72,0.38,20
NILAINFRA,69.17,78.65,9.48,20
NILASPACES,65.8,69.04,4.57,20
NILE,67.49,66.77,-1.44,20
NILKAMAL,36.66,35.94,-1.01,20
NIPPOBATRY,72.35,80.24,12.38,20
NIRAJISPAT,89.12,90.98,12.98,16
NIRLON,68.14,64.3,-4.42,20
NITCO,53.37,54.27,1.75,20
NITINSPIN,53.47,51.83,-2.0,20
NITIRAJ,69.1,71.65,3.7,20
NITTAGELA,50.35,52.28,2.25,20
NIVABUPA,52.63,40.62,-13.96,20
NKIND,64.64,62.3,-3.62,20
NLCINDIA,54.87,52.55,-3.42,20
NMDC,52.61,55.34,2.8,20
NOCIL,47.96,34.63,-13.33,20
NORBTEAEXP,73.53,67.16,-6.87,18
NORTHARC,55.04,56.01,2.73,20
NOVARTIND,50.58,61.11,17.28,20
NPBET,66.52,77.42,17.72,20
NPST,52.62,51.01,-3.18,20
NRAIL,58.13,66.02,9.3,20
NRBBEARING,48.34,53.32,8.85,20
NSIL,68.02,80.8,20.59,20
NSLNISP,49.44,57.25,8.6,20
NTPC,62.27,60.27,-2.14,20
NTPCGREEN,53.28,60.73,11.46,20
NUCLEUS,55.74,52.94,-3.26,20
NURECA,51.19,67.41,23.72,20
NUVAMA,42.75,48.22,7.0,20
NUVOCO,37.21,47.95,15.33,20
NV20,74.91,74.02,-7.75,20
NV20BEES,61.05,67.04,7.16,20
NV20IETF,66.27,67.41,2.28,20
NYKAA,59.58,54.85,-6.01,20
OAL,54.52,54.8,1.52,20
OBCL,93.35,90.92,-3.63,20
OBEROIRLTY,43.03,54.52,12.46,20
OFSS,36.34,31.74,-7.19,20
OIL,43.09,47.57,5.69,20
OILIETF,68.31,69.02,3.7,20
OLAELEC,20.06,19.82,-2.14,20
OLECTRA,37.49,43.57,7.84,20
OMAXE,40.31,44.58,10.94,20
OMINFRAL,41.32,47.35,11.66,20
OMNI,37.62,38.72,1.2,20
OMPOWER,54.44,49.5,-7.96,20
ONEPOINT,48.95,46.67,-4.55,20
ONESOURCE,48.9,48.9,0.62,20
ONGC,56.48,62.22,7.67,20
ONWARDTEC,46.34,52.33,6.24,20
OPTIEMUS,50.48,50.48,3.28,20
ORCHASP,76.42,80.19,5.92,20
ORCHPHARMA,40.44,46.6,8.07,20
ORICONENT,61.77,60.58,-2.5,20
ORIENTALTL,71.48,75.57,11.67,20
ORIENTBELL,65.62,75.05,9.9,20
ORIENTCEM,45.59,52.03,6.82,20
ORIENTCER,55.78,57.17,3.31,20
ORIENTELEC,51.81,56.55,6.37,20
ORIENTHOT,45.92,55.84,9.92,20
ORIENTLTD,60.25,49.74,-29.06,14
ORIENTPPR,65.12,74.09,12.3,20
ORIENTTECH,34.39,44.41,15.22,20
ORISSAMINE,49.55,59.77,10.93,20
ORKLAINDIA,63.91,67.9,4.86,20
OSWALAGRO,80.41,82.63,6.03,9
OSWALGREEN,59.42,39.98,-23.31,20
OSWALPUMPS,52.59,60.95,9.82,20
OSWALSEEDS,81.99,86.63,4.72,20
PACEDIGITK,44.54,51.33,12.14,20
PAGEIND,48.09,41.19,-8.59,20
PAISALO,46.13,49.85,3.86,20
PAKKA,64.83,58.66,-7.05,20
PALASHSECU,78.9,72.41,-7.51,20
PANACEABIO,41.05,50.29,10.53,20
PANAMAPET,45.18,47.46,5.81,20
PANSARI,48.41,32.51,-23.5,20
PAR,73.57,73.57,10.17,20
PARACABLES,47.8,53.93,7.08,20
PARADEEP,34.31,34.07,-3.23,20
PARAGMILK,48.94,47.79,-1.82,20
PARAS,27.22,31.23,5.38,20
PARASPETRO,68.99,68.99,-4.92,20
PARKHOSPS,51.66,43.65,-10.78,20
PARKHOTELS,59.94,63.2,7.32,20
PASHUPATI,51.88,82.31,35.94,20
PATANJALI,25.94,20.32,-5.62,20
PATELENG,53.76,54.89,1.26,20
PATELRMART,35.27,41.11,16.29,20
PAUSHAKLTD,53.89,15.93,-38.69,20
PAVNAIND,71.38,61.37,-10.01,15
PAYTM,33.98,36.56,2.58,20
PCBL,38.4,41.57,4.37,20
PCJEWELLER,20.6,20.3,-0.75,20
PDMJEPAPER,51.47,50.02,-3.36,20
PDSL,42.73,40.73,-6.5,20
PENIND,49.81,57.25,8.19,20
PERSISTENT,37.83,41.86,4.31,20
PETRONET,58.0,55.66,-2.34,20
PFC,59.1,63.51,6.33,20
PFIZER,58.99,66.58,16.04,20
PFOCUS,47.56,45.71,-2.6,18
PFS,61.3,58.79,-2.97,20
PGEL,32.09,38.45,9.81,20
PGHH,63.18,54.74,-11.29,20
PGHL,60.11,65.75,9.18,20
PGIL,44.3,44.91,2.82,20
PHARMABEES,56.58,54.99,-1.63,20
PHOENIXLTD,56.2,66.78,10.59,20
PICCADIL,47.66,47.28,-0.75,20
PIDILITIND,64.44,64.44,-0.23,20
PIGL,54.87,56.68,2.69,20
PIIND,46.17,57.92,11.78,20
PILANIINVS,72.52,76.16,3.65,20
PINELABS,42.02,38.86,-4.02,20
PIONEEREMB,77.95,74.71,-4.61,20
PIONRINV,51.32,53.75,4.86,12
PIRAMALFIN,53.07,55.28,2.58,20
PITTIENG,60.62,61.59,4.76,20
PIXTRANS,49.94,57.88,14.15,20
PKTEA,94.44,94.87,4.41,19
PLASTIBLEN,53.82,54.26,1.53,20
PLATIND,51.54,49.55,-3.92,20
PML,84.88,87.1,4.44,20
PNB,45.03,50.85,7.86,20
PNBGILTS,41.92,42.88,1.91,20
PNBHOUSING,47.45,43.87,-7.19,20
PNC,81.12,87.67,7.09,20
PNCINFRA,51.22,58.18,8.69,20
PNGJL,48.58,50.68,6.45,20
PNGSREVA,45.73,44.39,-2.77,20
POCL,51.47,46.13,-6.1,20
PODDARMENT,65.27,81.24,18.84,20
POKARNA,47.45,50.96,5.43,20
POLICYBZR,53.74,47.5,-6.32,20
POLYCAB,45.59,51.44,6.22,20
POLYMED,46.86,52.01,7.4,20
POLYPLEX,56.05,54.43,-2.53,20
PONNIERODE,65.34,66.84,6.83,20
POONAWALLA,46.83,51.43,5.57,20
POWERGRID,62.78,68.6,6.29,20
POWERICA,52.93,52.6,-0.66,20
POWERINDIA,36.83,42.3,7.93,20
POWERMECH,49.81,52.52,4.69,20
PPLPHARMA,39.69,35.38,-4.57,20
PRABHA,67.48,40.06,-33.18,20
PRAENG,72.5,75.29,8.94,20
PRAJIND,48.27,48.38,0.23,20
PRAKASH,56.95,60.28,5.34,20
PRAKASHSTL,77.19,80.47,3.47,20
PRAVEG,52.2,55.37,4.96,20
PRECAM,41.97,40.07,-4.27,20
PRECOT,70.14,84.69,15.49,20
PRECWIRE,44.91,38.78,-8.33,20
PREMCO,91.39,93.33,2.75,20
PREMEXPLN,58.36,55.66,-4.67,20
PREMIERENE,40.62,45.19,7.14,20
PREMIERPOL,35.52,47.06,18.33,20
PRESTIGE,52.11,53.57,1.46,20
PRICOLLTD,46.04,34.67,-16.69,20
PRIMESECU,60.59,70.21,12.78,20
PRIMO,56.42,65.02,9.49,20
PRINCEPIPE,56.81,59.42,3.84,20
PRIVISCL,57.22,61.0,8.01,20
PROSTARM,49.89,44.9,-5.82,20
PROTEAN,46.52,52.65,7.6,20
PROZONER,62.42,70.52,15.45,20
PRSMJOHNSN,51.23,51.04,-0.39,20
PRUDENT,52.45,50.73,-2.04,20
PSB,45.84,43.44,-3.52,20
PSPPROJECT,48.0,46.66,-3.89,20
PSUBANK,61.39,48.81,-27.28,20
PSUBANKADD,60.89,60.17,-1.45,20
PSUBNKBEES,52.08,49.05,-4.14,20
PSUBNKIETF,55.2,61.45,12.33,20
PTC,56.6,50.22,-7.08,20
PTCIL,44.56,59.9,16.39,20
PTL,69.99,60.28,-11.71,20
PUNJABCHEM,49.01,41.56,-7.88,20
PURVA,41.55,54.36,14.58,20
PVP,58.99,64.7,8.39,20
PVRINOX,50.82,52.54,3.34,20
PVSL,51.4,58.9,7.5,20
PVTBANIETF,69.91,75.69,8.15,20
PVTBANK,77.83,76.32,-8.89,13
PVTBANKADD,73.22,69.32,-3.9,20
PVTBKGROWW,56.79,66.04,9.91,20
PWL,26.37,29.4,5.62,20
PYRAMID,57.76,58.67,1.83,20
QGOLDHALF,47.83,49.46,3.27,20
QMSMEDI,50.97,46.88,-6.96,20
QNIFTY,77.58,73.22,-4.4,20
QUADFUTURE,40.24,42.49,3.25,20
QUAL30IETF,73.39,87.35,16.21,20
QUALITY30,69.48,65.95,-7.07,20
QUESS,43.64,33.52,-11.82,20
QUINT,91.58,89.51,-9.22,20
RACE,82.69,83.89,2.39,20
RACLGEAR,48.25,54.93,9.67,20
RADAAN,69.66,71.89,7.76,20
RADHIKAJWE,20.23,26.1,7.0,20
RADIANTCMS,66.14,66.05,-0.35,20
RADICO,51.11,58.5,9.01,20
RADIOCITY,85.19,88.07,4.7,20
RAILTEL,36.75,35.21,-3.01,20
RAIN,40.27,45.94,8.49,20
RAINBOW,50.88,57.58,6.92,20
RAJMET,73.2,73.2,-0.19,20
RAJPALAYAM,76.9,69.49,-7.61,20
RAJRATAN,43.76,50.51,8.57,20
RAJSREESUG,64.12,66.93,8.48,20
RAJTV,81.56,82.54,7.45,20
RALLIS,50.24,57.3,9.94,20
RAMANEWS,71.86,70.88,-2.25,20
RAMAPHO,65.52,66.85,1.79,20
RAMBHAJO,43.64,41.43,-2.59,19
RAMCOCEM,49.17,55.19,6.13,20
RAMCOIND,47.05,54.8,7.75,20
RAMCOSYS,25.96,46.11,24.32,20
RAMKY,60.08,61.18,2.21,20
RAMRAT,49.67,34.88,-15.0,20
RANASUG,64.2,76.11,12.45,20
RANEHOLDIN,54.39,49.8,-7.27,20
RATEGAIN,52.95,58.5,6.46,20
RATNAMANI,57.26,62.18,5.29,20
RATNAVEER,37.49,13.71,-23.78,20
RAYMOND,40.9,47.48,9.02,20
RAYMONDLSL,50.82,48.49,-5.96,20
RAYMONDREL,43.53,47.25,6.65,20
RBA,56.61,58.32,1.86,20
RBLBANK,45.95,52.26,8.93,20
RBZJEWEL,44.94,57.36,14.3,20
RCF,36.48,36.48,0.33,20
RECLTD,56.5,58.26,1.98,20
REDINGTON,40.47,17.42,-27.08,20
REDTAPE,48.05,55.77,8.23,20
REFEX,47.28,43.21,-4.94,20
REGENCERAM,79.31,61.95,-22.96,20
RELAXO,29.19,35.72,9.86,20
RELCHEMQ,64.45,59.07,-7.99,20
RELIABLE,61.91,33.87,-29.17,20
RELIANCE,60.35,65.3,6.45,20
RELIGARE,54.18,54.18,-0.81,20
RELTD,44.66,61.58,19.78,20
REMSONSIND,56.84,63.63,8.32,20
RENUKA,42.87,42.3,-1.2,20
REPCOHOME,60.14,62.57,2.79,20
REPRO,75.65,55.85,-19.94,20
RESPONIND,30.48,35.51,5.77,20
RETAIL,84.7,90.37,10.27,20
RGL,69.81,63.11,-6.75,20
RHETAN,10.97,12.67,2.06,20
RHIM,46.75,40.84,-7.32,20
RHL,66.1,53.13,-20.87,20
RICOAUTO,28.38,34.07,5.8,20
RIIL,38.03,33.98,-4.96,20
RIR,53.43,53.32,-0.4,18
RISHABH,49.61,46.42,-3.19,20
RITCO,45.18,50.82,8.79,20
RITES,35.52,36.86,2.09,20
RKDL,83.87,83.55,-0.64,20
RKEC,67.81,67.9,0.18,20
RKFORGE,51.34,46.51,-6.52,20
RKSWAMY,73.03,76.02,3.52,20
RMC,57.29,37.86,-20.7,20
RMDRIP,14.45,15.07,1.61,13
RML,49.61,43.37,-8.21,20
RNBDENIMS,69.35,69.35,1.49,20
ROHLTD,62.51,67.81,7.39,20
ROLEXRINGS,44.29,46.11,6.26,20
ROML,70.94,70.59,-0.71,20
ROSSARI,52.72,57.4,8.62,20
ROSSELLIND,64.19,77.11,22.27,20
ROSSTECH,44.38,40.43,-6.29,20
ROTO,40.11,44.55,11.44,20
ROUTE,30.52,36.27,7.01,20
RPEL,56.98,62.22,7.95,20
RPGLIFE,43.01,43.01,-1.11,20
RPOWER,31.65,32.47,1.64,20
RPPINFRA,67.02,70.62,4.68,20
RPPL,51.53,54.07,9.65,20
RPSGVENT,66.54,57.76,-9.24,20
RPTECH,44.96,44.95,-4.07,20
RRIL,79.19,96.45,18.28,20
RRKABEL,42.6,46.03,4.96,20
RSDFIN,79.34,19.69,-76.09,19
RSL,49.9,48.1,-2.07,20
RSYSTEMS,45.44,42.0,-3.44,20
RTNINDIA,44.36,43.13,-5.69,20
RTNPOWER,36.41,29.54,-11.68,20
RUBFILA,76.25,70.57,-8.69,20
RUBICON,45.92,45.0,-2.39,20
RUCHINFRA,75.78,78.38,5.49,20
RUCHIRA,58.97,61.43,3.97,20
RUDRA,66.88,66.88,-2.17,9
RUPA,51.26,49.36,-1.9,20
RUSHIL,42.19,49.02,7.26,20
RUSTOMJEE,58.05,60.47,3.38,20
RVHL,64.16,74.54,11.97,20
RVNL,35.16,38.24,3.2,20
RVTH,83.02,87.65,14.35,20
S&SPOWER,76.25,78.41,3.05,20
SAATVIKGL,48.97,54.44,11.41,20
SABEVENTS,96.01,99.62,15.3,19
SADBHAV,68.91,67.15,-5.41,20
SAFARI,55.95,64.19,10.43,20
SAGARDEEP,77.47,84.28,13.75,20
SAGCEM,55.45,71.21,21.97,20
SAGILITY,40.13,40.09,-0.08,20
SAHLIBHFI,82.06,79.89,-3.16,20
SAHYADRI,69.3,68.57,-0.73,20
SAIL,40.54,50.1,10.94,20
SAILIFE,52.02,48.33,-5.1,20
SAIPARENT,53.92,56.7,5.7,20
SAKAR,44.72,47.88,3.61,20
SAKHTISUG,65.3,63.15,-4.3,20
SAKSOFT,22.53,28.64,6.18,20
SAKUMA,84.56,80.35,-10.13,9
SALASAR,52.84,52.77,-1.98,20
SALONA,68.92,65.17,-9.83,20
SALZERELEC,54.43,58.03,3.6,20
SAMBHAAV,72.98,69.8,-12.04,20
SAMBHV,47.2,51.67,9.4,20
SAMHI,51.99,57.69,6.97,20
SAMMAANCAP,54.36,48.71,-5.65,20
SAMPANN,75.07,75.3,0.45,20
SANATHAN,61.14,67.4,7.16,20
SANDESH,73.77,74.17,1.64,20
SANDHAR,47.27,45.22,-2.58,20
SANDUMA,47.8,47.78,-2.12,20
SANGAMIND,45.59,55.35,9.88,20
SANGHVIMOV,46.26,25.16,-23.68,20
SANOFI,55.42,50.54,-7.23,20
SANOFICONR,50.58,45.14,-7.82,20
SANSERA,53.42,53.42,-0.79,20
SANSTAR,43.96,39.15,-7.43,20
SAPPHIRE,48.12,38.8,-18.37,20
SAPPL,87.36,92.75,18.0,20
SARDAEN,46.8,45.72,-3.0,20
SAREGAMA,32.67,34.25,2.3,20
SARLAPOLY,58.22,63.0,8.62,20
SARVESHWAR,82.38,86.09,16.35,9
SASKEN,57.98,60.25,2.59,20
SATIA,60.97,63.27,6.58,20
SATIN,46.48,44.8,-2.21,20
SAURASHCEM,51.67,17.6,-37.59,20
SAYAJIHOTL,100.0,92.71,-7.29,14
SBC,39.17,41.1,2.15,20
SBCL,52.14,54.53,3.62,20
SBFC,51.58,49.5,-2.51,20
SBGLP,71.27,59.25,-14.05,20
SBIBPB,63.62,68.63,9.06,20
SBICARD,43.48,52.44,11.6,20
SBIETFCON,76.67,83.5,9.94,20
SBIETFIT,65.38,60.5,-6.91,20
SBIETFPB,86.95,97.26,10.31,20
SBIETFQLTY,85.35,92.55,9.55,20
SBIFUNDS,56.52,55.17,-1.44,14
SBILIFE,61.75,67.31,6.74,20
SBILIQETF,81.56,71.09,-13.49,20
SBIMIDMOM,79.3,76.32,-3.47,20
SBIN,53.05,58.63,5.59,20
SBINEQWETF,78.28,84.48,14.54,20
SBINMID150,87.57,91.17,3.73,20
SBISILVER,42.12,42.94,0.85,20
SBISMLETF,86.84,95.94,13.65,20
SBIVALETF,92.76,95.58,5.16,20
SCANSTL,56.42,56.1,-0.59,17
SCHAEFFLER,61.91,62.22,0.31,20
SCHAND,59.41,60.89,1.68,20
SCHNEIDER,46.8,46.6,-0.41,20
SCI,35.56,38.72,5.46,20
SCILAL,59.59,58.28,-1.31,20
SCODATUBES,56.25,58.45,3.07,20
SCPL,51.59,40.58,-17.23,20
SDBL,42.98,42.98,1.05,20
SEAMECLTD,59.59,61.08,2.09,20
SECMARK,81.93,69.49,-19.34,19
SECURKLOUD,81.75,69.26,-13.25,20
SEDEMAC,49.12,44.05,-8.17,20
SEIL,72.68,79.68,8.26,20
SELECTIPO,73.94,76.31,4.75,20
SELMC,74.01,73.84,-0.34,20
SENCO,33.44,38.0,4.64,20
SENORES,41.28,44.97,3.92,20
SENSEXADD,87.58,77.27,-15.5,20
SENSEXAXIS,60.69,54.72,-16.35,20
SENSEXBETA,70.39,58.03,-15.99,20
SENSEXETF,74.04,94.45,20.41,20
SENSEXIETF,60.62,49.53,-11.09,20
SEPC,42.78,42.58,-0.41,20
SERVOTECH,38.48,48.58,11.13,20
SESHAPAPER,53.36,53.28,-0.08,20
SETF10GILT,77.62,96.31,21.97,20
SETFGOLD,56.52,72.18,17.88,20
SETFNIF50,69.44,78.4,9.77,20
SETFNIFBK,63.71,64.15,0.88,20
SETFNN50,64.29,65.73,2.02,20
SETL,55.95,56.45,0.91,20
SFL,45.64,44.72,-2.76,20
SGFIN,40.75,41.3,2.66,20
SGIL,72.82,72.82,-3.77,20
SGL,71.01,88.02,17.41,20
SGMART,42.95,50.89,11.44,20
SHADOWFAX,50.69,32.59,-21.41,20
SHAH,46.12,39.81,-16.82,20
SHAHALLOYS,74.57,97.17,39.13,20
SHAILY,47.35,54.4,8.36,20
SHAKTIPUMP,41.89,50.01,10.02,20
SHALBY,53.64,58.3,8.38,20
SHALPAINTS,53.07,34.33,-19.14,20
SHANKARA,71.72,68.15,-3.91,20
SHANTI,81.11,79.68,-1.67,20
SHANTIGEAR,64.85,52.13,-15.41,20
SHANTIGOLD,50.01,57.05,9.18,20
SHARDACROP,52.86,60.73,11.93,20
SHARDAMOTR,53.45,51.34,-6.81,20
SHAREINDIA,33.63,41.08,7.89,20
SHARIABEES,59.56,61.68,2.89,20
SHBAJRG,86.78,93.65,8.23,20
SHEKHAWATI,84.3,84.3,5.12,9
SHILCTECH,52.36,52.54,5.39,20
SHILPAMED,47.66,51.02,3.75,20
SHINDL,13.88,7.96,-9.88,20
SHIVATEX,74.56,67.6,-7.18,20
SHIVAUM,78.48,72.85,-11.96,20
SHK,50.48,42.34,-8.75,20
SHOPERSTOP,46.0,50.2,7.13,20
SHRADHA,49.59,57.2,7.78,20
SHREDIGCEM,55.82,56.24,1.2,20
SHREECEM,46.58,37.41,-9.71,20
SHREEJISPG,34.6,40.83,8.01,20
SHREEPUSHK,51.05,58.48,8.12,20
SHREERAMA,75.31,72.31,-5.28,20
SHREYANIND,73.78,85.14,12.44,20
SHRIKRISH,89.66,96.6,8.37,20
SHRINGARMS,34.72,30.24,-8.77,20
SHRIPISTON,51.03,46.9,-4.96,20
SHRIRAMFIN,55.32,56.71,1.39,20
SHRIRAMPPS,51.14,59.32,8.36,20
SHYAMMETL,48.32,14.18,-38.18,20
SICAGEN,72.35,67.75,-4.6,20
SICALLOG,69.73,69.73,0.43,17
SIEMENS,37.17,34.74,-2.43,20
SIGIND,66.03,73.18,7.86,20
SIGMA,53.52,49.49,-5.43,20
SIGNATURE,14.82,8.72,-6.75,20
SIGNPOST,51.4,51.4,-0.22,20
SIKA,43.48,44.22,1.47,20
SIKKO,75.27,85.33,14.69,20
SIL,85.03,84.92,-0.22,20
SILGO,12.8,49.6,39.06,20
SILINV,76.91,81.74,7.79,20
SILLYMONKS,64.38,52.75,-17.38,20
SILVER,37.4,33.2,-4.2,20
SILVER1,39.46,39.9,2.71,20
SILVER360,59.56,73.34,16.0,20
SILVERADD,43.35,33.11,-10.24,20
SILVERAG,34.55,25.07,-16.53,20
SILVERAXIS,43.03,43.09,0.12,20
SILVERBEES,37.89,38.24,0.71,20
SILVERBETA,50.2,36.77,-22.3,20
SILVERBND,72.61,54.68,-21.92,20
SILVERCASE,27.24,26.54,-1.4,20
SILVERIETF,52.84,59.45,7.34,20
SILVERTUC,39.95,42.71,3.62,20
SIMPLEXINF,61.87,59.32,-4.31,20
SINCLAIR,65.41,65.41,7.56,20
SINDHUTRAD,49.38,58.59,14.16,20
SINGERIND,65.22,70.97,6.19,20
SINTERCOM,92.57,77.79,-16.68,20
SIRCA,43.01,38.42,-4.91,20
SIS,62.09,66.47,5.21,20
SIYSIL,53.1,55.89,2.79,20
SJS,56.55,57.4,0.85,20
SJVN,48.67,42.26,-7.85,20
SKFINDIA,56.15,63.26,9.15,20
SKFINDUS,57.2,57.59,0.6,20
SKIPPER,42.77,47.23,6.34,20
SKMEGGPROD,37.55,37.69,0.14,20
SKYGOLD,44.48,47.01,3.65,20
SMALL250,78.02,82.29,11.89,20
SMALLADD,80.47,71.14,-11.74,20
SMALLCAP,61.52,59.56,-4.09,20
SMALLGROWW,80.11,78.82,-2.58,20
SMALLIETF,65.68,81.85,21.64,20
SMARTWORKS,54.61,60.33,6.2,20
SMCGLOBAL,52.46,60.23,9.3,20
SML100CASE,67.96,79.48,11.96,20
SMLMAH,44.53,31.19,-17.23,20
SMLT,70.77,78.81,8.51,20
SMSPHARMA,52.79,50.53,-2.26,20
SNOWMAN,55.77,55.77,-1.61,20
SNXT30BEES,79.64,80.59,0.95,20
SNXT50BETA,69.63,86.47,20.06,20
SOBHA,42.05,42.22,1.1,20
SOLARA,50.91,63.03,14.85,20
SOLARINDS,38.15,40.39,6.07,20
SOLARWORLD,45.87,53.52,8.36,20
SOLEX,54.0,51.37,-2.63,20
SOMANYCERA,64.12,64.33,0.42,20
SOMATEX,63.79,56.45,-8.17,20
SOMICONVEY,56.78,67.16,17.86,20
SONACOMS,45.08,50.66,9.88,20
SONAL,100.0,84.51,-15.49,13
SONAMLTD,47.34,47.34,3.36,20
SONATSOFTW,29.18,31.09,3.79,20
SOTL,40.22,42.36,2.43,20
SOUTHBANK,42.47,42.47,0.4,20
SOUTHWEST,50.91,51.59,1.36,20
SPAL,42.8,47.84,5.89,20
SPANDANA,43.28,47.46,4.6,20
SPARC,42.45,50.37,10.37,20
SPCENET,71.96,75.64,7.49,20
SPECIALITY,57.48,66.31,8.83,20
SPECTRUM,39.89,40.85,2.97,20
SPENCERS,51.56,58.51,13.17,20
SPIC,51.76,54.37,2.67,20
SPLIL,74.3,81.58,10.6,20
SPLPETRO,44.31,45.29,1.45,20
SPMLINFRA,52.39,62.48,13.84,20
SPORTKING,43.8,34.03,-12.54,20
SRD,79.15,72.91,-7.55,20
SREEL,66.73,74.54,10.45,20
SRF,49.39,55.14,14.87,20
SRGHFL,76.92,62.78,-14.14,20
SRHHYPOLTD,73.05,62.03,-11.73,20
SRM,48.51,53.27,6.21,20
SRTL,65.19,64.66,-1.06,20
SSDL,67.31,69.25,2.63,20
SSWL,42.02,47.29,5.73,20
STALLION,27.34,26.61,-2.54,20
STANLEY,60.62,56.32,-5.34,20
STAR,47.53,42.29,-6.03,20
STARCEMENT,58.98,66.62,8.31,20
STARHEALTH,52.79,54.74,6.18,20
STARPAPER,73.03,74.16,1.7,20
STARTECK,3.05,1.11,-4.64,20
STCINDIA,49.55,40.93,-8.62,20
STEELCAS,47.8,48.5,1.39,20
STEELCITY,71.05,64.54,-6.57,20
STEELXIND,55.04,51.44,-3.6,20
STEL,63.68,60.72,-6.06,20
STOVEKRAFT,57.73,53.88,-4.31,20
STUDDS,59.33,62.98,6.68,20
STYL,45.62,48.63,3.72,20
STYLAMIND,40.06,40.01,-0.1,20
STYRENIX,58.09,54.22,-4.71,20
SUBROS,44.06,40.51,-4.36,20
SUDARCOLOR,63.09,63.33,2.4,20
SUDARSCHEM,46.14,49.03,4.01,20
SUDEEPPHRM,49.36,40.11,-11.75,20
SUKHJITS,69.38,70.28,1.81,20
SULA,50.85,41.28,-12.2,20
SUMEETINDS,100.0,100.0,0.0,20
SUMICHEM,47.36,47.43,0.14,20
SUMMITSEC,62.61,69.26,7.02,20
SUNCLAY,59.28,55.85,-6.16,20
SUNDARAM,70.14,73.45,4.27,20
SUNDARMFIN,61.16,59.31,-1.91,20
SUNDRMFAST,62.84,64.77,7.36,20
SUNDROP,70.99,78.03,8.5,20
SUNFLAG,52.63,62.8,11.33,20
SUNPHARMA,65.59,66.2,1.21,20
SUNTECK,55.13,57.7,4.26,20
SUNTV,53.91,53.17,-1.49,20
SUPERHOUSE,45.19,45.19,0.68,20
SUPRAJIT,52.45,56.31,4.19,20
SUPREME,55.39,57.56,3.14,20
SUPREMEIND,42.0,49.06,10.06,20
SUPREMEINF,40.91,38.21,-8.53,20
SUPRIYA,44.67,50.16,6.52,20
SURAJEST,60.2,64.09,9.39,20
SURAJLTD,74.43,45.74,-28.7,20
SURAKSHA,61.91,69.33,9.59,20
SURANASOL,73.68,72.55,-2.26,20
SURANAT&P,70.59,59.85,-11.01,20
SURYALA,82.71,84.9,2.27,20
SURYALAXMI,74.59,69.55,-5.9,20
SURYAROSNI,53.05,56.84,5.77,20
SURYODAY,35.86,33.19,-5.33,20
SUVEN,37.06,37.03,-0.07,20
SUVIDHAA,79.39,67.42,-14.67,20
SUYOG,51.88,55.9,4.44,20
SUZLON,38.45,39.45,4.46,20
SWANCORP,36.39,36.45,0.12,20
SWARAJENG,55.51,55.6,1.2,20
SWELECTES,58.42,65.32,11.75,20
SWIGGY,31.16,30.55,-3.24,20
SWSOLAR,38.38,48.21,11.04,20
SYMPHONY,56.2,52.2,-4.23,20
SYNCOMF,55.42,58.54,4.61,20
SYNGENE,55.05,47.84,-11.97,20
SYRMA,39.84,39.58,-0.65,20
TAALTECH,59.13,61.04,3.04,20
TAINWALCHM,63.77,79.63,22.03,20
TAJGVK,53.34,44.83,-8.51,20
TAKE,89.15,90.03,6.47,15
TALBROAUTO,48.45,52.51,5.26,20
TANLA,34.69,37.37,2.93,20
TARACHAND,65.38,55.6,-12.2,20
TARAPUR,76.19,82.07,6.5,20
TARC,48.01,56.0,10.29,20
TARIL,39.58,47.3,9.81,20
TARMAT,81.84,80.46,-1.57,20
TARSONS,47.37,48.47,2.2,20
TASTYBITE,49.82,46.41,-5.01,20
TATACAP,50.48,50.48,0.66,20
TATACHEM,42.53,48.4,8.07,20
TATACOMM,51.72,63.79,12.32,20
TATACONSUM,56.53,62.1,9.55,20
TATAELXSI,39.04,36.45,-3.1,20
TATAGOLD,35.0,36.18,2.36,20
TATAINVEST,46.7,47.48,1.55,20
TATAPOWER,45.64,49.36,7.78,20
TATASTEEL,51.21,52.6,1.64,20
TATATECH,37.12,43.14,6.55,20
TATSILV,29.99,30.6,0.65,20
TATVA,38.54,38.54,6.15,20
TBOTEK,44.17,40.43,-4.41,20
TBZ,22.86,25.2,2.84,20
TCC,64.17,78.5,15.46,20
TCI,65.28,64.46,-1.63,20
TCIEXP,44.0,48.92,5.09,20
TCPLPACK,49.73,51.24,2.99,20
TCS,47.2,54.77,12.98,20
TDPOWERSYS,47.34,42.55,-5.18,20
TEAMGTY,70.42,94.95,26.84,20
TEAMLEASE,58.73,58.85,0.23,20
TECH,68.92,50.95,-24.6,20
TECHM,46.18,57.7,15.05,20
TECHNOE,58.12,51.71,-8.21,20
TECHNVISN,60.81,57.85,-5.92,20
TECILCHEM,77.2,59.11,-18.23,20
TEGA,59.34,58.79,-1.63,20
TEJASNET,25.83,24.6,-2.18,20
TEMBO,48.28,51.14,4.8,20
TENNIND,60.2,70.17,13.72,20
TERASOFT,55.59,56.6,2.38,20
TEXINFRA,74.28,74.28,0.54,20
TEXMOPIPES,72.83,78.63,10.25,20
TEXRAIL,43.28,48.99,6.44,20
TFCILTD,38.66,39.54,1.15,20
TFL,75.09,80.28,12.33,20
TGBHOTELS,78.12,82.05,3.93,20
THAKDEV,87.66,83.17,-9.09,18
THANGAMAYL,30.2,38.98,12.02,20
THEINVEST,78.16,82.19,8.8,20
THEJO,63.12,51.92,-18.42,20
THELEELA,50.11,48.85,-1.26,20
THEMISMED,49.72,58.93,14.41,20
THERMAX,50.03,41.9,-12.28,20
THOMASCOOK,47.12,22.95,-25.23,20
THOMASCOTT,54.97,49.52,-5.68,20
THYROCARE,46.34,56.21,12.93,20
TI,53.54,52.22,-3.38,20
TICL,63.66,60.0,-4.25,9
TIIL,51.77,61.76,15.42,20
TIINDIA,49.76,51.6,3.68,20
TIJARIA,67.75,73.29,12.8,20
TIL,48.83,27.37,-28.98,20
TIMETECHNO,22.08,18.97,-3.22,20
TIMEX,43.18,44.08,0.9,20
TIMKEN,54.89,63.13,10.57,20
TINNARUBR,34.91,35.32,2.47,20
TIPSFILMS,46.89,40.79,-6.74,20
TIPSMUSIC,36.45,41.86,7.62,20
TIRUMALCHM,52.66,52.66,-0.54,20
TIRUPATIFL,48.1,50.5,3.06,9
TITAGARH,33.34,43.37,11.0,20
TITAN,63.38,69.18,8.37,20
TMB,46.72,46.81,0.09,20
TMCV,50.35,48.14,-2.71,20
TMPV,49.97,46.89,-3.94,20
TNIDETF,73.11,72.31,-0.8,20
TNPETRO,42.6,53.06,11.84,20
TNPL,47.01,55.62,8.65,20
TNTELE,77.58,57.39,-22.42,20
TOLINS,60.35,77.09,19.29,20
TOP100CASE,78.34,82.02,6.79,20
TOP10ADD,69.69,69.28,-4.51,20
TOP15IETF,79.9,92.79,22.74,20
TOP20,79.73,64.61,-16.5,20
TORNTPHARM,52.06,59.5,7.91,20
TORNTPOWER,66.03,64.88,-3.13,20
TOTAL,76.66,71.54,-10.79,20
TOUCHWOOD,72.19,64.0,-11.47,20
TPHQ,68.81,68.63,-0.37,20
TPLPLASTEH,29.43,31.87,3.45,20
TRACXN,67.78,66.16,-3.25,20
TRANSPEK,66.68,31.62,-35.09,20
TRANSRAILL,48.99,46.12,-6.51,20
TRAVELFOOD,54.53,60.61,6.08,20
TREEHOUSE,72.77,80.71,9.54,20
TREJHARA,72.2,78.87,12.0,20
TREL,67.51,67.51,-2.77,20
TRENT,50.22,54.17,9.21,20
TRF,33.74,32.18,-3.72,20
TRIDENT,43.43,49.16,8.94,20
TRIGYN,56.0,50.67,-5.92,20
TRITURBINE,46.2,48.75,3.31,20
TRIVENI,48.44,51.04,4.03,8
TRU,75.74,75.77,0.06,20
TRUALT,49.42,51.23,7.1,20
TSFINV,52.92,48.66,-4.26,20
TTKHLTCARE,56.54,57.08,0.98,20
TTKPRESTIG,45.78,39.71,-8.55,20
TTL,75.38,72.06,-6.72,20
TTML,36.53,42.7,6.57,20
TURTLEMINT,43.09,46.64,6.55,20
TVSELECT,38.12,33.69,-4.8,20
TVSHLTD,54.13,55.84,2.35,20
TVSMOTOR,61.64,66.03,4.71,20
TVSSCS,58.54,61.27,2.94,20
TVSSRICHAK,55.56,67.12,12.36,20
TVTODAY,62.89,72.95,14.72,20
TVVISION,87.41,85.29,-2.22,19
TWCGOLDETF,85.27,66.46,-19.41,20
UBL,51.01,59.06,8.43,20
UCAL,68.23,87.11,19.34,20
UCOBANK,36.41,36.25,-0.31,20
UDS,49.56,38.95,-14.34,20
UEL,60.66,26.23,-38.76,20
UFBL,58.75,61.54,3.4,20
UFLEX,50.69,62.68,13.03,20
UFO,59.39,60.04,1.25,20
UGARSUGAR,56.0,54.96,-2.09,20
UGROCAP,53.63,46.43,-7.21,20
UJJIVANSFB,44.7,50.12,7.4,20
ULTRACEMCO,56.16,52.62,-3.54,20
ULTRAMAR,62.11,53.35,-8.76,20
UMESLTD,75.23,71.73,-11.25,20
UMIYA-MRO,81.34,73.11,-9.89,20
UNICHEMLAB,37.38,54.69,20.6,20
UNIECOM,54.94,59.12,5.09,20
UNIENTER,63.1,79.11,18.03,20
UNIMECH,45.47,44.63,-3.67,20
UNIONBANK,41.79,40.04,-2.83,20
UNIONGOLD,50.03,39.45,-13.35,20
UNIPARTS,50.13,49.01,-1.12,20
UNITDSPR,52.7,58.57,6.06,20
UNITECH,62.95,63.07,0.24,20
UNITEDTEA,81.78,85.87,4.44,20
UNIVCABLES,49.84,49.6,-0.49,20
UNOMINDA,49.64,41.23,-8.88,20
UPL,51.66,57.99,8.98,20
URBANCO,47.39,21.72,-25.82,20
URJA,50.79,50.82,1.19,20
USHAMART,53.27,53.41,1.2,20
USK,80.66,94.97,16.93,20
UTIAMC,55.37,59.79,7.56,20
UTKARSHBNK,46.47,57.44,15.51,20
UTLSOLAR,51.37,52.01,2.47,20
UTTAMSUGAR,44.28,41.5,-7.4,20
UYFINCORP,55.59,48.84,-16.27,20
V2RETAIL,51.19,51.47,0.56,20
VADILALIND,41.47,35.34,-9.06,20
VAIBHAVGBL,40.58,44.32,6.17,20
VAISHALI,80.71,80.71,0.34,9
VAKRANGEE,53.24,50.83,-2.41,20
VAL30IETF,72.83,79.74,8.3,20
VALUE,82.53,83.02,9.28,20
VALUEAXIS,56.41,65.44,11.03,20
VAML,59.67,58.26,-2.83,20
VARDMNPOLY,65.16,68.39,4.58,20
VARROC,47.5,45.29,-3.04,20
VASWANI,64.09,80.83,19.29,20
VBL,57.75,60.46,3.38,20
VCL,77.33,86.6,13.26,20
VEDL,49.86,48.65,-1.49,20
VEDPOWER,41.44,38.77,-4.94,20
VEEDOL,61.11,62.66,1.69,20
VENKEYS,50.11,53.55,4.51,20
VENTIVE,54.41,63.4,10.22,20
VENUSPIPES,48.78,58.4,12.86,20
VERANDA,45.7,36.87,-10.17,20
VESUVIUS,57.52,50.66,-9.09,20
VGL,46.85,36.59,-11.94,20
VGUARD,59.14,48.32,-11.67,20
VHL,78.87,56.82,-23.3,20
VIDHIING,68.78,52.95,-18.04,20
VIDYAWIRES,52.84,55.22,4.16,20
VIJAYA,47.77,61.32,16.86,20
VIKASECO,56.38,59.23,3.54,20
VIKASLIFE,59.87,63.0,5.72,20
VIKRAMSOLR,47.22,42.94,-5.19,20
VIKRAN,41.33,40.54,-3.84,20
VIMTALABS,38.89,39.49,4.4,20
VINATIORGA,56.4,56.4,-0.71,20
VINCOFE,32.81,33.25,0.85,20
VINDHYATEL,45.43,36.24,-10.02,20
VINNY,77.12,77.12,0.03,20
VINYLINDIA,61.94,52.4,-10.84,20
VIPIND,55.59,56.05,0.54,20
VIRINCHI,75.6,75.41,-0.39,20
VISAKAIND,54.81,55.78,1.12,20
VISHNU,55.83,58.83,4.69,20
VISHWARAJ,78.88,76.08,-6.36,20
VISL,43.51,39.17,-5.03,20
VIVIDHA,75.76,52.79,-28.8,20
VIYASH,56.27,57.31,2.75,20
VLSFINANCE,68.05,77.59,10.82,20
VMART,44.32,43.11,-2.42,20
VMM,50.01,50.7,1.39,20
VOEPL,46.76,48.61,12.78,20
VOGL,38.2,33.35,-5.02,20
VOLTAMP,56.92,37.94,-23.84,20
VOLTAS,38.18,39.33,1.18,20
VRAJ,50.73,75.58,29.36,20
VRLLOG,57.72,51.14,-9.15,20
VSSL,55.05,56.42,2.07,20
VSTIND,51.45,60.44,11.03,20
VSTL,77.49,75.85,-7.78,20
VSTTILLERS,57.69,61.93,4.71,20
VTL,48.75,48.19,-0.56,20
WAAREEENER,37.47,41.53,4.06,20
WAAREEINDO,62.46,50.87,-13.33,20
WAAREERTL,46.22,50.38,6.92,20
WABAG,43.12,43.39,1.56,20
WAKEFIT,23.92,23.92,2.0,20
WALCHANNAG,39.21,41.77,3.39,20
WANBURY,48.58,56.19,9.17,20
WCIL,61.95,61.76,-0.37,20
WEALTH,69.58,68.7,-1.75,20
WEBELSOLAR,56.06,56.37,1.48,20
WEIZMANIND,79.09,76.59,-3.43,20
WEL,46.76,39.87,-9.08,20
WELCORP,54.52,58.13,7.52,20
WELENT,54.38,54.57,0.38,20
WELSPLSOL,56.57,61.03,10.95,20
WELSPUNLIV,42.59,58.45,16.07,20
WENDT,53.72,55.59,3.64,20
WESTLIFE,47.98,47.16,-0.96,20
WEWORK,48.66,48.66,0.24,20
WHEELS,45.63,60.82,16.53,20
WHIRLPOOL,54.73,52.55,-8.52,20
WILLAMAGOR,90.44,99.81,13.1,20
WINDLAS,54.74,63.5,9.62,20
WINDMACHIN,59.97,49.95,-10.42,20
WIPL,76.57,88.11,14.78,20
WIPRO,45.69,51.9,6.96,20
WOCKPHARMA,41.62,47.84,6.57,20
WONDERLA,59.52,59.39,-4.0,20
WORTHPERI,76.27,78.16,1.89,20
WPIL,51.56,54.16,5.47,20
WSI,59.75,67.77,16.75,20
WSTCSTPAPR,51.93,57.55,8.18,20
XCHANGING,61.72,63.75,3.99,20
XELPMOC,70.85,70.54,-0.62,20
XPROINDIA,57.87,58.96,1.09,20
XTGLOBAL,49.49,66.59,31.34,20
YASHO,45.91,26.91,-25.82,20
YATHARTH,53.56,55.23,1.67,20
YATRA,42.08,49.18,7.37,20
YESBANK,42.97,46.4,4.23,20
YUKEN,74.96,88.73,14.41,20
ZAGGLE,49.28,47.54,-1.74,20
ZEEL,27.49,35.86,9.54,20
ZEEMEDIA,61.45,74.73,14.03,20
ZENITHEXPO,72.14,100.0,43.65,20
ZENITHSTL,83.41,91.9,15.42,20
ZENSARTECH,24.04,31.9,8.3,20
ZENTEC,36.45,36.45,0.83,20
ZFCVINDIA,54.59,61.06,10.3,20
ZFSTEERING,64.3,64.81,1.03,20
ZODIACLOTH,65.91,73.58,8.64,20
ZOTA,56.27,56.73,0.93,20
ZSARACOM,82.29,83.33,3.33,20
ZUARI,46.07,55.02,8.95,20
ZUARIIND,62.13,67.72,6.17,20
ZYDUSLIFE,53.86,57.92,4.45,20
ZYDUSWELL,40.09,42.16,3.53,20
