symbol,industry,index_source,turnover_cr,rs_blend_raw,rs_improving,stage,last_close,rs_pctile,tag
STLTECH,Telecommunication,microcap250,135.66,5.779,False,2,837.2000122070312,100.0,CONFIRMED
CUPID,Fast Moving Consumer Goods,microcap250,482.6,4.8,False,2,270.0,99.89949748743719,CONFIRMED
WELCORP,Capital Goods,smallcap250,570.19,3.537,False,2,2832.39990234375,99.79899497487436,EXTENDED
HFCL,Telecommunication,smallcap250,172.51,3.086,False,2,211.2700042724609,99.69849246231156,WATCH
SHILPAMED,Healthcare,microcap250,105.86,2.975,False,2,1013.4500122070312,99.59798994974875,EXTENDED
MTARTECH,Capital Goods,microcap250,76.14,2.889,False,2,6900.0,99.49748743718592,CONFIRMED
RAYMOND,Capital Goods,nse_gap,623.38,2.851,False,2,1196.6500244140625,99.39698492462311,EXTENDED
MANINDS,Capital Goods,nse_gap,176.02,2.816,False,2,1020.3499755859376,99.2964824120603,EXTENDED
DIACABS,Capital Goods,microcap250,32.55,2.768,False,2,354.5,99.19597989949749,CONFIRMED
SANSERA,Automobile and Auto Components,microcap250,113.9,2.686,False,2,4662.39990234375,99.09547738693468,EXTENDED
SBCL,Capital Goods,nse_gap,36.86,2.63,False,2,1154.5,98.99497487437185,CONFIRMED
AEROFLEX,Capital Goods,nse_gap,71.17,2.613,False,2,525.7000122070312,98.89447236180905,CONFIRMED
WHEELS,Automobile and Auto Components,nse_gap,195.85,2.602,False,2,2296.39990234375,98.79396984924624,EXTENDED
SKYGOLD,Consumer Durables,microcap250,61.75,2.601,False,2,793.5499877929688,98.69346733668341,CONFIRMED
AVALON,Capital Goods,microcap250,165.85,2.599,False,2,2328.5,98.5929648241206,CONFIRMED
SHREEJISPG,Services,nse_gap,78.37,2.578,False,2,752.4500122070312,98.49246231155779,EXTENDED
PAISALO,Financial Services,nse_gap,150.84,2.509,False,2,89.0199966430664,98.39195979899498,EXTENDED
CPPLUS,Capital Goods,smallcap250,100.65,2.413,False,2,3687.5,98.29145728643216,CONFIRMED
ANTELOPUS,Oil Gas & Consumable Fuels,nse_gap,468.04,2.377,False,2,1261.699951171875,98.19095477386935,EXTENDED
ATHERENERG,Automobile and Auto Components,smallcap250,804.71,2.317,False,2,1497.0,98.09045226130654,CONFIRMED
SYRMA,Capital Goods,smallcap250,444.97,2.306,False,2,1732.5999755859375,97.98994974874373,CONFIRMED
TDPOWERSYS,Capital Goods,microcap250,154.59,2.294,False,2,751.5499877929688,97.8894472361809,CONFIRMED
LAURUSLABS,Healthcare,midcap150,619.92,2.202,False,2,2007.0,97.78894472361809,CONFIRMED
NRBBEARING,Automobile and Auto Components,nse_gap,50.52,2.196,False,2,534.7999877929688,97.68844221105527,CONFIRMED
PRECWIRE,Capital Goods,nse_gap,36.24,2.183,False,2,502.6000061035156,97.58793969849246,CONFIRMED
LLOYDSENGG,Capital Goods,microcap250,78.59,2.171,False,2,98.55999755859376,97.48743718592965,CONFIRMED
KOPRAN,Healthcare,nse_gap,60.82,2.162,False,2,284.5299987792969,97.38693467336684,EXTENDED
CEMPRO,Construction,smallcap250,31.11,2.106,False,2,1257.199951171875,97.28643216080401,WATCH
TFCILTD,Financial Services,nse_gap,141.38,2.103,False,2,138.30999755859375,97.18592964824121,CONFIRMED
AEGISLOG,Oil Gas & Consumable Fuels,smallcap250,128.23,2.102,False,2,1365.4000244140625,97.08542713567839,CONFIRMED
PARAS,Capital Goods,microcap250,131.67,2.092,False,2,1321.0,96.98492462311557,WATCH
VENUSPIPES,Capital Goods,nse_gap,71.2,2.07,False,2,2163.199951171875,96.88442211055276,EXTENDED
MARKSANS,Healthcare,microcap250,76.96,2.051,False,2,336.95001220703125,96.78391959798995,CONFIRMED
ROSSTECH,Capital Goods,nse_gap,65.24,2.05,False,2,1402.699951171875,96.68341708542714,CONFIRMED
SOTL,Oil Gas & Consumable Fuels,nse_gap,89.65,2.043,False,2,713.2000122070312,96.58291457286433,CONFIRMED
RRKABEL,Capital Goods,smallcap250,143.98,2.017,False,2,2528.300048828125,96.4824120603015,WATCH
UNIPARTS,Automobile and Auto Components,nse_gap,14.68,2.012,False,2,847.2000122070312,96.3819095477387,CONFIRMED
AETHER,Chemicals,microcap250,43.6,2.009,False,2,1767.0,96.28140703517587,CONFIRMED
BLSE,Information Technology,nse_gap,10.55,2.008,False,2,324.54998779296875,96.18090452261306,CONFIRMED
GRWRHITECH,Capital Goods,microcap250,40.89,1.986,False,2,6640.0,96.08040201005025,WATCH
THANGAMAYL,Consumer Durables,microcap250,44.72,1.977,False,2,5134.5,95.97989949748744,WATCH
SENORES,Healthcare,nse_gap,32.38,1.975,False,2,1355.199951171875,95.87939698492463,WATCH
MBAPL,Chemicals,nse_gap,14.57,1.97,False,2,168.47000122070312,95.77889447236181,CONFIRMED
SPORTKING,Textiles,nse_gap,6.77,1.968,False,2,213.6199951171875,95.67839195979899,CONFIRMED
PGIL,Textiles,microcap250,31.58,1.965,False,2,1329.0999755859375,95.57788944723619,CONFIRMED
WELSPUNLIV,Textiles,smallcap250,94.06,1.961,False,2,224.67999267578125,95.47738693467338,EXTENDED
EMIL,Consumer Services,microcap250,62.33,1.959,False,2,200.22000122070312,95.37688442211055,CONFIRMED
KIRLOSENG,Capital Goods,smallcap250,91.9,1.954,False,2,2137.199951171875,95.27638190954774,WATCH
RAIN,Chemicals,microcap250,90.8,1.934,False,2,219.3500061035156,95.17587939698493,CONFIRMED
APARINDS,Capital Goods,midcap150,217.79,1.929,False,2,17776.0,95.0251256281407,CONFIRMED
UNIMECH,Capital Goods,nse_gap,49.62,1.929,False,2,1665.0999755859375,95.0251256281407,CONFIRMED
AZAD,Capital Goods,microcap250,99.37,1.908,False,2,2728.0,94.87437185929647,CONFIRMED
BALAMINES,Chemicals,microcap250,50.11,1.907,False,2,2189.60009765625,94.77386934673366,WATCH
INDOBORAX,Chemicals,nse_gap,7.02,1.898,False,2,449.9500122070313,94.67336683417086,WATCH
SSWL,Automobile and Auto Components,nse_gap,99.48,1.892,False,2,378.75,94.57286432160804,CONFIRMED
RISHABH,Capital Goods,nse_gap,20.74,1.887,False,2,711.7999877929688,94.47236180904522,CONFIRMED
KRISHANA,Chemicals,nse_gap,10.83,1.886,False,2,187.2400054931641,94.37185929648241,CONFIRMED
OPTIEMUS,Telecommunication,microcap250,93.86,1.869,False,2,758.5499877929688,94.22110552763819,EXTENDED
TALBROAUTO,Automobile and Auto Components,nse_gap,16.06,1.869,False,2,457.3500061035156,94.22110552763819,CONFIRMED
GHCLTEXTIL,Textiles,nse_gap,9.15,1.866,False,2,139.1199951171875,94.07035175879398,CONFIRMED
RAMRAT,Capital Goods,nse_gap,19.56,1.848,False,2,570.0,93.96984924623115,CONFIRMED
WOCKPHARMA,Healthcare,smallcap250,290.72,1.843,False,2,2265.60009765625,93.86934673366835,CONFIRMED
INOXINDIA,Capital Goods,microcap250,73.04,1.842,False,2,2156.800048828125,93.76884422110552,CONFIRMED
INDIAGLYCO,Fast Moving Consumer Goods,microcap250,25.46,1.838,False,2,309.8999938964844,93.66834170854271,CONFIRMED
EBGNG,Information Technology,nse_gap,61.41,1.831,False,2,669.0,93.5678391959799,CONFIRMED
SMLMAH,Capital Goods,microcap250,68.01,1.828,True,2,6825.5,93.46733668341709,EXTENDED
SUNFLAG,Capital Goods,nse_gap,13.72,1.824,False,2,410.6499938964844,93.36683417085428,EXTENDED
SONACOMS,Automobile and Auto Components,smallcap250,151.53,1.823,False,2,824.5,93.26633165829146,CONFIRMED
ACUTAAS,Healthcare,smallcap250,103.03,1.814,False,2,3272.5,93.16582914572864,WATCH
ADOR,Capital Goods,nse_gap,7.89,1.813,False,2,1638.9000244140625,93.06532663316584,CONFIRMED
ICIL,Textiles,microcap250,31.81,1.81,False,2,445.75,92.96482412060301,CONFIRMED
FINCABLES,Capital Goods,smallcap250,173.16,1.806,False,2,1460.9000244140625,92.8643216080402,CONFIRMED
KDDL,Consumer Durables,nse_gap,14.06,1.805,False,2,4033.39990234375,92.76381909547739,CONFIRMED
CENTUM,Capital Goods,nse_gap,53.39,1.801,False,2,4802.2998046875,92.66331658291456,EXTENDED
TMB,Financial Services,microcap250,15.77,1.796,False,2,881.9000244140625,92.56281407035176,CONFIRMED
RML,Automobile and Auto Components,nse_gap,28.55,1.794,False,2,1322.300048828125,92.46231155778895,CONFIRMED
NITINSPIN,Textiles,nse_gap,7.27,1.793,False,2,612.3499755859375,92.36180904522612,CONFIRMED
DIVGIITTS,Automobile and Auto Components,nse_gap,17.0,1.792,False,2,1154.5999755859375,92.26130653266331,CONFIRMED
AKUMS,Healthcare,microcap250,25.84,1.785,False,2,819.5499877929688,92.1608040201005,CONFIRMED
QPOWER,Capital Goods,microcap250,50.26,1.784,False,2,1517.800048828125,92.06030150753769,CONFIRMED
PANAMAPET,Oil Gas & Consumable Fuels,nse_gap,11.11,1.781,False,2,473.3999938964844,91.95979899497488,WATCH
NEOGEN,Chemicals,microcap250,49.85,1.775,False,2,2385.199951171875,91.85929648241206,CONFIRMED
INNOVACAP,Healthcare,nse_gap,14.03,1.773,False,2,1281.0,91.75879396984925,EXTENDED
STEELCAS,Capital Goods,nse_gap,7.83,1.766,False,2,376.5,91.65829145728644,CONFIRMED
REDINGTON,Services,smallcap250,235.4,1.765,False,2,407.25,91.55778894472361,EXTENDED
IDEA,Telecommunication,midcap150,591.81,1.76,False,2,14.260000228881836,91.4572864321608,CONFIRMED
MCX,Financial Services,midcap150,639.19,1.758,False,2,3324.89990234375,91.356783919598,CONFIRMED
SPARC,Healthcare,microcap250,20.39,1.757,False,2,209.0500030517578,91.25628140703517,WATCH
VSSL,Capital Goods,nse_gap,22.52,1.754,False,2,411.5,91.15577889447236,CONFIRMED
BAJAJCON,Fast Moving Consumer Goods,nse_gap,43.1,1.753,False,3,499.5,91.05527638190955,BROKEN
KTKBANK,Financial Services,microcap250,68.42,1.751,False,2,335.5,90.95477386934674,CONFIRMED
BHEL,Capital Goods,midcap150,255.26,1.75,False,2,418.9500122070313,90.85427135678393,WATCH
STYLAMIND,Consumer Durables,nse_gap,13.55,1.735,False,2,3369.39990234375,90.7537688442211,WATCH
RGL,Consumer Durables,nse_gap,20.95,1.734,False,2,167.47000122070312,90.65326633165829,EXTENDED
APOLLO,Capital Goods,microcap250,295.38,1.733,False,2,395.6000061035156,90.55276381909547,CONFIRMED
SHANTIGOLD,Consumer Durables,nse_gap,115.41,1.726,False,2,325.67999267578125,90.45226130653266,EXTENDED
SHRIPISTON,Automobile and Auto Components,microcap250,30.54,1.725,False,2,4746.7998046875,90.35175879396985,CONFIRMED
ACMESOLAR,Power,smallcap250,122.95,1.719,False,2,442.8999938964844,90.25125628140704,CONFIRMED
SAILIFE,Healthcare,smallcap250,142.71,1.717,False,2,1592.199951171875,90.15075376884421,CONFIRMED
JGCHEM,Chemicals,nse_gap,39.68,1.716,False,2,620.0999755859375,90.05025125628141,CONFIRMED
QUESS,Services,microcap250,21.28,1.713,False,2,340.8999938964844,89.9497487437186,CONFIRMED
MSTCLTD,Services,microcap250,24.96,1.712,False,2,740.7999877929688,89.84924623115577,CONFIRMED
LOTUSDEV,Realty,microcap250,32.91,1.708,False,2,217.9900054931641,89.74874371859296,CONFIRMED
WSTCSTPAPR,Forest Materials,nse_gap,21.24,1.702,False,2,731.9000244140625,89.64824120603015,CONFIRMED
ASTRAMICRO,Capital Goods,microcap250,50.75,1.701,False,2,1622.4000244140625,89.54773869346734,WATCH
ASIANENE,Oil Gas & Consumable Fuels,nse_gap,24.32,1.699,False,2,487.75,89.3467336683417,CONFIRMED
GLAND,Healthcare,smallcap250,173.77,1.699,False,2,2917.199951171875,89.3467336683417,CONFIRMED
NEULANDLAB,Healthcare,smallcap250,98.23,1.699,False,2,21890.0,89.3467336683417,WATCH
SUPRIYA,Healthcare,microcap250,31.84,1.691,False,2,985.2000122070312,89.14572864321609,CONFIRMED
BBOX,Information Technology,microcap250,44.01,1.69,False,2,799.75,89.04522613065326,WATCH
MMFL,Automobile and Auto Components,nse_gap,6.77,1.688,False,2,616.1500244140625,88.94472361809045,CONFIRMED
RADICO,Fast Moving Consumer Goods,midcap150,109.82,1.683,False,2,4557.10009765625,88.84422110552764,CONFIRMED
ENGINERSIN,Construction,smallcap250,245.75,1.674,False,2,315.6499938964844,88.69346733668341,EXTENDED
SHAREINDIA,Financial Services,microcap250,178.37,1.674,False,2,209.6199951171875,88.69346733668341,WATCH
SATIN,Financial Services,nse_gap,4.41,1.672,False,2,236.6499938964844,88.54271356783919,CONFIRMED
YATHARTH,Healthcare,microcap250,90.05,1.671,False,2,1121.4000244140625,88.44221105527639,EXTENDED
ABDL,Fast Moving Consumer Goods,smallcap250,67.5,1.662,False,2,715.0499877929688,88.34170854271358,WATCH
QUADFUTURE,Capital Goods,nse_gap,67.47,1.661,False,2,547.5,88.19095477386935,EXTENDED
APCOTEXIND,Capital Goods,nse_gap,9.19,1.661,False,2,599.4000244140625,88.19095477386935,WATCH
INDNIPPON,Automobile and Auto Components,nse_gap,37.95,1.66,False,2,1318.199951171875,88.04020100502512,CONFIRMED
CRAFTSMAN,Automobile and Auto Components,smallcap250,72.78,1.648,False,2,10735.0,87.8894472361809,CONFIRMED
SHREEPUSHK,Chemicals,nse_gap,5.88,1.648,False,2,506.0499877929688,87.8894472361809,CONFIRMED
GMMPFAUDLR,Capital Goods,microcap250,76.24,1.646,True,2,1505.199951171875,87.73869346733669,EXTENDED
HIRECT,Capital Goods,nse_gap,6.59,1.645,False,2,1212.9000244140625,87.63819095477386,WATCH
KRN,Capital Goods,microcap250,34.88,1.643,False,2,1381.800048828125,87.48743718592965,WATCH
ARVIND,Textiles,microcap250,37.79,1.643,False,2,549.0499877929688,87.48743718592965,CONFIRMED
HONASA,Fast Moving Consumer Goods,smallcap250,35.9,1.638,False,2,465.5,87.33668341708542,WATCH
SGFIN,Financial Services,nse_gap,10.27,1.636,False,2,609.7000122070312,87.23618090452261,WATCH
DYNAMATECH,Capital Goods,microcap250,25.4,1.635,True,2,13153.0,87.1356783919598,EXTENDED
VIJAYA,Healthcare,smallcap250,23.79,1.632,False,2,1513.5999755859375,87.03517587939699,CONFIRMED
RACLGEAR,Automobile and Auto Components,nse_gap,20.8,1.63,False,2,1686.5,86.93467336683418,CONFIRMED
VADILALIND,Fast Moving Consumer Goods,nse_gap,13.1,1.629,False,2,7534.5,86.83417085427135,CONFIRMED
ROLEXRINGS,Automobile and Auto Components,nse_gap,32.52,1.627,False,2,195.3500061035156,86.73366834170855,EXTENDED
GOODLUCK,Capital Goods,nse_gap,31.82,1.626,False,2,525.6500244140625,86.58291457286433,CONFIRMED
SILVERTUC,Information Technology,nse_gap,8.8,1.626,False,3,147.7899932861328,86.58291457286433,BROKEN
WELENT,Construction,microcap250,70.96,1.625,False,2,754.5,86.4321608040201,CONFIRMED
ENTERO,Consumer Services,microcap250,51.14,1.62,True,2,1821.800048828125,86.33165829145729,CONFIRMED
SOUTHBANK,Financial Services,microcap250,60.68,1.615,False,2,49.95000076293945,86.23115577889448,CONFIRMED
CHENNPETRO,Oil Gas & Consumable Fuels,smallcap250,271.97,1.614,False,2,1376.4000244140625,86.13065326633166,CONFIRMED
AYMSYNTEX,Textiles,nse_gap,6.61,1.611,False,2,293.95001220703125,85.92964824120602,CONFIRMED
NAZARA,Media Entertainment & Publication,microcap250,55.61,1.611,False,2,376.4500122070313,85.92964824120602,CONFIRMED
SANGHVIMOV,Services,nse_gap,10.91,1.611,False,2,456.0,85.92964824120602,CONFIRMED
TCPLPACK,Capital Goods,nse_gap,3.65,1.61,False,2,4106.7998046875,85.7286432160804,CONFIRMED
NAVINFLUOR,Chemicals,smallcap250,109.16,1.608,False,2,8584.5,85.62814070351759,CONFIRMED
LLOYDSENT,Metals & Mining,microcap250,19.98,1.606,False,2,79.66999816894531,85.52763819095478,CONFIRMED
ARTEMISMED,Healthcare,nse_gap,46.87,1.602,False,2,357.70001220703125,85.42713567839196,CONFIRMED
RATEGAIN,Information Technology,microcap250,29.13,1.6,False,2,827.75,85.32663316582915,WATCH
LUMAXTECH,Automobile and Auto Components,microcap250,31.67,1.597,True,2,2026.800048828125,85.22613065326632,CONFIRMED
RAYMONDREL,Realty,nse_gap,171.18,1.595,False,2,711.2999877929688,85.12562814070351,CONFIRMED
VARROC,Automobile and Auto Components,microcap250,33.36,1.594,False,2,834.8499755859375,85.02512562814071,CONFIRMED
CAPLIPOINT,Healthcare,smallcap250,92.77,1.593,False,2,2835.10009765625,84.92462311557789,CONFIRMED
SJS,Automobile and Auto Components,nse_gap,35.58,1.586,False,2,2317.60009765625,84.82412060301507,WATCH
PAYTM,Financial Services,midcap150,727.89,1.584,False,2,1674.0,84.72361809045226,CONFIRMED
RPGLIFE,Healthcare,nse_gap,9.24,1.578,False,2,3050.60009765625,84.62311557788945,CONFIRMED
CARTRADE,Consumer Services,smallcap250,97.09,1.576,False,2,3002.60009765625,84.52261306532664,WATCH
SAMBHV,Capital Goods,nse_gap,97.81,1.574,False,2,159.1199951171875,84.42211055276381,EXTENDED
GRANULES,Healthcare,smallcap250,128.65,1.571,False,2,868.6500244140625,84.321608040201,CONFIRMED
WABAG,Utilities,microcap250,143.07,1.566,False,2,2008.4000244140625,84.2211055276382,WATCH
NELCO,Information Technology,nse_gap,31.47,1.564,False,2,976.5,84.12060301507537,CONFIRMED
SOMANYCERA,Consumer Durables,nse_gap,7.1,1.561,False,2,618.0499877929688,84.02010050251256,EXTENDED
TARSONS,Healthcare,nse_gap,13.9,1.555,False,2,332.75,83.91959798994975,CONFIRMED
SEAMECLTD,Services,nse_gap,13.41,1.554,False,2,1712.199951171875,83.81909547738694,CONFIRMED
IGPL,Chemicals,nse_gap,5.9,1.553,False,2,593.1500244140625,83.71859296482413,CONFIRMED
CARBORUNIV,Capital Goods,smallcap250,72.47,1.55,False,2,1278.5,83.61809045226131,CONFIRMED
TNPETRO,Chemicals,nse_gap,48.73,1.548,False,2,132.92999267578125,83.51758793969849,WATCH
UNICHEMLAB,Healthcare,nse_gap,7.38,1.542,False,2,549.7000122070312,83.41708542713567,CONFIRMED
HSCL,Chemicals,smallcap250,232.15,1.539,False,2,678.75,83.26633165829146,WATCH
NETWEB,Information Technology,smallcap250,573.97,1.539,False,2,4545.0,83.26633165829146,WATCH
GREAVESCOT,Capital Goods,microcap250,47.05,1.534,False,2,234.77999877929688,83.11557788944724,WATCH
SANGAMIND,Textiles,nse_gap,2.59,1.532,False,2,619.9000244140625,83.01507537688441,CONFIRMED
KINGFA,Capital Goods,nse_gap,9.0,1.53,False,2,6237.5,82.91457286432161,CONFIRMED
RBLBANK,Financial Services,smallcap250,175.56,1.525,False,2,415.0499877929688,82.8140703517588,CONFIRMED
JINDALSAW,Capital Goods,smallcap250,56.15,1.524,False,2,285.5,82.71356783919597,CONFIRMED
IKIO,Consumer Durables,nse_gap,13.56,1.517,False,2,205.42999267578125,82.61306532663316,WATCH
DATAPATTNS,Capital Goods,smallcap250,281.33,1.514,False,2,4418.7998046875,82.51256281407035,WATCH
CGCL,Financial Services,smallcap250,110.7,1.513,False,2,253.6999969482422,82.41206030150754,CONFIRMED
JASH,Capital Goods,nse_gap,57.68,1.512,False,2,593.8499755859375,82.31155778894473,CONFIRMED
GALAPREC,Capital Goods,nse_gap,3.84,1.504,False,2,1148.5999755859375,82.2110552763819,CONFIRMED
THYROCARE,Healthcare,microcap250,13.75,1.503,False,2,566.8499755859375,82.06030150753769,WATCH
GNFC,Chemicals,microcap250,74.8,1.503,False,2,630.2999877929688,82.06030150753769,CONFIRMED
BLUESTONE,Consumer Durables,microcap250,143.52,1.5,True,2,809.2999877929688,81.90954773869346,WATCH
NILKAMAL,Consumer Durables,nse_gap,5.13,1.498,False,2,1884.0,81.75879396984924,WATCH
GRAPHITE,Capital Goods,smallcap250,330.42,1.498,False,2,820.7000122070312,81.75879396984924,CONFIRMED
BELRISE,Automobile and Auto Components,smallcap250,72.81,1.493,False,2,247.9199981689453,81.60804020100502,CONFIRMED
OFSS,Information Technology,midcap150,266.73,1.492,False,2,10770.0,81.50753768844221,WATCH
ITDC,Consumer Services,nse_gap,55.68,1.491,False,2,679.7000122070312,81.4070351758794,WATCH
PRICOLLTD,Automobile and Auto Components,microcap250,23.57,1.49,False,2,759.4000244140625,81.25628140703517,CONFIRMED
ALIVUS,Healthcare,microcap250,29.34,1.49,False,2,1365.5999755859375,81.25628140703517,CONFIRMED
DCBBANK,Financial Services,microcap250,36.72,1.487,False,2,214.08999633789065,81.05527638190955,CONFIRMED
LLOYDSME,Metals & Mining,midcap150,59.54,1.487,False,2,1838.0,81.05527638190955,WATCH
MANORAMA,Fast Moving Consumer Goods,microcap250,47.44,1.486,False,2,1872.800048828125,80.90452261306532,CONFIRMED
KROSS,Automobile and Auto Components,nse_gap,40.11,1.484,False,2,267.8699951171875,80.80402010050251,EXTENDED
ASKAUTOLTD,Automobile and Auto Components,microcap250,18.3,1.483,False,2,645.1500244140625,80.7035175879397,CONFIRMED
SMSPHARMA,Healthcare,nse_gap,67.24,1.482,True,2,475.0,80.60301507537689,WATCH
ADFFOODS,Fast Moving Consumer Goods,nse_gap,2.63,1.477,False,2,270.6000061035156,80.50251256281406,WATCH
MAYURUNIQ,Consumer Durables,nse_gap,8.42,1.475,False,2,729.5999755859375,80.40201005025126,WATCH
AEGISVOPAK,Oil Gas & Consumable Fuels,smallcap250,56.9,1.473,False,2,287.5,80.30150753768844,CONFIRMED
TINNARUBR,Capital Goods,nse_gap,5.14,1.472,False,2,978.0999755859376,80.15075376884423,WATCH
PCJEWELLER,Consumer Durables,microcap250,469.55,1.472,False,2,14.109999656677246,80.15075376884423,EXTENDED
STOVEKRAFT,Consumer Durables,nse_gap,12.33,1.471,False,2,814.4000244140625,80.0,CONFIRMED
SOLARA,Healthcare,nse_gap,43.07,1.47,False,2,739.1500244140625,79.89949748743719,CONFIRMED
AUROPHARMA,Healthcare,midcap150,134.7,1.466,False,2,1712.0,79.79899497487438,CONFIRMED
BHARATSE,Automobile and Auto Components,nse_gap,3.7,1.463,False,2,214.08999633789065,79.69849246231155,WATCH
ANANDRATHI,Financial Services,smallcap250,59.25,1.462,False,2,2126.800048828125,79.54773869346734,WATCH
NUVAMA,Financial Services,smallcap250,54.02,1.462,False,2,1681.4000244140625,79.54773869346734,WATCH
CEIGALL,Construction,nse_gap,19.48,1.457,False,2,384.1000061035156,79.34673366834171,CONFIRMED
ELLEN,Chemicals,microcap250,38.09,1.457,False,2,368.5,79.34673366834171,WATCH
PITTIENG,Capital Goods,nse_gap,21.73,1.455,False,2,1162.4000244140625,79.19597989949749,CONFIRMED
GOCLCORP,Chemicals,nse_gap,23.31,1.453,False,2,384.1000061035156,79.09547738693468,WATCH
DIFFNKG,Capital Goods,nse_gap,34.71,1.45,False,2,430.4500122070313,78.99497487437186,CONFIRMED
MUFIN,Financial Services,nse_gap,7.65,1.449,False,2,133.02000427246094,78.84422110552764,WATCH
SIS,Consumer Services,nse_gap,13.9,1.449,False,2,418.3999938964844,78.84422110552764,WATCH
FEDERALBNK,Financial Services,midcap150,171.8,1.448,False,2,322.0,78.69346733668343,WATCH
MAHABANK,Financial Services,midcap150,122.94,1.444,False,2,84.87999725341797,78.5929648241206,CONFIRMED
VERANDA,Consumer Services,nse_gap,6.97,1.442,False,2,232.58999633789065,78.49246231155779,WATCH
63MOONS,Information Technology,nse_gap,44.95,1.439,False,2,857.6500244140625,78.34170854271358,CONFIRMED
MOTILALOFS,Financial Services,midcap150,77.97,1.439,False,2,1029.0,78.34170854271358,CONFIRMED
TBOTEK,Consumer Services,smallcap250,27.66,1.438,False,2,1696.9000244140625,78.19095477386935,WATCH
GABRIEL,Automobile and Auto Components,smallcap250,100.83,1.437,False,2,1386.699951171875,78.09045226130652,WATCH
NYKAA,Consumer Services,midcap150,131.87,1.432,False,2,333.70001220703125,77.98994974874371,CONFIRMED
VISHNU,Chemicals,nse_gap,11.2,1.43,False,2,697.6500244140625,77.88944723618091,CONFIRMED
BALRAMCHIN,Fast Moving Consumer Goods,smallcap250,292.56,1.428,False,2,685.7999877929688,77.78894472361809,CONFIRMED
NAM-INDIA,Financial Services,midcap150,151.08,1.425,False,2,1157.0,77.63819095477386,WATCH
MUNJALAU,Automobile and Auto Components,nse_gap,4.61,1.425,False,2,109.0199966430664,77.63819095477386,CONFIRMED
RKFORGE,Automobile and Auto Components,smallcap250,42.81,1.424,False,2,704.5,77.48743718592965,CONFIRMED
POWERINDIA,Capital Goods,midcap150,278.7,1.423,False,3,31035.0,77.38693467336684,BROKEN
PNBHOUSING,Financial Services,smallcap250,104.43,1.422,False,2,1094.9000244140625,77.28643216080403,WATCH
GUJTHEM,Healthcare,nse_gap,30.45,1.416,False,2,417.0,77.1859296482412,WATCH
RBA,Consumer Services,microcap250,29.91,1.413,False,2,92.51000213623048,77.0854271356784,CONFIRMED
BEPL,Chemicals,nse_gap,20.33,1.412,False,2,126.43000030517578,76.93467336683418,CONFIRMED
SKIPPER,Capital Goods,microcap250,87.83,1.412,False,2,551.1500244140625,76.93467336683418,CONFIRMED
JSFB,Financial Services,microcap250,42.89,1.411,False,2,535.25,76.68341708542712,WATCH
HESTERBIO,Healthcare,nse_gap,1.94,1.411,False,2,2182.89990234375,76.68341708542712,WATCH
EMUDHRA,Information Technology,nse_gap,141.74,1.411,False,2,653.4500122070312,76.68341708542712,WATCH
IPCALAB,Healthcare,midcap150,45.06,1.41,False,2,1970.800048828125,76.48241206030151,CONFIRMED
HINDCOPPER,Metals & Mining,smallcap250,408.99,1.404,False,4,494.6499938964844,76.28140703517587,BROKEN
EMCURE,Healthcare,smallcap250,39.61,1.404,False,2,1950.5999755859373,76.28140703517587,CONFIRMED
BHARATFORG,Automobile and Auto Components,midcap150,182.73,1.404,False,2,2008.0,76.28140703517587,WATCH
GUFICBIO,Healthcare,nse_gap,5.36,1.403,False,2,423.75,76.03015075376885,CONFIRMED
IIFL,Financial Services,smallcap250,163.05,1.403,False,2,616.9500122070312,76.03015075376885,WATCH
IFCI,Financial Services,smallcap250,1176.51,1.402,False,2,73.94999694824219,75.82914572864323,WATCH
KALYANKJIL,Consumer Durables,midcap150,398.21,1.402,True,2,573.0,75.82914572864323,WATCH
GAEL,Fast Moving Consumer Goods,microcap250,11.6,1.399,False,2,163.8699951171875,75.678391959799,WATCH
KARURVYSYA,Financial Services,smallcap250,49.93,1.398,False,2,327.95001220703125,75.52763819095478,WATCH
KSL,Capital Goods,nse_gap,15.94,1.398,False,2,964.7000122070312,75.52763819095478,CONFIRMED
CUB,Financial Services,smallcap250,51.43,1.397,False,3,225.57000732421875,75.37688442211056,WATCH
LALPATHLAB,Healthcare,smallcap250,60.19,1.396,False,2,1952.300048828125,75.27638190954774,CONFIRMED
J&KBANK,Financial Services,smallcap250,27.32,1.395,False,2,146.10000610351562,75.07537688442211,WATCH
SCHNEIDER,Capital Goods,smallcap250,27.85,1.395,False,2,1209.5,75.07537688442211,WATCH
AGI,Capital Goods,nse_gap,19.43,1.395,False,2,803.3499755859375,75.07537688442211,WATCH
PRIVISCL,Chemicals,microcap250,29.07,1.394,False,2,3594.10009765625,74.87437185929649,CONFIRMED
VOLTAMP,Capital Goods,microcap250,25.11,1.389,False,2,10709.0,74.77386934673366,CONFIRMED
PFOCUS,Media Entertainment & Publication,smallcap250,82.68,1.386,True,2,315.45001220703125,74.62311557788944,CONFIRMED
RAJRATAN,Automobile and Auto Components,nse_gap,6.41,1.386,False,2,472.5,74.62311557788944,WATCH
SHAILY,Consumer Durables,microcap250,54.82,1.385,False,2,3142.300048828125,74.47236180904522,WATCH
COFORGE,Information Technology,midcap150,430.34,1.382,False,2,1784.0,74.37185929648241,WATCH
HUHTAMAKI,Capital Goods,nse_gap,5.57,1.381,False,2,243.25,74.2713567839196,WATCH
GOLDIAM,Consumer Durables,nse_gap,13.97,1.38,False,2,325.04998779296875,74.12060301507537,WATCH
ACE,Capital Goods,smallcap250,40.03,1.38,False,2,1226.5999755859375,74.12060301507537,CONFIRMED
WINDLAS,Healthcare,nse_gap,20.59,1.379,False,2,1102.550048828125,73.96984924623115,CONFIRMED
MEDANTA,Healthcare,midcap150,38.92,1.376,False,2,1495.4000244140625,73.86934673366834,CONFIRMED
THEMISMED,Healthcare,nse_gap,4.45,1.374,False,2,116.93000030517578,73.71859296482413,CONFIRMED
PPLPHARMA,Healthcare,smallcap250,86.78,1.374,False,2,210.30999755859372,73.71859296482413,CONFIRMED
ABCAPITAL,Financial Services,midcap150,104.94,1.373,False,2,390.0,73.51758793969849,WATCH
SPAL,Textiles,nse_gap,6.42,1.373,False,2,965.5999755859376,73.51758793969849,WATCH
PTCIL,Capital Goods,smallcap250,74.4,1.369,True,2,21810.0,73.36683417085426,CONFIRMED
THELEELA,Consumer Services,smallcap250,18.65,1.368,False,2,546.1500244140625,73.21608040201005,CONFIRMED
TIIL,Capital Goods,nse_gap,11.28,1.368,False,2,3003.39990234375,73.21608040201005,CONFIRMED
MINDACORP,Automobile and Auto Components,smallcap250,11.49,1.366,False,2,678.8499755859375,73.06532663316582,WATCH
NPST,Financial Services,nse_gap,40.78,1.365,False,2,1796.300048828125,72.8643216080402,CONFIRMED
AURUM,Information Technology,nse_gap,2.2,1.365,False,2,222.4499969482422,72.8643216080402,WATCH
SAIL,Metals & Mining,midcap150,302.16,1.365,False,2,185.0,72.8643216080402,CONFIRMED
INDIGOPNTS,Consumer Durables,microcap250,6.88,1.362,False,2,1128.5999755859375,72.66331658291458,WATCH
UJJIVANSFB,Financial Services,microcap250,84.86,1.361,False,2,64.70999908447266,72.56281407035175,WATCH
JSWINFRA,Services,midcap150,159.57,1.358,False,2,362.0499877929688,72.46231155778895,CONFIRMED
PRABHA,Oil Gas & Consumable Fuels,nse_gap,21.99,1.357,True,2,230.8699951171875,72.36180904522614,WATCH
TI,Fast Moving Consumer Goods,microcap250,43.4,1.356,False,2,581.7000122070312,72.26130653266331,CONFIRMED
RANEHOLDIN,Financial Services,nse_gap,2.74,1.355,False,2,1580.5999755859375,72.11055276381909,WATCH
DREDGECORP,Services,nse_gap,7.86,1.355,False,3,984.7999877929688,72.11055276381909,BROKEN
JYOTICNC,Capital Goods,smallcap250,137.13,1.354,False,2,1065.0999755859375,71.95979899497488,WATCH
GRINDWELL,Capital Goods,microcap250,4.68,1.353,False,2,1972.699951171875,71.85929648241206,WATCH
VIYASH,Healthcare,microcap250,71.1,1.352,False,2,244.3500061035156,71.75879396984925,WATCH
TASTYBITE,Fast Moving Consumer Goods,nse_gap,3.0,1.35,False,2,9856.0,71.55778894472363,CONFIRMED
MANGLMCEM,Construction Materials,nse_gap,10.85,1.35,False,2,1028.5999755859375,71.55778894472363,CONFIRMED
EIMCOELECO,Capital Goods,nse_gap,5.89,1.35,False,2,2301.60009765625,71.55778894472363,CONFIRMED
ORIENTHOT,Consumer Services,nse_gap,9.74,1.349,False,2,140.92999267578125,71.35678391959799,CONFIRMED
GVT&D,Capital Goods,midcap150,357.19,1.348,False,3,4280.0,71.25628140703517,BROKEN
HEGAM,Capital Goods,smallcap250,68.82,1.347,False,2,244.3500061035156,71.05527638190955,WATCH
AJANTPHARM,Healthcare,midcap150,26.46,1.347,False,2,3547.800048828125,71.05527638190955,CONFIRMED
USHAMART,Capital Goods,smallcap250,65.56,1.347,False,2,518.7999877929688,71.05527638190955,CONFIRMED
STAR,Healthcare,microcap250,45.22,1.346,False,2,1184.9000244140625,70.85427135678391,CONFIRMED
CARYSIL,Consumer Durables,nse_gap,9.8,1.345,False,2,1064.4000244140625,70.75376884422111,WATCH
IKS,Information Technology,smallcap250,40.81,1.344,False,2,1815.800048828125,70.65326633165829,WATCH
THEJO,Capital Goods,nse_gap,1.85,1.342,False,2,2185.0,70.55276381909547,CONFIRMED
VMART,Consumer Services,microcap250,5.94,1.339,False,2,760.0999755859375,70.40201005025125,WATCH
CENTENKA,Textiles,nse_gap,37.5,1.339,False,2,570.9500122070312,70.40201005025125,WATCH
MONARCH,Financial Services,nse_gap,3.83,1.338,False,2,362.75,70.25125628140704,WATCH
AARTIPHARM,Healthcare,microcap250,68.4,1.336,False,2,939.5499877929688,70.15075376884423,WATCH
NATIONALUM,Metals & Mining,midcap150,170.36,1.335,True,3,358.70001220703125,70.0,BROKEN
SHYAMMETL,Capital Goods,smallcap250,71.66,1.335,False,2,1085.5999755859375,70.0,CONFIRMED
BLUEJET,Healthcare,smallcap250,23.68,1.334,False,2,570.6500244140625,69.79899497487438,WATCH
ANDHRSUGAR,Chemicals,nse_gap,4.06,1.334,False,2,95.41000366210938,69.79899497487438,CONFIRMED
AUBANK,Financial Services,midcap150,119.71,1.328,False,2,1018.0,69.64824120603015,WATCH
HATSUN,Fast Moving Consumer Goods,nse_gap,14.28,1.326,True,2,1165.300048828125,69.54773869346734,CONFIRMED
ARMANFIN,Financial Services,nse_gap,5.05,1.325,False,2,1885.5999755859373,69.39698492462311,WATCH
FLUOROCHEM,Chemicals,midcap150,60.4,1.325,False,2,4441.39990234375,69.39698492462311,WATCH
IDFCFIRSTB,Financial Services,midcap150,179.77,1.323,False,3,83.80000305175781,69.24623115577889,WATCH
ANGELONE,Financial Services,smallcap250,163.38,1.322,False,3,288.0,69.14572864321607,BROKEN
DEEPAKFERT,Chemicals,smallcap250,33.71,1.321,False,2,1363.800048828125,68.99497487437186,WATCH
VINCOFE,Fast Moving Consumer Goods,nse_gap,49.62,1.321,False,2,184.1499938964844,68.99497487437186,WATCH
SIMPLEXINF,Construction,nse_gap,3.45,1.32,False,2,250.6999969482422,68.79396984924622,WATCH
ASHIANA,Realty,nse_gap,3.46,1.32,False,2,389.7000122070313,68.79396984924622,CONFIRMED
BSE,Financial Services,midcap150,1344.41,1.319,False,1,3191.5,68.64321608040201,WATCH
PHOENIXLTD,Realty,midcap150,80.05,1.318,False,2,1978.4000244140625,68.5427135678392,CONFIRMED
SAREGAMA,Media Entertainment & Publication,smallcap250,18.95,1.317,False,2,496.8999938964844,68.34170854271356,WATCH
IIFLCAPS,Financial Services,microcap250,19.03,1.317,False,3,346.70001220703125,68.34170854271356,WATCH
TEXINFRA,Services,nse_gap,4.6,1.317,False,2,118.25,68.34170854271356,CONFIRMED
GREENPLY,Consumer Durables,nse_gap,5.96,1.315,False,2,287.25,68.14070351758794,WATCH
SUDARSCHEM,Chemicals,microcap250,37.25,1.311,False,2,1218.9000244140625,68.04020100502512,CONFIRMED
HLEGLAS,Capital Goods,nse_gap,19.12,1.308,False,1,441.1000061035156,67.8894472361809,WATCH
SANSTAR,Fast Moving Consumer Goods,nse_gap,2.02,1.308,False,2,108.41999816894533,67.8894472361809,WATCH
BOSCH-HCIL,Consumer Durables,nse_gap,7.32,1.306,False,2,1811.5999755859373,67.73869346733669,CONFIRMED
AVL,Consumer Services,microcap250,12.75,1.305,False,2,619.5,67.63819095477388,CONFIRMED
HARSHA,Capital Goods,nse_gap,9.32,1.304,False,2,462.0499877929688,67.53768844221105,CONFIRMED
APOLLOPIPE,Capital Goods,nse_gap,11.02,1.302,False,2,511.4500122070313,67.38693467336684,WATCH
EDELWEISS,Financial Services,microcap250,140.45,1.302,False,2,136.8300018310547,67.38693467336684,CONFIRMED
LXCHEM,Chemicals,microcap250,22.0,1.301,False,2,181.4199981689453,67.1859296482412,WATCH
KIRIINDUS,Chemicals,nse_gap,89.39,1.301,False,3,557.5,67.1859296482412,WATCH
AXISCADES,Capital Goods,microcap250,38.02,1.3,False,2,1892.0999755859373,67.03517587939697,WATCH
RPSGVENT,Services,nse_gap,2.43,1.297,False,1,837.2999877929688,66.93467336683418,WATCH
NORTHARC,Financial Services,nse_gap,75.67,1.296,False,2,300.8999938964844,66.73366834170854,CONFIRMED
FIVESTAR,Financial Services,smallcap250,34.04,1.296,False,2,520.9500122070312,66.73366834170854,WATCH
PRUDENT,Financial Services,microcap250,10.79,1.296,False,2,3097.89990234375,66.73366834170854,WATCH
RICOAUTO,Automobile and Auto Components,nse_gap,10.69,1.295,False,2,132.22999572753906,66.53266331658291,WATCH
INDGN,Healthcare,smallcap250,38.31,1.294,False,2,608.9500122070312,66.4321608040201,CONFIRMED
EXIDEIND,Automobile and Auto Components,midcap150,89.45,1.293,False,2,423.6499938964844,66.33165829145729,WATCH
JAYNECOIND,Capital Goods,microcap250,46.21,1.292,False,1,88.55000305175781,66.23115577889448,WATCH
SPLPETRO,Chemicals,smallcap250,34.44,1.286,False,2,880.0,66.13065326633166,EXTENDED
PDSL,Textiles,nse_gap,4.36,1.285,False,2,357.6499938964844,66.03015075376885,WATCH
SANDHAR,Automobile and Auto Components,nse_gap,7.92,1.284,False,1,574.0,65.87939698492463,WATCH
LMW,Capital Goods,nse_gap,10.09,1.284,False,2,17133.0,65.87939698492463,WATCH
GIPCL,Power,nse_gap,9.29,1.283,False,2,185.83999633789065,65.7286432160804,CONFIRMED
UDS,Services,nse_gap,7.41,1.281,False,2,207.8999938964844,65.57788944723619,WATCH
SMARTWORKS,Services,microcap250,3.85,1.281,False,2,529.9000244140625,65.57788944723619,WATCH
SCI,Services,smallcap250,45.78,1.278,False,1,274.3999938964844,65.42713567839196,WATCH
KPIL,Construction,smallcap250,21.32,1.277,False,2,1391.199951171875,65.32663316582915,CONFIRMED
STARHEALTH,Financial Services,smallcap250,56.14,1.276,False,2,558.1500244140625,65.12562814070351,WATCH
UTTAMSUGAR,Fast Moving Consumer Goods,nse_gap,9.87,1.276,True,2,293.1499938964844,65.12562814070351,CONFIRMED
ANANTRAJ,Realty,smallcap250,181.13,1.276,False,2,617.4000244140625,65.12562814070351,WATCH
TIPSMUSIC,Media Entertainment & Publication,microcap250,15.45,1.275,False,2,668.9500122070312,64.87437185929649,CONFIRMED
LUMAXIND,Automobile and Auto Components,nse_gap,10.72,1.275,False,2,5769.0,64.87437185929649,CONFIRMED
JAMNAAUTO,Automobile and Auto Components,microcap250,36.72,1.273,False,3,138.1999969482422,64.62311557788945,WATCH
ELGIEQUIP,Capital Goods,smallcap250,24.23,1.273,False,2,603.0,64.62311557788945,WATCH
MAHSEAMLES,Capital Goods,microcap250,30.66,1.273,False,2,715.6500244140625,64.62311557788945,CONFIRMED
MANAPPURAM,Financial Services,smallcap250,125.7,1.272,False,2,334.0,64.42211055276383,WATCH
GESHIP,Services,smallcap250,112.03,1.268,False,2,1497.199951171875,64.321608040201,EXTENDED
VENKEYS,Fast Moving Consumer Goods,nse_gap,22.87,1.267,False,2,1652.800048828125,64.22110552763819,WATCH
CARRARO,Automobile and Auto Components,nse_gap,6.99,1.265,False,1,535.0,64.12060301507537,WATCH
SANATHAN,Textiles,nse_gap,8.44,1.264,False,2,523.2000122070312,63.969849246231156,WATCH
HNDFDS,Fast Moving Consumer Goods,nse_gap,5.31,1.264,False,2,612.3499755859375,63.969849246231156,CONFIRMED
ALEMBICLTD,Realty,nse_gap,30.16,1.262,False,3,106.52999877929688,63.81909547738693,WATCH
PVRINOX,Media Entertainment & Publication,smallcap250,87.12,1.261,True,2,1254.5999755859375,63.668341708542705,CONFIRMED
GALAXYSURF,Chemicals,nse_gap,8.34,1.261,False,2,2261.300048828125,63.668341708542705,CONFIRMED
OBEROIRLTY,Realty,midcap150,87.62,1.26,False,2,1858.5,63.46733668341709,CONFIRMED
KIRLPNU,Capital Goods,microcap250,10.4,1.26,False,1,691.9500122070312,63.46733668341709,WATCH
ALKYLAMINE,Chemicals,microcap250,11.64,1.257,False,2,1847.699951171875,63.26633165829145,WATCH
APLAPOLLO,Capital Goods,midcap150,140.58,1.257,True,3,2214.699951171875,63.26633165829145,WATCH
TRIVENI,Fast Moving Consumer Goods,microcap250,20.26,1.255,False,2,247.5500030517578,63.015075376884425,WATCH
ASTERDM,Healthcare,smallcap250,83.12,1.255,False,2,759.4000244140625,63.015075376884425,WATCH
BEML,Capital Goods,smallcap250,98.07,1.255,False,2,2036.5,63.015075376884425,CONFIRMED
AARTIIND,Chemicals,smallcap250,26.94,1.254,False,2,489.25,62.663316582914575,WATCH
RATNAMANI,Capital Goods,microcap250,16.23,1.254,False,2,2778.300048828125,62.663316582914575,CONFIRMED
ANTHEM,Healthcare,midcap150,89.91,1.254,False,2,873.5999755859375,62.663316582914575,WATCH
GPTHEALTH,Healthcare,nse_gap,1.93,1.254,False,2,161.27000427246094,62.663316582914575,CONFIRMED
HINDOILEXP,Oil Gas & Consumable Fuels,nse_gap,52.11,1.253,False,2,173.3800048828125,62.36180904522614,CONFIRMED
METROPOLIS,Healthcare,microcap250,12.5,1.253,False,2,582.5999755859375,62.36180904522614,CONFIRMED
OLAELEC,Automobile and Auto Components,smallcap250,396.69,1.25,False,2,38.47999954223633,62.21105527638191,WATCH
PARADEEP,Chemicals,smallcap250,41.63,1.249,False,2,155.49000549316406,62.11055276381909,WATCH
KRBL,Fast Moving Consumer Goods,microcap250,19.93,1.247,False,2,398.6499938964844,62.010050251256274,WATCH
PIXTRANS,Capital Goods,nse_gap,1.69,1.246,False,2,1734.800048828125,61.90954773869347,WATCH
MANINFRA,Realty,nse_gap,36.14,1.244,False,2,129.9499969482422,61.75879396984924,EXTENDED
EQUITASBNK,Financial Services,microcap250,11.34,1.244,False,1,67.02999877929688,61.75879396984924,WATCH
COSMOFIRST,Capital Goods,nse_gap,6.32,1.242,False,2,849.4000244140625,61.60804020100502,WATCH
BANDHANBNK,Financial Services,smallcap250,225.94,1.239,False,2,187.6999969482422,61.4070351758794,WATCH
SURAKSHA,Healthcare,nse_gap,3.5,1.239,True,2,343.29998779296875,61.4070351758794,CONFIRMED
AIAENG,Capital Goods,midcap150,26.31,1.239,False,1,3919.39990234375,61.4070351758794,WATCH
TEXRAIL,Capital Goods,microcap250,39.69,1.238,False,3,125.66999816894533,61.20603015075376,WATCH
POLYPLEX,Capital Goods,nse_gap,5.24,1.237,False,2,1086.199951171875,61.05527638190955,WATCH
HCG,Healthcare,microcap250,10.35,1.237,False,2,698.6500244140625,61.05527638190955,WATCH
MIDHANI,Capital Goods,microcap250,136.84,1.235,False,2,405.0499877929688,60.80402010050251,WATCH
MANYAVAR,Consumer Services,microcap250,21.36,1.235,False,2,532.5,60.80402010050251,WATCH
WINDMACHIN,Capital Goods,nse_gap,2.44,1.235,False,2,299.5,60.80402010050251,CONFIRMED
REFEX,Utilities,microcap250,17.05,1.233,False,2,285.79998779296875,60.55276381909548,WATCH
PCBL,Chemicals,smallcap250,57.22,1.233,False,2,339.6000061035156,60.55276381909548,CONFIRMED
PARAGMILK,Fast Moving Consumer Goods,nse_gap,56.24,1.232,False,1,268.8999938964844,60.402010050251256,WATCH
KAJARIACER,Consumer Durables,smallcap250,25.11,1.231,False,2,1218.0999755859375,60.30150753768844,WATCH
NIACL,Financial Services,midcap150,291.87,1.228,False,2,176.60000610351562,60.20100502512563,WATCH
CLSEL,Fast Moving Consumer Goods,nse_gap,2.3,1.226,False,2,294.70001220703125,60.10050251256281,CONFIRMED
ECLERX,Services,smallcap250,40.38,1.168,True,1,1898.800048828125,53.71859296482412,WATCH
GMBREW,Fast Moving Consumer Goods,nse_gap,3.41,1.167,True,1,978.7999877929688,53.56783919597991,WATCH
JUSTDIAL,Consumer Services,microcap250,16.21,1.131,True,1,672.2000122070312,49.54773869346734,WATCH
GPPL,Services,microcap250,25.69,1.102,True,1,163.1999969482422,46.53266331658292,ANTICIPATION
INDIANB,Financial Services,midcap150,86.43,1.097,True,1,832.0,45.92964824120603,ANTICIPATION
PERSISTENT,Information Technology,midcap150,250.08,1.089,True,1,5372.0,45.22613065326633,ANTICIPATION
MRPL,Oil Gas & Consumable Fuels,smallcap250,167.54,1.079,True,1,164.60000610351562,44.221105527638194,ANTICIPATION
ALICON,Automobile and Auto Components,nse_gap,2.33,1.07,True,1,730.0499877929688,43.06532663316583,WATCH
JSL,Metals & Mining,midcap150,96.24,1.059,True,1,748.25,41.80904522613066,ANTICIPATION
HEROMOTOCO,Automobile and Auto Components,midcap150,290.64,1.056,True,1,5360.0,41.35678391959799,ANTICIPATION
ANURAS,Chemicals,smallcap250,68.17,1.033,True,1,1192.4000244140625,38.64321608040201,ANTICIPATION
BLACKBUCK,Services,microcap250,50.85,1.028,True,1,598.9500122070312,38.29145728643216,ANTICIPATION
ALKEM,Healthcare,midcap150,74.25,1.02,True,1,5274.0,36.68341708542713,ANTICIPATION
ABBOTINDIA,Healthcare,midcap150,21.61,0.998,True,1,26955.0,33.41708542713568,ANTICIPATION
JUBLFOOD,Consumer Services,midcap150,44.43,0.984,True,1,484.5499877929688,31.809045226130657,ANTICIPATION
WHIRLPOOL,Consumer Durables,smallcap250,225.91,0.984,True,1,918.9000244140624,31.809045226130657,WATCH
ISGEC,Construction,nse_gap,7.22,0.983,True,1,890.5499877929688,31.457286432160803,ANTICIPATION
LUPIN,Healthcare,midcap150,142.39,0.983,True,1,2092.0,31.457286432160803,ANTICIPATION
GMDCLTD,Metals & Mining,smallcap250,52.23,0.982,True,1,538.0,31.206030150753765,WATCH
JUNIPER,Consumer Services,nse_gap,4.59,0.973,True,1,216.2899932861328,30.452261306532662,WATCH
MAHSCOOTER,Financial Services,microcap250,4.67,0.958,True,1,13052.0,28.241206030150757,WATCH
NATCOPHARM,Healthcare,smallcap250,33.55,0.957,True,1,839.2999877929688,27.939698492462313,WATCH
NTPCGREEN,Power,midcap150,25.71,0.956,True,1,93.47000122070312,27.839195979899493,ANTICIPATION
JMFINANCIL,Financial Services,smallcap250,30.72,0.951,True,1,127.68000030517578,26.733668341708544,WATCH
SARDAEN,Metals & Mining,smallcap250,32.01,0.951,True,1,493.1499938964844,26.733668341708544,ANTICIPATION
ASTRAL,Capital Goods,midcap150,172.67,0.944,True,1,1399.0,25.628140703517587,ANTICIPATION
GMRP&UI,Power,microcap250,18.31,0.943,True,1,102.68000030517578,25.42713567839196,ANTICIPATION
WONDERLA,Consumer Services,nse_gap,3.15,0.935,True,1,510.1499938964844,23.71859296482412,ANTICIPATION
VGUARD,Consumer Durables,microcap250,16.46,0.911,True,1,304.3500061035156,19.34673366834171,ANTICIPATION
SUPREMEIND,Capital Goods,midcap150,61.51,0.904,True,1,3550.0,18.592964824120603,ANTICIPATION
RENUKA,Fast Moving Consumer Goods,microcap250,37.98,0.891,True,1,23.309999465942383,16.934673366834172,WATCH
KAYNES,Capital Goods,smallcap250,386.6,0.845,True,1,3650.0,10.854271356783919,WATCH
WAAREEENER,Capital Goods,midcap150,149.76,0.778,True,1,2495.0,4.974874371859297,WATCH
