symbol,company,industry,index_source,market_cap_cr_at_add,turnover_cr_at_add
METROBRAND,Metro Brands Limited,,nse_gap,24874.0,2.76
KIOCL,KIOCL Limited,,nse_gap,23587.0,3.5
HATSUN,Hatsun Agro Product Limited,,nse_gap,21934.0,5.49
LMW,LMW Limited,,nse_gap,20853.0,8.88
ASTRAZEN,AstraZeneca Pharma India Limited,,nse_gap,18950.0,5.36
BASF,BASF India Limited,,nse_gap,17057.0,8.11
PSB,Punjab & Sind Bank,,nse_gap,16866.0,2.33
FINEORG,Fine Organic Industries Limited,,nse_gap,15711.0,13.32
INGERRAND,Ingersoll Rand (India) Limited,,nse_gap,14713.0,9.1
VENTIVE,Ventive Hospitality Limited,,nse_gap,13851.0,1.18
VINATIORGA,Vinati Organics Limited,,nse_gap,13781.0,4.26
JSWHL,JSW Holdings Limited,,nse_gap,12531.0,3.5
SHREEJISPG,Shreeji Shipping Global Limited,,nse_gap,10646.0,49.98
PGHL,Procter & Gamble Health Limited,,nse_gap,9639.0,6.25
ESABINDIA,Esab India Limited,,nse_gap,9507.0,2.5
GENUSPOWER,Genus Power Infrastructures Limited,,nse_gap,9330.0,52.68
VESUVIUS,Vesuvius India Limited,,nse_gap,8772.0,2.92
GRINFRA,G R Infraprojects Limited,,nse_gap,8453.0,1.66
GALAXYSURF,Galaxy Surfactants Limited,,nse_gap,8208.0,4.87
SJS,S.J.S. Enterprises Limited,,nse_gap,8111.0,38.33
TTKPRESTIG,TTK Prestige Limited,,nse_gap,8104.0,3.84
MAHLIFE,Mahindra Lifespace Developers Limited,,nse_gap,8067.0,3.64
GARFIBRES,Garware Technical Fibres Limited,,nse_gap,7967.0,3.94
PRECWIRE,Precision Wires India Limited,,nse_gap,7895.0,29.37
KINGFA,Kingfa Science & Technology (India) Limited,,nse_gap,7878.0,7.28
HNDFDS,Hindustan Foods Limited,,nse_gap,7813.0,5.42
UNIMECH,Unimech Aerospace and Manufacturing Limited,,nse_gap,7712.0,24.67
SANOFI,Sanofi India Limited,,nse_gap,7552.0,5.81
TIIL,Technocraft Industries (India) Limited,,nse_gap,7463.0,12.53
MBAPL,Madhya Bharat Agro Products Limited,,nse_gap,7427.0,10.38
SUPRAJIT,Suprajit Engineering Limited,,nse_gap,6933.0,4.67
TCI,Transport Corporation of India Limited,,nse_gap,6911.0,1.42
GANESHHOU,GANESH HOUSING LIMITED,,nse_gap,6900.0,1.74
DODLA,Dodla Dairy Limited,,nse_gap,6874.0,2.29
AJAXENGG,Ajax Engineering Limited,,nse_gap,6533.0,2.94
GREENLAM,Greenlam Industries Limited,,nse_gap,6455.0,2.07
PAISALO,Paisalo Digital Limited,,nse_gap,6382.0,47.45
SUNFLAG,Sunflag Iron And Steel Company Limited,,nse_gap,6380.0,5.61
BAJAJCON,Bajaj Consumer Care Limited,,nse_gap,6306.0,38.19
INNOVACAP,Innova Captab Limited,,nse_gap,6229.0,5.69
SENORES,Senores Pharmaceuticals Limited,,nse_gap,6183.0,25.56
STYLAMIND,Stylam Industries Limited,,nse_gap,6111.0,10.54
AEROFLEX,Aeroflex Industries Limited,,nse_gap,6093.0,50.44
ITDC,India Tourism Development Corporation Limited,,nse_gap,6019.0,7.32
EBGNG,GNG Electronics Limited,,nse_gap,5993.0,29.43
SIS,SIS LIMITED,,nse_gap,5990.0,8.01
KRISHANA,Krishana Phoschem Limited,,nse_gap,5894.0,10.87
KALPATARU,Kalpataru Limited,,nse_gap,5848.0,1.38
GULFOILLUB,Gulf Oil Lubricants India Limited,,nse_gap,5726.0,7.03
SBCL,Shivalik Bimetal Controls Limited,,nse_gap,5722.0,32.75
FDC,FDC Limited,,nse_gap,5676.0,5.35
GOLDIAM,Goldiam International Limited,,nse_gap,5614.0,21.78
ISGEC,Isgec Heavy Engineering Limited,,nse_gap,5552.0,3.72
MASFIN,MAS Financial Services Limited,,nse_gap,5489.0,4.12
CEIGALL,Ceigall India Limited,,nse_gap,5441.0,14.58
LUMAXIND,Lumax Industries Limited,,nse_gap,5282.0,12.18
VADILALIND,Vadilal Industries Limited,,nse_gap,5270.0,15.61
SHARDAMOTR,Sharda Motor Industries Limited,,nse_gap,5242.0,3.99
PDSL,PDS Limited,,nse_gap,5230.0,3.18
VRLLOG,VRL Logistics Limited,,nse_gap,5196.0,5.5
CARERATING,CARE Ratings Limited,,nse_gap,5155.0,8.36
BAJAJHIND,Bajaj Hindusthan Sugar Limited,,nse_gap,5152.0,63.29
LGBBROSLTD,LG Balakrishnan & Bros Limited,,nse_gap,5131.0,3.87
ICRA,ICRA Limited,,nse_gap,5082.0,18.2
BANSALWIRE,Bansal Wire Industries Limited,,nse_gap,5046.0,2.1
GUJALKALI,Gujarat Alkalies and Chemicals Limited,,nse_gap,5025.0,5.59
CENTUM,Centum Electronics Limited,,nse_gap,5015.0,15.83
ARTEMISMED,Artemis Medicare Services Limited,,nse_gap,4928.0,7.89
SSWL,Steel Strips Wheels Limited,,nse_gap,4921.0,16.14
KDDL,KDDL Limited,,nse_gap,4911.0,11.58
SOTL,Savita Oil Technologies Limited,,nse_gap,4812.0,17.28
ROLEXRINGS,Rolex Rings Limited,,nse_gap,4810.0,36.24
RUSTOMJEE,Keystone Realtors Limited,,nse_gap,4778.0,1.18
JUNIPER,Juniper Hotels Limited,,nse_gap,4674.0,4.46
BOSCH-HCIL,BOSCH HOME COMFORT INDIA LIMITED,,nse_gap,4673.0,11.11
EPIGRAL,Epigral Limited,,nse_gap,4629.0,5.51
MANINDS,Man Industries (India) Limited,,nse_gap,4628.0,37.59
AGI,AGI Greenpac Limited,,nse_gap,4594.0,6.9
SGFIN,SG Finserve Limited,,nse_gap,4576.0,15.25
NRBBEARING,NRB Bearing Limited,,nse_gap,4567.0,15.19
EMUDHRA,eMudhra Limited,,nse_gap,4482.0,6.74
HIRECT,Hirect Limited,,nse_gap,4480.0,7.59
GUJTHEM,Gujarat Themis Biosyn Limited,,nse_gap,4478.0,6.81
NORTHARC,Northern Arc Capital Limited,,nse_gap,4474.0,18.01
MHRIL,Mahindra Holidays & Resorts India Limited,,nse_gap,4472.0,1.9
RAMRAT,Ram Ratna Wires Limited,,nse_gap,4454.0,13.32
SHOPERSTOP,Shoppers Stop Limited,,nse_gap,4395.0,1.6
DHANUKA,Dhanuka Agritech Limited,,nse_gap,4377.0,1.96
GOODLUCK,Goodluck India Limited,,nse_gap,4373.0,31.25
RPGLIFE,RPG Life Sciences Limited,,nse_gap,4361.0,2.56
GUFICBIO,Gufic Biosciences Limited,,nse_gap,4327.0,4.14
SWARAJENG,Swaraj Engines Limited,,nse_gap,4320.0,1.81
VISHNU,Vishnu Chemicals Limited,,nse_gap,4249.0,5.28
SYMPHONY,Symphony Limited,,nse_gap,4206.0,3.39
INDOSTAR,IndoStar Capital Finance Limited,,nse_gap,4201.0,2.76
SANGHVIMOV,Sanghvi Movers Limited,,nse_gap,4200.0,18.2
AVANTEL,Avantel Limited,,nse_gap,4172.0,9.86
KOLTEPATIL,Kolte - Patil Developers Limited,,nse_gap,4155.0,5.4
FOSECOIND,Foseco India Limited,,nse_gap,4138.0,3.55
RESPONIND,Responsive Industries Limited,,nse_gap,4132.0,1.3
RAYMOND,Raymond Limited,,nse_gap,4094.0,28.8
WSTCSTPAPR,West Coast Paper Mills Limited,,nse_gap,4084.0,10.03
MAHLOG,Mahindra Logistics Limited,,nse_gap,4081.0,5.5
ROSSTECH,Rossell Techsys Limited,,nse_gap,4047.0,21.5
TFCILTD,Tourism Finance Corporation of India Limited,,nse_gap,4040.0,156.43
MOSCHIP,Moschip Technologies Limited,,nse_gap,4026.0,23.27
SEAMECLTD,Seamec Limited,,nse_gap,4016.0,12.5
HARSHA,Harsha Engineers International Limited,,nse_gap,3984.0,5.46
PITTIENG,Pitti Engineering Limited,,nse_gap,3962.0,9.39
NACLIND,NACL Industries Limited,,nse_gap,3914.0,6.69
MANINFRA,Man Infraconstruction Limited,,nse_gap,3903.0,25.24
ORIENTELEC,Orient Electric Limited,,nse_gap,3885.0,3.46
RAYMONDREL,Raymond Realty Limited,,nse_gap,3847.0,18.89
JKIL,J.Kumar Infraprojects Limited,,nse_gap,3831.0,3.52
KIRLOSIND,Kirloskar Industries Limited,,nse_gap,3825.0,1.54
SANATHAN,Sanathan Textiles Limited,,nse_gap,3823.0,1.99
KSL,Kalyani Steels Limited,,nse_gap,3810.0,3.9
SANDHAR,Sandhar Technologies Limited,,nse_gap,3803.0,12.13
AGIIL,Agi Infra Limited,,nse_gap,3787.0,24.96
VSTTILLERS,V.S.T Tillers Tractors Limited,,nse_gap,3776.0,2.97
ZOTA,Zota Health Care LImited,,nse_gap,3766.0,5.79
DIVGIITTS,Divgi Torqtransfer Systems Limited,,nse_gap,3725.0,13.32
POLYPLEX,Polyplex Corporation Limited,,nse_gap,3712.0,6.63
UNICHEMLAB,Unichem Laboratories Limited,,nse_gap,3704.0,4.8
ASHIANA,Ashiana Housing Limited,,nse_gap,3691.0,1.39
UNIPARTS,Uniparts India Limited,,nse_gap,3684.0,14.93
POCL,Pondy Oxides & Chemicals Limited,,nse_gap,3674.0,19.25
DBCORP,D.B.Corp Limited,,nse_gap,3672.0,1.48
PSPPROJECT,PSP Projects Limited,,nse_gap,3668.0,4.83
LUXIND,Lux Industries Limited,,nse_gap,3664.0,2.41
HEIDELBERG,HeidelbergCement India Limited,,nse_gap,3655.0,1.32
BHAGCHEM,Bhagiradha Chemicals & Industries Limited,,nse_gap,3649.0,2.11
63MOONS,63 moons technologies limited,,nse_gap,3623.0,20.99
VSTIND,VST Industries Limited,,nse_gap,3613.0,2.63
STEELCAS,Steelcast Limited,,nse_gap,3603.0,3.1
TCPLPACK,TCPL Packaging Limited,,nse_gap,3593.0,2.25
GREENPLY,Greenply Industries Limited,,nse_gap,3583.0,2.38
SAMBHV,Sambhv Steel Tubes Limited,,nse_gap,3566.0,13.53
MUTHOOTMF,Muthoot Microfin Limited,,nse_gap,3541.0,8.65
GOPAL,Gopal Snacks Limited,,nse_gap,3519.0,4.48
JTEKTINDIA,Jtekt India Limited,,nse_gap,3513.0,1.76
WHEELS,Wheels India Limited,,nse_gap,3484.0,12.23
INDRAMEDCO,Indraprastha Medical Corporation Limited,,nse_gap,3389.0,6.08
VSSL,Vardhman Special Steels Limited,,nse_gap,3372.0,4.09
SMSPHARMA,SMS Pharmaceuticals Limited,,nse_gap,3370.0,5.01
CARYSIL,CARYSIL LIMITED,,nse_gap,3352.0,7.85
NPST,Network People Services Technologies Limited,,nse_gap,3337.0,5.54
RELTD,Ravindra Energy Limited,,nse_gap,3328.0,2.78
NITINSPIN,Nitin Spinners Limited,,nse_gap,3308.0,5.7
WONDERLA,Wonderla Holidays Limited,,nse_gap,3295.0,6.0
JUBLCPL,Jubilant Agri and Consumer Products Limited,,nse_gap,3282.0,1.19
MAYURUNIQ,Mayur Uniquoters Ltd,,nse_gap,3270.0,6.49
DREDGECORP,Dredging Corporation of India Limited,,nse_gap,3264.0,12.3
MMFL,MM Forgings Limited,,nse_gap,3258.0,10.76
WINDMACHIN,Windsor Machines Limited,,nse_gap,3255.0,1.86
VENUSPIPES,Venus Pipes & Tubes Limited,,nse_gap,3244.0,15.66
KKCL,Kewal Kiran Clothing Limited,,nse_gap,3189.0,1.67
NIITMTS,NIIT Learning Systems Limited,,nse_gap,3158.0,2.57
APCOTEXIND,Apcotex Industries Limited,,nse_gap,3148.0,9.11
FUSION,Fusion Finance Limited,,nse_gap,3148.0,11.87
PRINCEPIPE,Prince Pipes And Fittings Limited,,nse_gap,3132.0,4.73
BEPL,Bhansali Engineering Polymers Limited,,nse_gap,3075.0,18.36
ARVSMART,Arvind SmartSpaces Limited,,nse_gap,3061.0,4.85
MONARCH,Monarch Networth Capital Limited,,nse_gap,3057.0,3.64
BOROLTD,Borosil Limited,,nse_gap,3053.0,2.48
RML,Rane (Madras) Limited,,nse_gap,3043.0,2.6
BALMLAWRIE,Balmer Lawrie & Company Limited,,nse_gap,2998.0,1.62
JASH,Jash Engineering Limited,,nse_gap,2986.0,3.56
PANAMAPET,Panama Petrochem Limited,,nse_gap,2984.0,15.16
RAMCOIND,Ramco Industries Limited,,nse_gap,2975.0,4.94
NSIL,Nalwa Sons Investments Limited,,nse_gap,2970.0,1.07
NAVNETEDUL,Navneet Education Limited,,nse_gap,2955.0,1.73
ADFFOODS,ADF Foods Limited,,nse_gap,2940.0,2.93
CARRARO,Carraro India Limited,,nse_gap,2934.0,6.73
INTERARCH,Interarch Building Solutions Limited,,nse_gap,2912.0,9.32
GANECOS,Ganesha Ecosphere Limited,,nse_gap,2894.0,7.17
DDEVPLSTIK,Ddev Plastiks Industries Limited,,nse_gap,2875.0,2.86
MANGLMCEM,Mangalam Cement Limited,,nse_gap,2863.0,3.64
RPSGVENT,RPSG VENTURES LIMITED,,nse_gap,2862.0,1.94
GLOBUSSPR,Globus Spirits Limited,,nse_gap,2861.0,6.27
SANGAMIND,Sangam (India) Limited,,nse_gap,2859.0,1.26
BLSE,BLS E-Services Limited,,nse_gap,2855.0,12.5
MAITHANALL,Maithan Alloys Limited,,nse_gap,2844.0,3.07
CHEMPLASTS,Chemplast Sanmar Limited,,nse_gap,2844.0,4.46
RSYSTEMS,R Systems International Limited,,nse_gap,2836.0,4.82
EFCIL,EFC (I) Limited,,nse_gap,2835.0,5.8
PRABHA,Prabha Energy Limited,,nse_gap,2822.0,1.72
DIAMONDYD,Prataap Snacks Limited,,nse_gap,2817.0,2.09
ANTELOPUS,Antelopus Selan Energy Limited,,nse_gap,2809.0,10.34
POKARNA,Pokarna Limited,,nse_gap,2783.0,3.97
ROSSARI,Rossari Biotech Limited,,nse_gap,2779.0,2.52
NILKAMAL,Nilkamal Limited,,nse_gap,2775.0,9.86
ORISSAMINE,The Orissa Minerals Development Company Limited,,nse_gap,2770.0,4.57
SIYSIL,Siyaram Silk Mills Limited,,nse_gap,2751.0,3.1
KIRIINDUS,Kiri Industries Limited,,nse_gap,2742.0,39.35
ADOR,Ador Welding Limited,,nse_gap,2730.0,5.73
VIMTALABS,Vimta Labs Limited,,nse_gap,2730.0,10.47
DCAL,Dishman Carbogen Amcis Limited,,nse_gap,2721.0,4.43
MUFIN,Mufin Green Finance Limited,,nse_gap,2714.0,11.95
NOCIL,NOCIL Limited,,nse_gap,2704.0,7.06
MEDIASSIST,Medi Assist Healthcare Services Limited,,nse_gap,2695.0,5.44
XPROINDIA,Xpro India Limited,,nse_gap,2680.0,8.72
GIPCL,Gujarat Industries Power Company Limited,,nse_gap,2680.0,9.72
SPORTKING,Sportking India Limited,,nse_gap,2675.0,8.68
FLAIR,Flair Writing Industries Limited,,nse_gap,2661.0,1.75
PARAGMILK,Parag Milk Foods Limited,,nse_gap,2652.0,16.93
TALBROAUTO,Talbros Automotive Components Limited,,nse_gap,2629.0,6.04
HIKAL,Hikal Limited,,nse_gap,2626.0,4.75
BBL,Bharat Bijlee Limited,,nse_gap,2624.0,5.64
SOLARA,Solara Active Pharma Sciences Limited,,nse_gap,2622.0,11.09
RISHABH,Rishabh Instruments Limited,,nse_gap,2620.0,13.03
RAMKY,Ramky Infrastructure Limited,,nse_gap,2619.0,1.24
TASTYBITE,Tasty Bite Eatables Limited,,nse_gap,2601.0,3.49
RAJRATAN,Rajratan Global Wire Limited,,nse_gap,2584.0,3.84
HUBTOWN,Hubtown Limited,,nse_gap,2575.0,6.38
VEEDOL,Veedol Corporation Limited,,nse_gap,2561.0,1.46
ALEMBICLTD,Alembic Limited,,nse_gap,2536.0,3.81
EVEREADY,Eveready Industries India Limited,,nse_gap,2536.0,2.6
SATIN,Satin Creditcare Network Limited,,nse_gap,2519.0,6.5
PANACEABIO,Panacea Biotec Limited,,nse_gap,2511.0,6.01
PARKHOTELS,Apeejay Surrendra Park Hotels Limited,,nse_gap,2502.0,1.37
INDNIPPON,India Nippon Electricals Limited,,nse_gap,2501.0,2.24
SILVERTUC,Silver Touch Technologies Limited,,nse_gap,2498.0,9.4
COSMOFIRST,COSMO FIRST LIMITED,,nse_gap,2490.0,9.19
ORIENTHOT,Oriental Hotels Limited,,nse_gap,2477.0,4.9
STOVEKRAFT,Stove Kraft Limited,,nse_gap,2456.0,10.18
SUNDROP,Sundrop Brands Limited,,nse_gap,2438.0,1.13
ARKADE,Arkade Developers Limited,,nse_gap,2432.0,4.58
APOLLOPIPE,Apollo Pipes Limited,,nse_gap,2428.0,21.29
SIRCA,Sirca Paints India Limited,,nse_gap,2422.0,19.74
PIXTRANS,Pix Transmissions Limited,,nse_gap,2407.0,2.32
SPAL,S. P. Apparels Limited,,nse_gap,2404.0,7.4
JGCHEM,J.G.Chemicals Limited,,nse_gap,2383.0,20.66
MARATHON,Marathon Nextgen Realty Limited,,nse_gap,2376.0,3.81
MOLDTKPAC,Mold-Tek Packaging Limited,,nse_gap,2356.0,4.42
NELCO,NELCO Limited,,nse_gap,2338.0,29.08
AJMERA,Ajmera Realty & Infra India Limited,,nse_gap,2321.0,2.64
BOMDYEING,Bombay Dyeing & Mfg Company Limited,,nse_gap,2306.0,5.82
PRAKASH,Prakash Industries Limited,,nse_gap,2303.0,3.48
RANEHOLDIN,Rane Holdings Limited,,nse_gap,2291.0,2.24
VERANDA,Veranda Learning Solutions Limited,,nse_gap,2272.0,6.36
REPCOHOME,Repco Home Finance Limited,,nse_gap,2246.0,3.56
PROTEAN,Protean eGov Technologies Limited,,nse_gap,2232.0,12.44
KCP,KCP Limited,,nse_gap,2226.0,2.65
TAJGVK,Taj GVK Hotels & Resorts Limited,,nse_gap,2197.0,2.35
BAJEL,Bajel Projects Limited,,nse_gap,2181.0,2.92
SHK,S H Kelkar and Company Limited,,nse_gap,2179.0,6.85
EMSLIMITED,EMS Limited,,nse_gap,2177.0,7.32
HLEGLAS,HLE Glascoat Limited,,nse_gap,2177.0,5.95
THEJO,Thejo Engineering Limited,,nse_gap,2164.0,1.44
SAKSOFT,Saksoft Limited,,nse_gap,2161.0,5.78
VINCOFE,Vintage Coffee And Beverages Limited,,nse_gap,2160.0,33.51
PENIND,Pennar Industries Limited,,nse_gap,2152.0,5.75
SOMANYCERA,Somany Ceramics Limited,,nse_gap,2133.0,8.76
VENKEYS,Venky's (India) Limited,,nse_gap,2131.0,8.2
SANSTAR,Sanstar Limited,,nse_gap,2119.0,1.72
BHARATRAS,Bharat Rasayan Limited,,nse_gap,2116.0,1.29
LANDMARK,Landmark Cars Limited,,nse_gap,2102.0,6.68
CAMLINFINE,Camlin Fine Sciences Limited,,nse_gap,2080.0,6.93
TCIEXP,TCI Express Limited,,nse_gap,2077.0,1.94
INDIANHUME,Indian Hume Pipe Company Limited,,nse_gap,2065.0,1.16
HINDOILEXP,Hindustan Oil Exploration Company Limited,,nse_gap,2056.0,6.87
WINDLAS,Windlas Biotech Limited,,nse_gap,2050.0,7.71
CANTABIL,Cantabil Retail India Limited,,nse_gap,2048.0,2.6
ARMANFIN,Arman Financial Services Limited,,nse_gap,2046.0,6.65
HPL,HPL Electric & Power Limited,,nse_gap,2041.0,2.45
SHANTIGOLD,Shanti Gold International Limited,,nse_gap,2035.0,37.88
INDOCO,Indoco Remedies Limited,,nse_gap,2013.0,1.95
HESTERBIO,Hester Biosciences Limited,,nse_gap,2012.0,1.11
GMBREW,GM Breweries Limited,,nse_gap,2010.0,1.71
SIMPLEXINF,Simplex Infrastructures Limited,,nse_gap,1999.0,1.66
EPACK,EPACK Durable Limited,,nse_gap,1989.0,8.14
HUHTAMAKI,Huhtamaki India Limited,,nse_gap,1983.0,3.77
GREENPANEL,Greenpanel Industries Limited,,nse_gap,1974.0,4.04
GOCLCORP,GOCL Corporation Limited,,nse_gap,1965.0,1.73
BFUTILITIE,BF Utilities Limited,,nse_gap,1961.0,1.98
DCXINDIA,DCX Systems Limited,,nse_gap,1950.0,5.81
SPANDANA,Spandana Sphoorty Financial Limited,,nse_gap,1937.0,3.12
NUCLEUS,Nucleus Software Exports Limited,,nse_gap,1927.0,1.91
LAOPALA,La Opala RG Limited,,nse_gap,1922.0,3.56
TEAMLEASE,Teamlease Services Limited,,nse_gap,1903.0,1.91
ASIANENE,Asian Energy Services Limited,,nse_gap,1895.0,21.93
TINNARUBR,Tinna Rubber and Infrastructure Limited,,nse_gap,1881.0,5.66
TARSONS,Tarsons Products Limited,,nse_gap,1835.0,5.25
KRSNAA,Krsnaa Diagnostics Limited,,nse_gap,1822.0,4.17
GOCOLORS,Go Fashion (India) Limited,,nse_gap,1795.0,4.38
YATRA,Yatra Online Limited,,nse_gap,1793.0,11.15
RICOAUTO,Rico Auto Industries Limited,,nse_gap,1786.0,20.8
RACLGEAR,RACL Geartech Limited,,nse_gap,1782.0,4.53
5PAISA,5Paisa Capital Limited,,nse_gap,1772.0,1.57
TIRUMALCHM,Thirumalai Chemicals Limited,,nse_gap,1771.0,9.6
KPEL,K.P. Energy Limited,,nse_gap,1770.0,7.3
NDRAUTO,Ndr Auto Components Limited,,nse_gap,1760.0,1.5
CAPACITE,Capacit'e Infraprojects Limited,,nse_gap,1747.0,7.8
GARUDA,Garuda Construction and Engineering Limited,,nse_gap,1712.0,8.1
JINDRILL,Jindal Drilling And Industries Limited,,nse_gap,1690.0,13.19
BFINVEST,BF Investment Limited,,nse_gap,1683.0,1.34
INSECTICID,Insecticides (India) Limited,,nse_gap,1678.0,1.27
SURAKSHA,Suraksha Diagnostic Limited,,nse_gap,1644.0,4.34
AURUM,Aurum PropTech Limited,,nse_gap,1643.0,2.87
SPMLINFRA,SPML Infra Limited,,nse_gap,1637.0,3.38
WENDT,Wendt (India) Limited,,nse_gap,1636.0,4.18
HINDWAREAP,Hindware Home Innovation Limited,,nse_gap,1635.0,1.89
IPL,India Pesticides Limited,,nse_gap,1621.0,1.29
SURYODAY,Suryoday Small Finance Bank Limited,,nse_gap,1600.0,7.03
MOBIKWIK,One Mobikwik Systems Limited,,nse_gap,1600.0,14.34
JAGSNPHARM,Jagsonpal Pharmaceuticals Limited,,nse_gap,1576.0,2.12
CLSEL,Chaman Lal Setia Exports Limited,,nse_gap,1570.0,2.56
MBEL,M & B Engineering Limited,,nse_gap,1565.0,3.23
TTKHLTCARE,TTK Healthcare Limited,,nse_gap,1558.0,2.98
DOLLAR,Dollar Industries Limited,,nse_gap,1549.0,2.23
DLINKINDIA,D-Link (India) Limited,,nse_gap,1547.0,3.62
INFOBEAN,InfoBeans Technologies Limited,,nse_gap,1527.0,3.12
IGPL,IG Petrochemicals Limited,,nse_gap,1524.0,4.13
AMRUTANJAN,Amrutanjan Health Care Limited,,nse_gap,1518.0,3.06
IKIO,IKIO Technologies Limited,,nse_gap,1506.0,3.38
DIFFNKG,Diffusion Engineers Limited,,nse_gap,1502.0,5.94
AYMSYNTEX,AYM Syntex Limited,,nse_gap,1493.0,1.12
ASALCBR,Associated Alcohols & Breweries Ltd.,,nse_gap,1451.0,1.69
BHARATSE,Bharat Seats Limited,,nse_gap,1444.0,5.55
GPTINFRA,GPT Infraprojects Limited,,nse_gap,1441.0,1.07
UDS,Updater Services Limited,,nse_gap,1419.0,6.53
SIGNPOST,Signpost India Limited,,nse_gap,1415.0,1.32
SHREEPUSHK,Shree Pushkar Chemicals & Fertilisers Limited,,nse_gap,1412.0,1.9
RGL,Renaissance Global Limited,,nse_gap,1409.0,8.93
IZMO,IZMO Limited,,nse_gap,1406.0,8.84
TEXINFRA,Texmaco Infrastructure & Holdings Limited,,nse_gap,1402.0,1.15
GALAPREC,Gala Precision Engineering Limited,,nse_gap,1396.0,3.62
ATULAUTO,Atul Auto Limited,,nse_gap,1365.0,6.84
EXPLEOSOL,Expleo Solutions Limited,,nse_gap,1362.0,2.54
INDOBORAX,Indo Borax & Chemicals Limited,,nse_gap,1353.0,7.19
QUADFUTURE,Quadrant Future Tek Limited,,nse_gap,1348.0,10.76
IGARASHI,Igarashi Motors India Limited,,nse_gap,1346.0,2.48
ANDHRSUGAR,The Andhra Sugars Limited,,nse_gap,1340.0,6.11
MANAKCOAT,Manaksia Coated Metals & Industries Limited,,nse_gap,1337.0,4.3
ASTEC,Astec LifeSciences Limited,,nse_gap,1319.0,1.55
KROSS,Kross Limited,,nse_gap,1305.0,6.2
ALLTIME,All Time Plastics Limited,,nse_gap,1302.0,1.62
BHARATWIRE,Bharat Wire Ropes Limited,,nse_gap,1277.0,2.44
EKC,Everest Kanto Cylinder Limited,,nse_gap,1260.0,1.42
EIMCOELECO,Eimco Elecon (India) Limited,,nse_gap,1260.0,6.13
GODAVARIB,Godavari Biorefineries Limited,,nse_gap,1250.0,3.02
APEX,Apex Frozen Foods Limited,,nse_gap,1249.0,4.98
CENTENKA,Century Enka Limited,,nse_gap,1244.0,3.17
PRECAM,Precision Camshafts Limited,,nse_gap,1241.0,1.52
GPTHEALTH,GPT Healthcare Limited,,nse_gap,1236.0,1.38
UTTAMSUGAR,Uttam Sugar Mills Limited,,nse_gap,1233.0,10.77
SULA,Sula Vineyards Limited,,nse_gap,1231.0,4.03
LINCOLN,Lincoln Pharmaceuticals Limited,,nse_gap,1222.0,1.54
FINOPB,Fino Payments Bank Limited,,nse_gap,1214.0,4.78
RUPA,Rupa & Company Limited,,nse_gap,1208.0,1.24
MUNJALAU,Munjal Auto Industries Limited,,nse_gap,1205.0,5.2
GHCLTEXTIL,GHCL Textiles Limited,,nse_gap,1204.0,8.86
FAZE3Q,Faze Three Limited,,nse_gap,1198.0,1.11
RIIL,Reliance Industrial Infrastructure Limited,,nse_gap,1187.0,2.49
ALICON,Alicon Castalloy Limited,,nse_gap,1165.0,1.62
GULPOLY,Gulshan Polyols Limited,,nse_gap,1165.0,4.76
THEMISMED,Themis Medicare Limited,,nse_gap,1163.0,1.17
BIRLANU,BirlaNu Limited,,nse_gap,1157.0,1.37
IRMENERGY,IRM Energy Limited,,nse_gap,1146.0,2.4
MONTECARLO,Monte Carlo Fashions Limited,,nse_gap,1145.0,2.97
PLATIND,Platinum Industries Limited,,nse_gap,1140.0,1.39
ICEMAKE,Ice Make Refrigeration Limited,,nse_gap,1139.0,1.4
ORIENTTECH,Orient Technologies Limited,,nse_gap,1128.0,3.56
AWHCL,Antony Waste Handling Cell Limited,,nse_gap,1090.0,2.95
TNPETRO,Tamilnadu PetroProducts Limited,,nse_gap,1090.0,5.46
ARIS,Arisinfra Solutions Limited,,nse_gap,1083.0,21.04
BAJAJHCARE,Bajaj Healthcare Limited,,nse_gap,1081.0,2.39
HARIOMPIPE,Hariom Pipe Industries Limited,,nse_gap,1079.0,3.51
NAHARSPING,Nahar Spinning Mills Limited,,nse_gap,1075.0,1.12
SRM,SRM Contractors Limited,,nse_gap,1073.0,4.57
MATRIMONY,Matrimony.Com Limited,,nse_gap,1067.0,1.07
LAXMIDENTL,Laxmi Dental Limited,,nse_gap,1059.0,2.34
KOPRAN,Kopran Limited,,nse_gap,1050.0,22.23
MAMATA,Mamata Machinery Limited,,nse_gap,1034.0,2.8
DAMCAPITAL,Dam Capital Advisors Limited,,nse_gap,1021.0,3.13
NELCAST,Nelcast Limited,,nse_gap,1005.0,1.07
