symbol,industry,screener_sector,source_url,fetched_at
METROBRAND,Consumer Durables,Consumer Durables,https://www.screener.in/company/METROBRAND/consolidated/,2026-09-15T10:21:46
KIOCL,Metals & Mining,Metals & Mining,https://www.screener.in/company/KIOCL/,2026-09-15T10:21:48
HATSUN,Fast Moving Consumer Goods,Fast Moving Consumer Goods,https://www.screener.in/company/HATSUN/consolidated/,2026-09-15T10:21:50
LMW,Capital Goods,Capital Goods,https://www.screener.in/company/LMW/consolidated/,2026-09-15T10:21:52
ASTRAZEN,Healthcare,Healthcare,https://www.screener.in/company/ASTRAZEN/,2026-09-15T10:21:53
BASF,Chemicals,Chemicals,https://www.screener.in/company/BASF/consolidated/,2026-09-15T10:21:56
PSB,Financial Services,Financial Services,https://www.screener.in/company/PSB/,2026-09-15T10:21:58
FINEORG,Chemicals,Chemicals,https://www.screener.in/company/FINEORG/consolidated/,2026-09-15T10:22:00
INGERRAND,Capital Goods,Capital Goods,https://www.screener.in/company/INGERRAND/,2026-09-15T10:22:02
VENTIVE,Consumer Services,Consumer Services,https://www.screener.in/company/VENTIVE/consolidated/,2026-09-15T10:22:04
VINATIORGA,Chemicals,Chemicals,https://www.screener.in/company/VINATIORGA/consolidated/,2026-09-15T10:22:06
JSWHL,Financial Services,Financial Services,https://www.screener.in/company/JSWHL/consolidated/,2026-09-15T10:22:08
SHREEJISPG,Services,Services,https://www.screener.in/company/SHREEJISPG/consolidated/,2026-09-15T10:22:10
PGHL,Healthcare,Healthcare,https://www.screener.in/company/PGHL/,2026-09-15T10:22:12
ESABINDIA,Capital Goods,Capital Goods,https://www.screener.in/company/ESABINDIA/consolidated/,2026-09-15T10:22:14
GENUSPOWER,Capital Goods,Capital Goods,https://www.screener.in/company/GENUSPOWER/consolidated/,2026-09-15T10:22:16
VESUVIUS,Capital Goods,Capital Goods,https://www.screener.in/company/VESUVIUS/,2026-09-15T10:22:18
GRINFRA,Construction,Construction,https://www.screener.in/company/GRINFRA/consolidated/,2026-09-15T10:22:20
GALAXYSURF,Chemicals,Chemicals,https://www.screener.in/company/GALAXYSURF/consolidated/,2026-09-15T10:22:22
SJS,Automobile and Auto Components,Automobile and Auto Components,https://www.screener.in/company/SJS/consolidated/,2026-09-15T10:22:24
TTKPRESTIG,Consumer Durables,Consumer Durables,https://www.screener.in/company/TTKPRESTIG/consolidated/,2026-09-15T10:22:26
MAHLIFE,Realty,Realty,https://www.screener.in/company/MAHLIFE/consolidated/,2026-09-15T10:22:27
GARFIBRES,Textiles,Textiles,https://www.screener.in/company/GARFIBRES/consolidated/,2026-09-15T10:22:29
PRECWIRE,Capital Goods,Capital Goods,https://www.screener.in/company/PRECWIRE/consolidated/,2026-09-15T10:22:31
KINGFA,Capital Goods,Capital Goods,https://www.screener.in/company/KINGFA/,2026-09-15T10:22:33
HNDFDS,Fast Moving Consumer Goods,Fast Moving Consumer Goods,https://www.screener.in/company/HNDFDS/consolidated/,2026-09-15T10:22:35
UNIMECH,Capital Goods,Capital Goods,https://www.screener.in/company/UNIMECH/consolidated/,2026-09-15T10:22:37
SANOFI,Healthcare,Healthcare,https://www.screener.in/company/SANOFI/consolidated/,2026-09-15T10:22:39
TIIL,Capital Goods,Capital Goods,https://www.screener.in/company/TIIL/consolidated/,2026-09-15T10:22:41
MBAPL,Chemicals,Chemicals,https://www.screener.in/company/MBAPL/,2026-09-15T10:22:43
SUPRAJIT,Automobile and Auto Components,Automobile and Auto Components,https://www.screener.in/company/SUPRAJIT/consolidated/,2026-09-15T10:22:45
TCI,Services,Services,https://www.screener.in/company/TCI/consolidated/,2026-09-15T10:22:47
GANESHHOU,Realty,Realty,https://www.screener.in/company/GANESHHOU/consolidated/,2026-09-15T10:22:49
DODLA,Fast Moving Consumer Goods,Fast Moving Consumer Goods,https://www.screener.in/company/DODLA/consolidated/,2026-09-15T10:22:51
AJAXENGG,Capital Goods,Capital Goods,https://www.screener.in/company/AJAXENGG/,2026-09-15T10:22:53
GREENLAM,Consumer Durables,Consumer Durables,https://www.screener.in/company/GREENLAM/consolidated/,2026-09-15T10:22:55
PAISALO,Financial Services,Financial Services,https://www.screener.in/company/PAISALO/consolidated/,2026-09-15T10:22:57
SUNFLAG,Capital Goods,Capital Goods,https://www.screener.in/company/SUNFLAG/consolidated/,2026-09-15T10:22:59
BAJAJCON,Fast Moving Consumer Goods,Fast Moving Consumer Goods,https://www.screener.in/company/BAJAJCON/consolidated/,2026-09-15T10:23:01
INNOVACAP,Healthcare,Healthcare,https://www.screener.in/company/INNOVACAP/consolidated/,2026-09-15T10:23:03
SENORES,Healthcare,Healthcare,https://www.screener.in/company/SENORES/consolidated/,2026-09-15T10:23:05
STYLAMIND,Consumer Durables,Consumer Durables,https://www.screener.in/company/STYLAMIND/consolidated/,2026-09-15T10:23:07
AEROFLEX,Capital Goods,Capital Goods,https://www.screener.in/company/AEROFLEX/consolidated/,2026-09-15T10:23:09
ITDC,Consumer Services,Consumer Services,https://www.screener.in/company/ITDC/consolidated/,2026-09-15T10:23:11
EBGNG,Information Technology,Information Technology,https://www.screener.in/company/EBGNG/consolidated/,2026-09-15T10:23:13
SIS,Consumer Services,Consumer Services,https://www.screener.in/company/SIS/consolidated/,2026-09-15T10:23:15
KRISHANA,Chemicals,Chemicals,https://www.screener.in/company/KRISHANA/,2026-09-15T10:23:17
KALPATARU,Realty,Realty,https://www.screener.in/company/KALPATARU/consolidated/,2026-09-15T10:23:19
GULFOILLUB,Oil Gas & Consumable Fuels,"Oil, Gas & Consumable Fuels",https://www.screener.in/company/GULFOILLUB/consolidated/,2026-09-15T10:23:21
SBCL,Capital Goods,Capital Goods,https://www.screener.in/company/SBCL/consolidated/,2026-09-15T10:23:23
FDC,Healthcare,Healthcare,https://www.screener.in/company/FDC/consolidated/,2026-09-15T10:23:25
GOLDIAM,Consumer Durables,Consumer Durables,https://www.screener.in/company/GOLDIAM/consolidated/,2026-09-15T10:23:27
ISGEC,Construction,Construction,https://www.screener.in/company/ISGEC/consolidated/,2026-09-15T10:23:29
MASFIN,Financial Services,Financial Services,https://www.screener.in/company/MASFIN/consolidated/,2026-09-15T10:23:31
CEIGALL,Construction,Construction,https://www.screener.in/company/CEIGALL/consolidated/,2026-09-15T10:23:33
LUMAXIND,Automobile and Auto Components,Automobile and Auto Components,https://www.screener.in/company/LUMAXIND/consolidated/,2026-09-15T10:23:35
VADILALIND,Fast Moving Consumer Goods,Fast Moving Consumer Goods,https://www.screener.in/company/VADILALIND/consolidated/,2026-09-15T10:23:37
SHARDAMOTR,Automobile and Auto Components,Automobile and Auto Components,https://www.screener.in/company/SHARDAMOTR/consolidated/,2026-09-15T10:23:39
PDSL,Textiles,Textiles,https://www.screener.in/company/PDSL/consolidated/,2026-09-15T10:23:41
VRLLOG,Services,Services,https://www.screener.in/company/VRLLOG/,2026-09-15T10:23:43
CARERATING,Financial Services,Financial Services,https://www.screener.in/company/CARERATING/consolidated/,2026-09-15T10:23:45
BAJAJHIND,Fast Moving Consumer Goods,Fast Moving Consumer Goods,https://www.screener.in/company/BAJAJHIND/consolidated/,2026-09-15T10:23:47
LGBBROSLTD,Automobile and Auto Components,Automobile and Auto Components,https://www.screener.in/company/LGBBROSLTD/consolidated/,2026-09-15T10:23:49
ICRA,Financial Services,Financial Services,https://www.screener.in/company/ICRA/consolidated/,2026-09-15T10:23:51
BANSALWIRE,Capital Goods,Capital Goods,https://www.screener.in/company/BANSALWIRE/consolidated/,2026-09-15T10:23:53
GUJALKALI,Chemicals,Chemicals,https://www.screener.in/company/GUJALKALI/consolidated/,2026-09-15T10:23:55
CENTUM,Capital Goods,Capital Goods,https://www.screener.in/company/CENTUM/consolidated/,2026-09-15T10:23:57
ARTEMISMED,Healthcare,Healthcare,https://www.screener.in/company/ARTEMISMED/consolidated/,2026-09-15T10:23:59
SSWL,Automobile and Auto Components,Automobile and Auto Components,https://www.screener.in/company/SSWL/consolidated/,2026-09-15T10:24:01
KDDL,Consumer Durables,Consumer Durables,https://www.screener.in/company/KDDL/consolidated/,2026-09-15T10:24:03
SOTL,Oil Gas & Consumable Fuels,"Oil, Gas & Consumable Fuels",https://www.screener.in/company/SOTL/consolidated/,2026-09-15T10:24:05
ROLEXRINGS,Automobile and Auto Components,Automobile and Auto Components,https://www.screener.in/company/ROLEXRINGS/,2026-09-15T10:24:07
RUSTOMJEE,Realty,Realty,https://www.screener.in/company/RUSTOMJEE/consolidated/,2026-09-15T10:24:09
JUNIPER,Consumer Services,Consumer Services,https://www.screener.in/company/JUNIPER/consolidated/,2026-09-15T10:24:11
BOSCH-HCIL,Consumer Durables,Consumer Durables,https://www.screener.in/company/BOSCH-HCIL/,2026-09-15T10:24:13
EPIGRAL,Chemicals,Chemicals,https://www.screener.in/company/EPIGRAL/consolidated/,2026-09-15T10:24:15
MANINDS,Capital Goods,Capital Goods,https://www.screener.in/company/MANINDS/consolidated/,2026-09-15T10:24:17
AGI,Capital Goods,Capital Goods,https://www.screener.in/company/AGI/consolidated/,2026-09-15T10:24:19
SGFIN,Financial Services,Financial Services,https://www.screener.in/company/SGFIN/consolidated/,2026-09-15T10:24:21
NRBBEARING,Automobile and Auto Components,Automobile and Auto Components,https://www.screener.in/company/NRBBEARING/consolidated/,2026-09-15T10:24:23
EMUDHRA,Information Technology,Information Technology,https://www.screener.in/company/EMUDHRA/consolidated/,2026-09-15T10:24:25
HIRECT,Capital Goods,Capital Goods,https://www.screener.in/company/HIRECT/consolidated/,2026-09-15T10:24:27
GUJTHEM,Healthcare,Healthcare,https://www.screener.in/company/GUJTHEM/,2026-09-15T10:24:29
NORTHARC,Financial Services,Financial Services,https://www.screener.in/company/NORTHARC/consolidated/,2026-09-15T10:24:31
MHRIL,Consumer Services,Consumer Services,https://www.screener.in/company/MHRIL/consolidated/,2026-09-15T10:24:33
RAMRAT,Capital Goods,Capital Goods,https://www.screener.in/company/RAMRAT/consolidated/,2026-09-15T10:24:35
SHOPERSTOP,Consumer Services,Consumer Services,https://www.screener.in/company/SHOPERSTOP/consolidated/,2026-09-15T10:24:36
DHANUKA,Chemicals,Chemicals,https://www.screener.in/company/DHANUKA/consolidated/,2026-09-15T10:24:38
GOODLUCK,Capital Goods,Capital Goods,https://www.screener.in/company/GOODLUCK/consolidated/,2026-09-15T10:24:41
RPGLIFE,Healthcare,Healthcare,https://www.screener.in/company/RPGLIFE/consolidated/,2026-09-15T10:24:43
GUFICBIO,Healthcare,Healthcare,https://www.screener.in/company/GUFICBIO/consolidated/,2026-09-15T10:24:44
SWARAJENG,Capital Goods,Capital Goods,https://www.screener.in/company/SWARAJENG/,2026-09-15T10:24:46
VISHNU,Chemicals,Chemicals,https://www.screener.in/company/VISHNU/consolidated/,2026-09-15T10:24:48
SYMPHONY,Consumer Durables,Consumer Durables,https://www.screener.in/company/SYMPHONY/consolidated/,2026-09-15T10:24:50
INDOSTAR,Financial Services,Financial Services,https://www.screener.in/company/INDOSTAR/consolidated/,2026-09-15T10:24:53
SANGHVIMOV,Services,Services,https://www.screener.in/company/SANGHVIMOV/consolidated/,2026-09-15T10:24:55
AVANTEL,Capital Goods,Capital Goods,https://www.screener.in/company/AVANTEL/consolidated/,2026-09-15T10:24:57
KOLTEPATIL,Realty,Realty,https://www.screener.in/company/KOLTEPATIL/consolidated/,2026-09-15T10:24:59
FOSECOIND,Chemicals,Chemicals,https://www.screener.in/company/FOSECOIND/consolidated/,2026-09-15T10:25:01
RESPONIND,Consumer Durables,Consumer Durables,https://www.screener.in/company/RESPONIND/consolidated/,2026-09-15T10:25:02
RAYMOND,Capital Goods,Capital Goods,https://www.screener.in/company/RAYMOND/consolidated/,2026-09-15T10:25:04
WSTCSTPAPR,Forest Materials,Forest Materials,https://www.screener.in/company/WSTCSTPAPR/consolidated/,2026-09-15T10:25:07
MAHLOG,Services,Services,https://www.screener.in/company/MAHLOG/consolidated/,2026-09-15T10:25:09
ROSSTECH,Capital Goods,Capital Goods,https://www.screener.in/company/ROSSTECH/consolidated/,2026-09-15T10:25:11
TFCILTD,Financial Services,Financial Services,https://www.screener.in/company/TFCILTD/consolidated/,2026-09-15T10:25:13
MOSCHIP,Information Technology,Information Technology,https://www.screener.in/company/MOSCHIP/consolidated/,2026-09-15T10:25:15
SEAMECLTD,Services,Services,https://www.screener.in/company/SEAMECLTD/consolidated/,2026-09-15T10:25:17
HARSHA,Capital Goods,Capital Goods,https://www.screener.in/company/HARSHA/consolidated/,2026-09-15T10:25:19
PITTIENG,Capital Goods,Capital Goods,https://www.screener.in/company/PITTIENG/consolidated/,2026-09-15T10:25:21
NACLIND,Chemicals,Chemicals,https://www.screener.in/company/NACLIND/consolidated/,2026-09-15T10:25:23
MANINFRA,Realty,Realty,https://www.screener.in/company/MANINFRA/consolidated/,2026-09-15T10:25:24
ORIENTELEC,Consumer Durables,Consumer Durables,https://www.screener.in/company/ORIENTELEC/,2026-09-15T10:25:26
RAYMONDREL,Realty,Realty,https://www.screener.in/company/RAYMONDREL/consolidated/,2026-09-15T10:25:28
JKIL,Construction,Construction,https://www.screener.in/company/JKIL/consolidated/,2026-09-15T10:25:30
KIRLOSIND,Capital Goods,Capital Goods,https://www.screener.in/company/KIRLOSIND/consolidated/,2026-09-15T10:25:32
SANATHAN,Textiles,Textiles,https://www.screener.in/company/SANATHAN/consolidated/,2026-09-15T10:25:34
KSL,Capital Goods,Capital Goods,https://www.screener.in/company/KSL/consolidated/,2026-09-15T10:25:36
SANDHAR,Automobile and Auto Components,Automobile and Auto Components,https://www.screener.in/company/SANDHAR/consolidated/,2026-09-15T10:25:38
AGIIL,Realty,Realty,https://www.screener.in/company/AGIIL/consolidated/,2026-09-15T10:25:40
VSTTILLERS,Capital Goods,Capital Goods,https://www.screener.in/company/VSTTILLERS/consolidated/,2026-09-15T10:25:42
ZOTA,Healthcare,Healthcare,https://www.screener.in/company/ZOTA/consolidated/,2026-09-15T10:25:45
DIVGIITTS,Automobile and Auto Components,Automobile and Auto Components,https://www.screener.in/company/DIVGIITTS/,2026-09-15T10:25:47
POLYPLEX,Capital Goods,Capital Goods,https://www.screener.in/company/POLYPLEX/consolidated/,2026-09-15T10:25:49
UNICHEMLAB,Healthcare,Healthcare,https://www.screener.in/company/UNICHEMLAB/consolidated/,2026-09-15T10:25:51
ASHIANA,Realty,Realty,https://www.screener.in/company/ASHIANA/consolidated/,2026-09-15T10:25:53
UNIPARTS,Automobile and Auto Components,Automobile and Auto Components,https://www.screener.in/company/UNIPARTS/consolidated/,2026-09-15T10:25:55
POCL,Metals & Mining,Metals & Mining,https://www.screener.in/company/POCL/consolidated/,2026-09-15T10:25:57
DBCORP,Media Entertainment & Publication,"Media, Entertainment & Publication",https://www.screener.in/company/DBCORP/consolidated/,2026-09-15T10:25:59
PSPPROJECT,Construction,Construction,https://www.screener.in/company/PSPPROJECT/consolidated/,2026-09-15T10:26:02
LUXIND,Textiles,Textiles,https://www.screener.in/company/LUXIND/consolidated/,2026-09-15T10:26:04
HEIDELBERG,Construction Materials,Construction Materials,https://www.screener.in/company/HEIDELBERG/,2026-09-15T10:26:06
BHAGCHEM,Chemicals,Chemicals,https://www.screener.in/company/BHAGCHEM/consolidated/,2026-09-15T10:26:08
63MOONS,Information Technology,Information Technology,https://www.screener.in/company/63MOONS/consolidated/,2026-09-15T10:26:11
VSTIND,Fast Moving Consumer Goods,Fast Moving Consumer Goods,https://www.screener.in/company/VSTIND/consolidated/,2026-09-15T10:26:13
STEELCAS,Capital Goods,Capital Goods,https://www.screener.in/company/STEELCAS/,2026-09-15T10:26:15
TCPLPACK,Capital Goods,Capital Goods,https://www.screener.in/company/TCPLPACK/consolidated/,2026-09-15T10:26:17
GREENPLY,Consumer Durables,Consumer Durables,https://www.screener.in/company/GREENPLY/consolidated/,2026-09-15T10:26:19
SAMBHV,Capital Goods,Capital Goods,https://www.screener.in/company/SAMBHV/consolidated/,2026-09-15T10:26:21
MUTHOOTMF,Financial Services,Financial Services,https://www.screener.in/company/MUTHOOTMF/,2026-09-15T10:26:23
GOPAL,Fast Moving Consumer Goods,Fast Moving Consumer Goods,https://www.screener.in/company/GOPAL/,2026-09-15T10:26:25
JTEKTINDIA,Automobile and Auto Components,Automobile and Auto Components,https://www.screener.in/company/JTEKTINDIA/consolidated/,2026-09-15T10:26:27
WHEELS,Automobile and Auto Components,Automobile and Auto Components,https://www.screener.in/company/WHEELS/consolidated/,2026-09-15T10:26:29
INDRAMEDCO,Healthcare,Healthcare,https://www.screener.in/company/INDRAMEDCO/,2026-09-15T10:26:31
VSSL,Capital Goods,Capital Goods,https://www.screener.in/company/VSSL/consolidated/,2026-09-15T10:26:33
SMSPHARMA,Healthcare,Healthcare,https://www.screener.in/company/SMSPHARMA/consolidated/,2026-09-15T10:26:35
CARYSIL,Consumer Durables,Consumer Durables,https://www.screener.in/company/CARYSIL/consolidated/,2026-09-15T10:26:37
NPST,Financial Services,Financial Services,https://www.screener.in/company/NPST/consolidated/,2026-09-15T10:26:39
RELTD,Capital Goods,Capital Goods,https://www.screener.in/company/RELTD/consolidated/,2026-09-15T10:26:41
NITINSPIN,Textiles,Textiles,https://www.screener.in/company/NITINSPIN/,2026-09-15T10:26:43
WONDERLA,Consumer Services,Consumer Services,https://www.screener.in/company/WONDERLA/,2026-09-15T10:26:45
JUBLCPL,Chemicals,Chemicals,https://www.screener.in/company/JUBLCPL/consolidated/,2026-09-15T10:26:47
MAYURUNIQ,Consumer Durables,Consumer Durables,https://www.screener.in/company/MAYURUNIQ/consolidated/,2026-09-15T10:26:49
DREDGECORP,Services,Services,https://www.screener.in/company/DREDGECORP/,2026-09-15T10:26:51
MMFL,Automobile and Auto Components,Automobile and Auto Components,https://www.screener.in/company/MMFL/consolidated/,2026-09-15T10:26:53
WINDMACHIN,Capital Goods,Capital Goods,https://www.screener.in/company/WINDMACHIN/consolidated/,2026-09-15T10:26:55
VENUSPIPES,Capital Goods,Capital Goods,https://www.screener.in/company/VENUSPIPES/,2026-09-15T10:26:57
KKCL,Textiles,Textiles,https://www.screener.in/company/KKCL/consolidated/,2026-09-15T10:26:59
NIITMTS,Consumer Services,Consumer Services,https://www.screener.in/company/NIITMTS/consolidated/,2026-09-15T10:27:01
APCOTEXIND,Capital Goods,Capital Goods,https://www.screener.in/company/APCOTEXIND/consolidated/,2026-09-15T10:27:03
FUSION,Financial Services,Financial Services,https://www.screener.in/company/FUSION/,2026-09-15T10:27:05
PRINCEPIPE,Capital Goods,Capital Goods,https://www.screener.in/company/PRINCEPIPE/,2026-09-15T10:27:07
BEPL,Chemicals,Chemicals,https://www.screener.in/company/BEPL/consolidated/,2026-09-15T10:27:09
ARVSMART,Realty,Realty,https://www.screener.in/company/ARVSMART/consolidated/,2026-09-15T10:27:11
MONARCH,Financial Services,Financial Services,https://www.screener.in/company/MONARCH/consolidated/,2026-09-15T10:27:13
BOROLTD,Consumer Durables,Consumer Durables,https://www.screener.in/company/BOROLTD/consolidated/,2026-09-15T10:27:15
RML,Automobile and Auto Components,Automobile and Auto Components,https://www.screener.in/company/RML/consolidated/,2026-09-15T10:27:17
BALMLAWRIE,Diversified,Diversified,https://www.screener.in/company/BALMLAWRIE/consolidated/,2026-09-15T10:27:19
JASH,Capital Goods,Capital Goods,https://www.screener.in/company/JASH/consolidated/,2026-09-15T10:27:21
PANAMAPET,Oil Gas & Consumable Fuels,"Oil, Gas & Consumable Fuels",https://www.screener.in/company/PANAMAPET/consolidated/,2026-09-15T10:27:23
RAMCOIND,Construction Materials,Construction Materials,https://www.screener.in/company/RAMCOIND/consolidated/,2026-09-15T10:27:25
NSIL,Financial Services,Financial Services,https://www.screener.in/company/NSIL/consolidated/,2026-09-15T10:27:28
NAVNETEDUL,Fast Moving Consumer Goods,Fast Moving Consumer Goods,https://www.screener.in/company/NAVNETEDUL/consolidated/,2026-09-15T10:27:30
ADFFOODS,Fast Moving Consumer Goods,Fast Moving Consumer Goods,https://www.screener.in/company/ADFFOODS/consolidated/,2026-09-15T10:27:32
CARRARO,Automobile and Auto Components,Automobile and Auto Components,https://www.screener.in/company/CARRARO/consolidated/,2026-09-15T10:27:34
INTERARCH,Construction,Construction,https://www.screener.in/company/INTERARCH/,2026-09-15T10:27:36
GANECOS,Textiles,Textiles,https://www.screener.in/company/GANECOS/consolidated/,2026-09-15T10:27:38
DDEVPLSTIK,Chemicals,Chemicals,https://www.screener.in/company/DDEVPLSTIK/,2026-09-15T10:27:40
MANGLMCEM,Construction Materials,Construction Materials,https://www.screener.in/company/MANGLMCEM/,2026-09-15T10:27:42
RPSGVENT,Services,Services,https://www.screener.in/company/RPSGVENT/consolidated/,2026-09-15T10:27:44
GLOBUSSPR,Fast Moving Consumer Goods,Fast Moving Consumer Goods,https://www.screener.in/company/GLOBUSSPR/consolidated/,2026-09-15T10:27:46
SANGAMIND,Textiles,Textiles,https://www.screener.in/company/SANGAMIND/consolidated/,2026-09-15T10:27:48
BLSE,Information Technology,Information Technology,https://www.screener.in/company/BLSE/consolidated/,2026-09-15T10:27:50
MAITHANALL,Metals & Mining,Metals & Mining,https://www.screener.in/company/MAITHANALL/consolidated/,2026-09-15T10:27:52
CHEMPLASTS,Chemicals,Chemicals,https://www.screener.in/company/CHEMPLASTS/consolidated/,2026-09-15T10:27:54
RSYSTEMS,Information Technology,Information Technology,https://www.screener.in/company/RSYSTEMS/consolidated/,2026-09-15T10:27:56
EFCIL,Services,Services,https://www.screener.in/company/EFCIL/consolidated/,2026-09-15T10:27:58
PRABHA,Oil Gas & Consumable Fuels,"Oil, Gas & Consumable Fuels",https://www.screener.in/company/PRABHA/consolidated/,2026-09-15T10:28:00
DIAMONDYD,Fast Moving Consumer Goods,Fast Moving Consumer Goods,https://www.screener.in/company/DIAMONDYD/consolidated/,2026-09-15T10:28:02
ANTELOPUS,Oil Gas & Consumable Fuels,"Oil, Gas & Consumable Fuels",https://www.screener.in/company/ANTELOPUS/consolidated/,2026-09-15T10:28:04
POKARNA,Consumer Durables,Consumer Durables,https://www.screener.in/company/POKARNA/consolidated/,2026-09-15T10:28:06
ROSSARI,Chemicals,Chemicals,https://www.screener.in/company/ROSSARI/consolidated/,2026-09-15T10:28:08
NILKAMAL,Consumer Durables,Consumer Durables,https://www.screener.in/company/NILKAMAL/consolidated/,2026-09-15T10:28:10
ORISSAMINE,Metals & Mining,Metals & Mining,https://www.screener.in/company/ORISSAMINE/,2026-09-15T10:28:12
SIYSIL,Textiles,Textiles,https://www.screener.in/company/SIYSIL/consolidated/,2026-09-15T10:28:14
KIRIINDUS,Chemicals,Chemicals,https://www.screener.in/company/KIRIINDUS/consolidated/,2026-09-15T10:28:16
ADOR,Capital Goods,Capital Goods,https://www.screener.in/company/ADOR/consolidated/,2026-09-15T10:28:18
VIMTALABS,Healthcare,Healthcare,https://www.screener.in/company/VIMTALABS/consolidated/,2026-09-15T10:28:20
DCAL,Healthcare,Healthcare,https://www.screener.in/company/DCAL/consolidated/,2026-09-15T10:28:22
MUFIN,Financial Services,Financial Services,https://www.screener.in/company/MUFIN/consolidated/,2026-09-15T10:28:24
NOCIL,Chemicals,Chemicals,https://www.screener.in/company/NOCIL/consolidated/,2026-09-15T10:28:26
MEDIASSIST,Financial Services,Financial Services,https://www.screener.in/company/MEDIASSIST/consolidated/,2026-09-15T10:28:28
XPROINDIA,Capital Goods,Capital Goods,https://www.screener.in/company/XPROINDIA/consolidated/,2026-09-15T10:28:30
GIPCL,Power,Power,https://www.screener.in/company/GIPCL/consolidated/,2026-09-15T10:28:32
SPORTKING,Textiles,Textiles,https://www.screener.in/company/SPORTKING/,2026-09-15T10:28:34
FLAIR,Fast Moving Consumer Goods,Fast Moving Consumer Goods,https://www.screener.in/company/FLAIR/consolidated/,2026-09-15T10:28:36
PARAGMILK,Fast Moving Consumer Goods,Fast Moving Consumer Goods,https://www.screener.in/company/PARAGMILK/consolidated/,2026-09-15T10:28:38
TALBROAUTO,Automobile and Auto Components,Automobile and Auto Components,https://www.screener.in/company/TALBROAUTO/consolidated/,2026-09-15T10:28:40
HIKAL,Healthcare,Healthcare,https://www.screener.in/company/HIKAL/consolidated/,2026-09-15T10:28:42
BBL,Capital Goods,Capital Goods,https://www.screener.in/company/BBL/,2026-09-15T10:28:44
SOLARA,Healthcare,Healthcare,https://www.screener.in/company/SOLARA/consolidated/,2026-09-15T10:28:47
RISHABH,Capital Goods,Capital Goods,https://www.screener.in/company/RISHABH/consolidated/,2026-09-15T10:28:48
RAMKY,Construction,Construction,https://www.screener.in/company/RAMKY/consolidated/,2026-09-15T10:28:50
TASTYBITE,Fast Moving Consumer Goods,Fast Moving Consumer Goods,https://www.screener.in/company/TASTYBITE/,2026-09-15T10:28:52
RAJRATAN,Automobile and Auto Components,Automobile and Auto Components,https://www.screener.in/company/RAJRATAN/consolidated/,2026-09-15T10:28:54
HUBTOWN,Realty,Realty,https://www.screener.in/company/HUBTOWN/consolidated/,2026-09-15T10:28:56
VEEDOL,Oil Gas & Consumable Fuels,"Oil, Gas & Consumable Fuels",https://www.screener.in/company/VEEDOL/consolidated/,2026-09-15T10:28:58
ALEMBICLTD,Realty,Realty,https://www.screener.in/company/ALEMBICLTD/consolidated/,2026-09-15T10:29:00
EVEREADY,Fast Moving Consumer Goods,Fast Moving Consumer Goods,https://www.screener.in/company/EVEREADY/consolidated/,2026-09-15T10:29:02
SATIN,Financial Services,Financial Services,https://www.screener.in/company/SATIN/consolidated/,2026-09-15T10:29:04
PANACEABIO,Healthcare,Healthcare,https://www.screener.in/company/PANACEABIO/consolidated/,2026-09-15T10:29:06
PARKHOTELS,Consumer Services,Consumer Services,https://www.screener.in/company/PARKHOTELS/consolidated/,2026-09-15T10:29:08
INDNIPPON,Automobile and Auto Components,Automobile and Auto Components,https://www.screener.in/company/INDNIPPON/consolidated/,2026-09-15T10:29:10
SILVERTUC,Information Technology,Information Technology,https://www.screener.in/company/SILVERTUC/consolidated/,2026-09-15T10:29:12
COSMOFIRST,Capital Goods,Capital Goods,https://www.screener.in/company/COSMOFIRST/consolidated/,2026-09-15T10:29:14
ORIENTHOT,Consumer Services,Consumer Services,https://www.screener.in/company/ORIENTHOT/consolidated/,2026-09-15T10:29:16
STOVEKRAFT,Consumer Durables,Consumer Durables,https://www.screener.in/company/STOVEKRAFT/consolidated/,2026-09-15T10:29:18
SUNDROP,Fast Moving Consumer Goods,Fast Moving Consumer Goods,https://www.screener.in/company/SUNDROP/consolidated/,2026-09-15T10:29:20
ARKADE,Realty,Realty,https://www.screener.in/company/ARKADE/consolidated/,2026-09-15T10:29:22
APOLLOPIPE,Capital Goods,Capital Goods,https://www.screener.in/company/APOLLOPIPE/consolidated/,2026-09-15T10:29:24
SIRCA,Consumer Durables,Consumer Durables,https://www.screener.in/company/SIRCA/consolidated/,2026-09-15T10:29:26
PIXTRANS,Capital Goods,Capital Goods,https://www.screener.in/company/PIXTRANS/consolidated/,2026-09-15T10:29:28
SPAL,Textiles,Textiles,https://www.screener.in/company/SPAL/consolidated/,2026-09-15T10:29:30
JGCHEM,Chemicals,Chemicals,https://www.screener.in/company/JGCHEM/consolidated/,2026-09-15T10:29:32
MARATHON,Realty,Realty,https://www.screener.in/company/MARATHON/consolidated/,2026-09-15T10:29:34
MOLDTKPAC,Capital Goods,Capital Goods,https://www.screener.in/company/MOLDTKPAC/consolidated/,2026-09-15T10:29:36
NELCO,Information Technology,Information Technology,https://www.screener.in/company/NELCO/consolidated/,2026-09-15T10:29:38
AJMERA,Realty,Realty,https://www.screener.in/company/AJMERA/consolidated/,2026-09-15T10:29:40
BOMDYEING,Textiles,Textiles,https://www.screener.in/company/BOMDYEING/consolidated/,2026-09-15T10:29:42
PRAKASH,Metals & Mining,Metals & Mining,https://www.screener.in/company/PRAKASH/consolidated/,2026-09-15T10:29:44
RANEHOLDIN,Financial Services,Financial Services,https://www.screener.in/company/RANEHOLDIN/consolidated/,2026-09-15T10:29:46
VERANDA,Consumer Services,Consumer Services,https://www.screener.in/company/VERANDA/consolidated/,2026-09-15T10:29:48
REPCOHOME,Financial Services,Financial Services,https://www.screener.in/company/REPCOHOME/consolidated/,2026-09-15T10:29:50
PROTEAN,Information Technology,Information Technology,https://www.screener.in/company/PROTEAN/consolidated/,2026-09-15T10:29:52
KCP,Construction Materials,Construction Materials,https://www.screener.in/company/KCP/consolidated/,2026-09-15T10:29:54
TAJGVK,Consumer Services,Consumer Services,https://www.screener.in/company/TAJGVK/consolidated/,2026-09-15T10:29:56
BAJEL,Capital Goods,Capital Goods,https://www.screener.in/company/BAJEL/consolidated/,2026-09-15T10:29:58
SHK,Chemicals,Chemicals,https://www.screener.in/company/SHK/consolidated/,2026-09-15T10:30:00
EMSLIMITED,Utilities,Utilities,https://www.screener.in/company/EMSLIMITED/consolidated/,2026-09-15T10:30:02
HLEGLAS,Capital Goods,Capital Goods,https://www.screener.in/company/HLEGLAS/consolidated/,2026-09-15T10:30:04
THEJO,Capital Goods,Capital Goods,https://www.screener.in/company/THEJO/consolidated/,2026-09-15T10:30:06
SAKSOFT,Information Technology,Information Technology,https://www.screener.in/company/SAKSOFT/consolidated/,2026-09-15T10:30:08
VINCOFE,Fast Moving Consumer Goods,Fast Moving Consumer Goods,https://www.screener.in/company/VINCOFE/consolidated/,2026-09-15T10:30:10
PENIND,Capital Goods,Capital Goods,https://www.screener.in/company/PENIND/consolidated/,2026-09-15T10:30:12
SOMANYCERA,Consumer Durables,Consumer Durables,https://www.screener.in/company/SOMANYCERA/consolidated/,2026-09-15T10:30:14
VENKEYS,Fast Moving Consumer Goods,Fast Moving Consumer Goods,https://www.screener.in/company/VENKEYS/,2026-09-15T10:30:16
SANSTAR,Fast Moving Consumer Goods,Fast Moving Consumer Goods,https://www.screener.in/company/SANSTAR/consolidated/,2026-09-15T10:30:18
BHARATRAS,Chemicals,Chemicals,https://www.screener.in/company/BHARATRAS/consolidated/,2026-09-15T10:30:20
LANDMARK,Automobile and Auto Components,Automobile and Auto Components,https://www.screener.in/company/LANDMARK/consolidated/,2026-09-15T10:30:22
CAMLINFINE,Chemicals,Chemicals,https://www.screener.in/company/CAMLINFINE/consolidated/,2026-09-15T10:30:24
TCIEXP,Services,Services,https://www.screener.in/company/TCIEXP/consolidated/,2026-09-15T10:30:26
INDIANHUME,Construction,Construction,https://www.screener.in/company/INDIANHUME/,2026-09-15T10:30:28
HINDOILEXP,Oil Gas & Consumable Fuels,"Oil, Gas & Consumable Fuels",https://www.screener.in/company/HINDOILEXP/consolidated/,2026-09-15T10:30:30
WINDLAS,Healthcare,Healthcare,https://www.screener.in/company/WINDLAS/consolidated/,2026-09-15T10:30:32
CANTABIL,Textiles,Textiles,https://www.screener.in/company/CANTABIL/,2026-09-15T10:30:34
ARMANFIN,Financial Services,Financial Services,https://www.screener.in/company/ARMANFIN/consolidated/,2026-09-15T10:30:36
HPL,Capital Goods,Capital Goods,https://www.screener.in/company/HPL/consolidated/,2026-09-15T10:30:38
SHANTIGOLD,Consumer Durables,Consumer Durables,https://www.screener.in/company/SHANTIGOLD/consolidated/,2026-09-15T10:30:40
INDOCO,Healthcare,Healthcare,https://www.screener.in/company/INDOCO/consolidated/,2026-09-15T10:30:42
HESTERBIO,Healthcare,Healthcare,https://www.screener.in/company/HESTERBIO/consolidated/,2026-09-15T10:30:44
GMBREW,Fast Moving Consumer Goods,Fast Moving Consumer Goods,https://www.screener.in/company/GMBREW/consolidated/,2026-09-15T10:30:46
SIMPLEXINF,Construction,Construction,https://www.screener.in/company/SIMPLEXINF/consolidated/,2026-09-15T10:30:48
EPACK,Consumer Durables,Consumer Durables,https://www.screener.in/company/EPACK/consolidated/,2026-09-15T10:30:50
HUHTAMAKI,Capital Goods,Capital Goods,https://www.screener.in/company/HUHTAMAKI/consolidated/,2026-09-15T10:30:52
GREENPANEL,Consumer Durables,Consumer Durables,https://www.screener.in/company/GREENPANEL/consolidated/,2026-09-15T10:30:54
GOCLCORP,Chemicals,Chemicals,https://www.screener.in/company/GOCLCORP/consolidated/,2026-09-15T10:30:56
BFUTILITIE,Services,Services,https://www.screener.in/company/BFUTILITIE/consolidated/,2026-09-15T10:30:58
DCXINDIA,Capital Goods,Capital Goods,https://www.screener.in/company/DCXINDIA/consolidated/,2026-09-15T10:31:00
SPANDANA,Financial Services,Financial Services,https://www.screener.in/company/SPANDANA/consolidated/,2026-09-15T10:31:02
NUCLEUS,Information Technology,Information Technology,https://www.screener.in/company/NUCLEUS/consolidated/,2026-09-15T10:31:04
LAOPALA,Consumer Durables,Consumer Durables,https://www.screener.in/company/LAOPALA/,2026-09-15T10:31:06
TEAMLEASE,Services,Services,https://www.screener.in/company/TEAMLEASE/consolidated/,2026-09-15T10:31:08
ASIANENE,Oil Gas & Consumable Fuels,"Oil, Gas & Consumable Fuels",https://www.screener.in/company/ASIANENE/consolidated/,2026-09-15T10:31:10
TINNARUBR,Capital Goods,Capital Goods,https://www.screener.in/company/TINNARUBR/consolidated/,2026-09-15T10:31:12
TARSONS,Healthcare,Healthcare,https://www.screener.in/company/TARSONS/consolidated/,2026-09-15T10:31:14
KRSNAA,Healthcare,Healthcare,https://www.screener.in/company/KRSNAA/consolidated/,2026-09-15T10:31:16
GOCOLORS,Consumer Services,Consumer Services,https://www.screener.in/company/GOCOLORS/consolidated/,2026-09-15T10:31:18
YATRA,Consumer Services,Consumer Services,https://www.screener.in/company/YATRA/consolidated/,2026-09-15T10:31:20
RICOAUTO,Automobile and Auto Components,Automobile and Auto Components,https://www.screener.in/company/RICOAUTO/consolidated/,2026-09-15T10:31:22
RACLGEAR,Automobile and Auto Components,Automobile and Auto Components,https://www.screener.in/company/RACLGEAR/consolidated/,2026-09-15T10:31:24
5PAISA,Financial Services,Financial Services,https://www.screener.in/company/5PAISA/consolidated/,2026-09-15T10:31:26
TIRUMALCHM,Chemicals,Chemicals,https://www.screener.in/company/TIRUMALCHM/consolidated/,2026-09-15T10:31:28
KPEL,Power,Power,https://www.screener.in/company/KPEL/consolidated/,2026-09-15T10:31:29
NDRAUTO,Automobile and Auto Components,Automobile and Auto Components,https://www.screener.in/company/NDRAUTO/consolidated/,2026-09-15T10:31:31
CAPACITE,Construction,Construction,https://www.screener.in/company/CAPACITE/consolidated/,2026-09-15T10:31:34
GARUDA,Construction,Construction,https://www.screener.in/company/GARUDA/consolidated/,2026-09-15T10:31:36
JINDRILL,Oil Gas & Consumable Fuels,"Oil, Gas & Consumable Fuels",https://www.screener.in/company/JINDRILL/consolidated/,2026-09-15T10:31:38
BFINVEST,Financial Services,Financial Services,https://www.screener.in/company/BFINVEST/consolidated/,2026-09-15T10:31:40
INSECTICID,Chemicals,Chemicals,https://www.screener.in/company/INSECTICID/consolidated/,2026-09-15T10:31:42
SURAKSHA,Healthcare,Healthcare,https://www.screener.in/company/SURAKSHA/consolidated/,2026-09-15T10:31:44
AURUM,Information Technology,Information Technology,https://www.screener.in/company/AURUM/consolidated/,2026-09-15T10:31:46
SPMLINFRA,Construction,Construction,https://www.screener.in/company/SPMLINFRA/consolidated/,2026-09-15T10:31:48
WENDT,Capital Goods,Capital Goods,https://www.screener.in/company/WENDT/consolidated/,2026-09-15T10:31:50
HINDWAREAP,Consumer Durables,Consumer Durables,https://www.screener.in/company/HINDWAREAP/consolidated/,2026-09-15T10:31:52
IPL,Chemicals,Chemicals,https://www.screener.in/company/IPL/consolidated/,2026-09-15T10:31:54
SURYODAY,Financial Services,Financial Services,https://www.screener.in/company/SURYODAY/,2026-09-15T10:31:56
MOBIKWIK,Financial Services,Financial Services,https://www.screener.in/company/MOBIKWIK/consolidated/,2026-09-15T10:31:58
JAGSNPHARM,Healthcare,Healthcare,https://www.screener.in/company/JAGSNPHARM/,2026-09-15T10:32:00
CLSEL,Fast Moving Consumer Goods,Fast Moving Consumer Goods,https://www.screener.in/company/CLSEL/,2026-09-15T10:32:02
MBEL,Construction,Construction,https://www.screener.in/company/MBEL/consolidated/,2026-09-15T10:32:04
TTKHLTCARE,Diversified,Diversified,https://www.screener.in/company/TTKHLTCARE/consolidated/,2026-09-15T10:32:06
DOLLAR,Textiles,Textiles,https://www.screener.in/company/DOLLAR/consolidated/,2026-09-15T10:32:08
DLINKINDIA,Information Technology,Information Technology,https://www.screener.in/company/DLINKINDIA/consolidated/,2026-09-15T10:32:10
INFOBEAN,Information Technology,Information Technology,https://www.screener.in/company/INFOBEAN/consolidated/,2026-09-15T10:32:12
IGPL,Chemicals,Chemicals,https://www.screener.in/company/IGPL/consolidated/,2026-09-15T10:32:14
AMRUTANJAN,Healthcare,Healthcare,https://www.screener.in/company/AMRUTANJAN/consolidated/,2026-09-15T10:32:16
IKIO,Consumer Durables,Consumer Durables,https://www.screener.in/company/IKIO/consolidated/,2026-09-15T10:32:18
DIFFNKG,Capital Goods,Capital Goods,https://www.screener.in/company/DIFFNKG/consolidated/,2026-09-15T10:32:20
AYMSYNTEX,Textiles,Textiles,https://www.screener.in/company/AYMSYNTEX/consolidated/,2026-09-15T10:32:22
ASALCBR,Fast Moving Consumer Goods,Fast Moving Consumer Goods,https://www.screener.in/company/ASALCBR/consolidated/,2026-09-15T10:32:24
BHARATSE,Automobile and Auto Components,Automobile and Auto Components,https://www.screener.in/company/BHARATSE/,2026-09-15T10:32:26
GPTINFRA,Construction,Construction,https://www.screener.in/company/GPTINFRA/consolidated/,2026-09-15T10:32:28
UDS,Services,Services,https://www.screener.in/company/UDS/consolidated/,2026-09-15T10:32:30
SIGNPOST,Media Entertainment & Publication,"Media, Entertainment & Publication",https://www.screener.in/company/SIGNPOST/consolidated/,2026-09-15T10:32:32
SHREEPUSHK,Chemicals,Chemicals,https://www.screener.in/company/SHREEPUSHK/consolidated/,2026-09-15T10:32:34
RGL,Consumer Durables,Consumer Durables,https://www.screener.in/company/RGL/consolidated/,2026-09-15T10:32:36
IZMO,Information Technology,Information Technology,https://www.screener.in/company/IZMO/consolidated/,2026-09-15T10:32:38
TEXINFRA,Services,Services,https://www.screener.in/company/TEXINFRA/consolidated/,2026-09-15T10:32:40
GALAPREC,Capital Goods,Capital Goods,https://www.screener.in/company/GALAPREC/consolidated/,2026-09-15T10:32:42
ATULAUTO,Capital Goods,Capital Goods,https://www.screener.in/company/ATULAUTO/consolidated/,2026-09-15T10:32:44
EXPLEOSOL,Information Technology,Information Technology,https://www.screener.in/company/EXPLEOSOL/consolidated/,2026-09-15T10:32:46
INDOBORAX,Chemicals,Chemicals,https://www.screener.in/company/INDOBORAX/consolidated/,2026-09-15T10:32:48
QUADFUTURE,Capital Goods,Capital Goods,https://www.screener.in/company/QUADFUTURE/,2026-09-15T10:32:50
IGARASHI,Automobile and Auto Components,Automobile and Auto Components,https://www.screener.in/company/IGARASHI/consolidated/,2026-09-15T10:32:52
ANDHRSUGAR,Chemicals,Chemicals,https://www.screener.in/company/ANDHRSUGAR/consolidated/,2026-09-15T10:32:54
MANAKCOAT,Capital Goods,Capital Goods,https://www.screener.in/company/MANAKCOAT/consolidated/,2026-09-15T10:32:56
ASTEC,Chemicals,Chemicals,https://www.screener.in/company/ASTEC/consolidated/,2026-09-15T10:32:58
KROSS,Automobile and Auto Components,Automobile and Auto Components,https://www.screener.in/company/KROSS/,2026-09-15T10:33:00
ALLTIME,Consumer Durables,Consumer Durables,https://www.screener.in/company/ALLTIME/consolidated/,2026-09-15T10:33:02
BHARATWIRE,Capital Goods,Capital Goods,https://www.screener.in/company/BHARATWIRE/consolidated/,2026-09-15T10:33:04
EKC,Capital Goods,Capital Goods,https://www.screener.in/company/EKC/consolidated/,2026-09-15T10:33:06
EIMCOELECO,Capital Goods,Capital Goods,https://www.screener.in/company/EIMCOELECO/consolidated/,2026-09-15T10:33:08
GODAVARIB,Fast Moving Consumer Goods,Fast Moving Consumer Goods,https://www.screener.in/company/GODAVARIB/consolidated/,2026-09-15T10:33:10
APEX,Fast Moving Consumer Goods,Fast Moving Consumer Goods,https://www.screener.in/company/APEX/,2026-09-15T10:33:12
CENTENKA,Textiles,Textiles,https://www.screener.in/company/CENTENKA/consolidated/,2026-09-15T10:33:14
PRECAM,Automobile and Auto Components,Automobile and Auto Components,https://www.screener.in/company/PRECAM/consolidated/,2026-09-15T10:33:16
GPTHEALTH,Healthcare,Healthcare,https://www.screener.in/company/GPTHEALTH/consolidated/,2026-09-15T10:33:18
UTTAMSUGAR,Fast Moving Consumer Goods,Fast Moving Consumer Goods,https://www.screener.in/company/UTTAMSUGAR/consolidated/,2026-09-15T10:33:20
SULA,Fast Moving Consumer Goods,Fast Moving Consumer Goods,https://www.screener.in/company/SULA/consolidated/,2026-09-15T10:33:22
LINCOLN,Healthcare,Healthcare,https://www.screener.in/company/LINCOLN/consolidated/,2026-09-15T10:33:24
FINOPB,Financial Services,Financial Services,https://www.screener.in/company/FINOPB/,2026-09-15T10:33:26
RUPA,Textiles,Textiles,https://www.screener.in/company/RUPA/consolidated/,2026-09-15T10:33:28
MUNJALAU,Automobile and Auto Components,Automobile and Auto Components,https://www.screener.in/company/MUNJALAU/consolidated/,2026-09-15T10:33:30
GHCLTEXTIL,Textiles,Textiles,https://www.screener.in/company/GHCLTEXTIL/,2026-09-15T10:33:32
FAZE3Q,Textiles,Textiles,https://www.screener.in/company/FAZE3Q/consolidated/,2026-09-15T10:33:34
RIIL,Services,Services,https://www.screener.in/company/RIIL/consolidated/,2026-09-15T10:33:36
ALICON,Automobile and Auto Components,Automobile and Auto Components,https://www.screener.in/company/ALICON/consolidated/,2026-09-15T10:33:38
GULPOLY,Fast Moving Consumer Goods,Fast Moving Consumer Goods,https://www.screener.in/company/GULPOLY/consolidated/,2026-09-15T10:33:40
THEMISMED,Healthcare,Healthcare,https://www.screener.in/company/THEMISMED/consolidated/,2026-09-15T10:33:42
BIRLANU,Construction Materials,Construction Materials,https://www.screener.in/company/BIRLANU/consolidated/,2026-09-15T10:33:44
IRMENERGY,Oil Gas & Consumable Fuels,"Oil, Gas & Consumable Fuels",https://www.screener.in/company/IRMENERGY/consolidated/,2026-09-15T10:33:46
MONTECARLO,Textiles,Textiles,https://www.screener.in/company/MONTECARLO/consolidated/,2026-09-15T10:33:47
PLATIND,Chemicals,Chemicals,https://www.screener.in/company/PLATIND/consolidated/,2026-09-15T10:33:49
ICEMAKE,Capital Goods,Capital Goods,https://www.screener.in/company/ICEMAKE/consolidated/,2026-09-15T10:33:51
ORIENTTECH,Information Technology,Information Technology,https://www.screener.in/company/ORIENTTECH/consolidated/,2026-09-15T10:33:53
AWHCL,Utilities,Utilities,https://www.screener.in/company/AWHCL/consolidated/,2026-09-15T10:33:55
TNPETRO,Chemicals,Chemicals,https://www.screener.in/company/TNPETRO/consolidated/,2026-09-15T10:33:57
ARIS,Construction Materials,Construction Materials,https://www.screener.in/company/ARIS/consolidated/,2026-09-15T10:33:59
BAJAJHCARE,Healthcare,Healthcare,https://www.screener.in/company/BAJAJHCARE/,2026-09-15T10:34:01
HARIOMPIPE,Capital Goods,Capital Goods,https://www.screener.in/company/HARIOMPIPE/consolidated/,2026-09-15T10:34:03
NAHARSPING,Textiles,Textiles,https://www.screener.in/company/NAHARSPING/consolidated/,2026-09-15T10:34:05
SRM,Construction,Construction,https://www.screener.in/company/SRM/consolidated/,2026-09-15T10:34:07
MATRIMONY,Consumer Services,Consumer Services,https://www.screener.in/company/MATRIMONY/consolidated/,2026-09-15T10:34:09
LAXMIDENTL,Healthcare,Healthcare,https://www.screener.in/company/LAXMIDENTL/consolidated/,2026-09-15T10:34:11
KOPRAN,Healthcare,Healthcare,https://www.screener.in/company/KOPRAN/consolidated/,2026-09-15T10:34:13
MAMATA,Capital Goods,Capital Goods,https://www.screener.in/company/MAMATA/consolidated/,2026-09-15T10:34:15
DAMCAPITAL,Financial Services,Financial Services,https://www.screener.in/company/DAMCAPITAL/consolidated/,2026-09-15T10:34:17
NELCAST,Capital Goods,Capital Goods,https://www.screener.in/company/NELCAST/consolidated/,2026-09-15T10:34:19
