date,title,source,link
2026-07-28T09:36:42,"Sensex trades flat, Nifty near 24,000 ahead of US Fed meet; IT pack shines",The Economic Times,https://economictimes.indiatimes.com/markets/stocks/news/sensex-trades-flat-nifty-near-24000-ahead-of-us-fed-meet-infosys-it-pack-shines/articleshow/132674695.cms
2026-07-28T09:31:56,"Bharat Electronics shares fall over 3% after Q1 results. Here's what Nomura, Motilal Oswal and other brokerages say",The Economic Times,https://economictimes.indiatimes.com/markets/stocks/news/bharat-electronics-shares-fall-over-3-after-q1-results-heres-what-nomura-motilal-oswal-and-other-brokerages-say/articleshow/132674778.cms
2026-07-28T09:28:03,"Coal India shares fall 2% after Q1 results. What are Jefferies, other brokerages saying?",The Economic Times,https://economictimes.indiatimes.com/markets/stocks/news/coal-india-shares-fall-2-after-q1-results-what-are-jefferies-other-brokerages-saying/articleshow/132674703.cms
2026-07-28T09:18:51,"Global Market: Samsung, SK Hynix plunge up to 11% as investors reassess AI chip boom",The Economic Times,https://economictimes.indiatimes.com/markets/stocks/news/global-market-samsung-sk-hynix-plunge-up-to-11-as-investors-reassess-ai-chip-boom/articleshow/132674566.cms
2026-07-28T08:54:11,India's crorepati list is growing but the problem is who will manage their money,The Economic Times,https://economictimes.indiatimes.com/markets/stocks/news/indias-crorepati-list-is-growing-but-the-problem-is-who-will-manage-their-money/articleshow/132674286.cms
2026-07-28T08:36:25,"Eternal among 4 stocks flashing bullish signals, hinting at a possible uptrend",The Economic Times,https://economictimes.indiatimes.com/markets/stocks/news/eternal-among-4-stocks-flashing-bullish-signals-hinting-at-a-possible-uptrend/slideshow/132674117.cms
2026-07-28T08:32:40,KFin Technologies among 4 stocks showing bullish RSI upswing,The Economic Times,https://economictimes.indiatimes.com/markets/stocks/news/kfin-technologies-among-4-stocks-showing-bullish-rsi-upswing/slideshow/132674067.cms
2026-07-28T08:30:28,HDFC Bank Share Price Live Updates: HDFC Bank Trading Below Key Support Level,The Economic Times,https://economictimes.indiatimes.com/markets/stocks/stock-liveblog/hdfc-bank-share-price-live-updates-28-jul-2026/liveblog/132674005.cms
2026-07-28T08:27:18,"CarTrade Tech among 5 stocks closed above VWAP, signalling bullish shift",The Economic Times,https://economictimes.indiatimes.com/markets/stocks/news/cartrade-tech-among-5-stocks-closed-above-vwap-signalling-bullish-shift/slideshow/132673993.cms
2026-07-28T08:25:40,"Infosys Share Price Live Updates: Sensex trades flat, Nifty near 24,000 ahead of US Fed meet; IT pack shines",The Economic Times,https://economictimes.indiatimes.com/markets/stocks/stock-liveblog/infosys-stock-price-livestock-price-today-live-updates-28-jul-2026/liveblog/132673920.cms
2026-07-28T08:21:36,Divis Labs Share Price Live Updates: Divis Labs Sets New Benchmark in Stock Performance,The Economic Times,https://economictimes.indiatimes.com/markets/stocks/stock-liveblog/divis-labs-stock-price-today-live-28-jul-2026/liveblog/132673880.cms
2026-07-28T08:21:17,Cipla Share Price Live Updates: Cipla's 3-Month Performance Review,The Economic Times,https://economictimes.indiatimes.com/markets/stocks/stock-liveblog/cipla-share-price-live-28-jul-2026/liveblog/132673877.cms
2026-07-28T08:20:59,JSW Steel Share Price Live Updates: JSW Steel's Price Movement Analysis,The Economic Times,https://economictimes.indiatimes.com/markets/stocks/stock-liveblog/jsw-steel-stock-price-livestock-price-today-live-updates-28-jul-2026/liveblog/132673874.cms
2026-07-28T08:20:41,ITC Share Price Live Updates: ITC's three-month performance shows a downturn,The Economic Times,https://economictimes.indiatimes.com/markets/stocks/stock-liveblog/itc-share-price-today-live-updates-28-jul-2026/liveblog/132673867.cms
2026-07-28T08:20:05,Maruti Suzuki Share Price Live Updates: Maruti Suzuki Breaks Above 100-Day EMA Level,The Economic Times,https://economictimes.indiatimes.com/markets/stocks/stock-liveblog/maruti-suzuki-stock-price-today-live-28-jul-2026/liveblog/132673852.cms
2026-07-28T08:16:04,Power Grid Share Price Live Updates: Power Grid experiences a decline in returns,The Economic Times,https://economictimes.indiatimes.com/markets/stocks/stock-liveblog/power-grid-stock-price-livestock-price-today-live-updates-28-jul-2026/liveblog/132673810.cms
2026-07-28T08:11:00,Hindalco Share Price Live Updates: Hindalco's Price Decline Below Support,The Economic Times,https://economictimes.indiatimes.com/markets/stocks/stock-liveblog/hindalco-share-price-today-live-updates-28-jul-2026/liveblog/132673764.cms
2026-07-28T08:10:06,TCS Share Price Live Updates: TCS Climbs Past 100-Day Simple Moving Average,The Economic Times,https://economictimes.indiatimes.com/markets/stocks/stock-liveblog/tcs-share-price-today-live-updates-28-jul-2026/liveblog/132673752.cms
2026-07-28T08:01:04,Hero MotoCorp Share Price Live Updates: Hero MotoCorp's Performance Over Three Months,The Economic Times,https://economictimes.indiatimes.com/markets/stocks/stock-liveblog/hero-motocorp-stock-price-today-live-28-jul-2026/liveblog/132673663.cms
2026-07-28T08:00:28,NTPC Share Price Live Updates: NTPC's Price Movement Signals Caution,The Economic Times,https://economictimes.indiatimes.com/markets/stocks/stock-liveblog/ntpc-share-price-today-live-updates-28-jul-2026/liveblog/132673653.cms
2026-07-28T07:40:59,"Sensex Today | Nifty 50 | Stock Market Live Updates: Sensex rises 50 points, Nifty above 24K; IT, realty stocks rally",The Economic Times,https://economictimes.indiatimes.com/markets/stocks/live-blog/bse-sensex-today-nifty50-stock-market-live-updates-gift-nifty-hdfc-bank-bel-share-price-28-july-2026/liveblog/132673496.cms
2026-07-28T07:36:26,Positive Breakout: These 14 stocks cross above their 200 DMAs,The Economic Times,https://economictimes.indiatimes.com/markets/stocks/news/positive-breakout-these-14-stocks-cross-above-their-200-dmas/slideshow/132673512.cms
2026-07-28T06:53:41,"UAE sovereign funds, firms to boost investments in India",The Economic Times,https://economictimes.indiatimes.com/markets/stocks/news/uae-sovereign-funds-firms-to-boost-investments-in-india/articleshow/132673170.cms
2026-07-28T06:39:22,"Adani Energy to raise Rs 3,500 crore via a QIP with upsize option",The Economic Times,https://economictimes.indiatimes.com/markets/stocks/news/adani-energy-to-raise-rs-3500-crore-via-a-qip-with-upsize-option/articleshow/132673118.cms
2026-07-28T06:21:37,"Lower crude, firmer rupee and easing volatility drive sharp rebound in Indian equities",The Economic Times,https://economictimes.indiatimes.com/markets/stocks/news/lower-crude-firmer-rupee-and-easing-volatility-drive-sharp-rebound-in-indian-equities/articleshow/132673079.cms
2026-07-28T06:02:07,Home First Finance Q1 profit Up 35% on higher income,The Economic Times,https://economictimes.indiatimes.com/markets/stocks/earnings/home-first-finance-q1-profit-up-35-on-higher-income/articleshow/132673003.cms
2026-07-28T06:00:00,"Tata Group profit jumps 5x in six years as market value triples amid big bets on Air India, semiconductors &amp; digital",The Economic Times,https://economictimes.indiatimes.com/markets/stocks/earnings/tata-group-profit-jumps-5x-in-six-years-as-market-value-triples-amid-big-bets-on-air-india-semiconductors-digital/articleshow/132673058.cms
2026-07-28T06:00:00,"Stocks in news: HDFC Bank, BEL, Coal India, Adani Energy, Tata Power",The Economic Times,https://economictimes.indiatimes.com/markets/stocks/news/stocks-in-news-hdfc-bank-bel-coal-india-adani-energy-tata-power/articleshow/132666658.cms
2026-07-28T06:00:00,D-St set for a negative opening as GIFT Nifty signals weak start,The Economic Times,https://economictimes.indiatimes.com/markets/stocks/news/pre-market-action-heres-the-trade-setup-for-todays-session/articleshow/132664375.cms
2026-07-28T05:55:27,Broker earnings stay under pressure in Q1 as derivatives trading slows,The Economic Times,https://economictimes.indiatimes.com/markets/stocks/earnings/broker-earnings-stay-under-pressure-in-q1-as-derivatives-trading-slows/articleshow/132672967.cms
2026-07-28T05:42:28,"FIIs increase PSU exposure, trim stakes in private banks",The Economic Times,https://economictimes.indiatimes.com/markets/stocks/news/fiis-increase-psu-exposure-trim-stakes-in-private-banks/articleshow/132672954.cms
2026-07-28T00:56:09,JC Flowers Asset Reconstruction Company in talks to merge into Assets Care,The Economic Times,https://economictimes.indiatimes.com/markets/stocks/news/jc-flowers-asset-reconstruction-company-in-talks-to-merge-into-assets-care/articleshow/132673047.cms
2026-07-28T00:46:01,Bank of Baroda claims cyber cover after data breach,The Economic Times,https://economictimes.indiatimes.com/markets/stocks/news/bank-of-baroda-claims-cyber-cover-after-data-breach/articleshow/132673036.cms
2026-07-28T00:38:41,"Small, medium banks offer higher rates to attract NRI deposits",The Economic Times,https://economictimes.indiatimes.com/markets/stocks/news/small-medium-banks-offer-higher-rates-to-attract-nri-deposits/articleshow/132673032.cms
2026-07-28T00:31:20,Kotak Mahindra Bank taps HSBC and CTBC for $600-million overseas loan,The Economic Times,https://economictimes.indiatimes.com/markets/stocks/news/kotak-mahindra-bank-taps-hsbc-and-ctbc-for-600-million-overseas-loan/articleshow/132673025.cms
2026-07-27T21:28:10,Ahead of Market: 10 things that will decide stock market action on Tuesday,The Economic Times,https://economictimes.indiatimes.com/markets/stocks/news/ahead-of-market-10-things-that-will-decide-stock-market-action-on-tuesday/articleshow/132665751.cms
2026-07-27T19:51:24,"Adani Energy launches Rs 3,500 crore QIP, sets floor price at Rs 1,698 per share",The Economic Times,https://economictimes.indiatimes.com/markets/stocks/news/adani-energy-launches-qip-sets-floor-price-at-rs-1698-per-share/articleshow/132663955.cms
2026-07-27T18:42:19,Tata Chemicals Q1 Results: Profit plunges 81% to Rs 60 crore on higher expenses,The Economic Times,https://economictimes.indiatimes.com/markets/stocks/earnings/tata-chemicals-q1-profit-down-81-pc-to-rs-60-cr-on-higher-expenses/articleshow/132662595.cms
2026-07-27T18:34:48,Tamilnad Mercantile Bank Q1 profit jumps 35% on strong income growth,The Economic Times,https://economictimes.indiatimes.com/markets/stocks/earnings/tamilnad-mercantile-bank-q1-profit-jumps-35-on-strong-income-growth/articleshow/132662506.cms
2026-07-27T18:06:01,"Canara Bank targets up to $2.5 billion via FCNR-B, overseas borrowings",The Economic Times,https://economictimes.indiatimes.com/markets/stocks/news/canara-bank-targets-up-to-2-5-billion-via-fcnr-b-overseas-borrowings/articleshow/132661924.cms
2026-07-27T17:39:01,"Coal India Q1 Results: Net profit rises marginally to Rs 8,852 crore; PSU announces Rs 5.5 interim dividend",The Economic Times,https://economictimes.indiatimes.com/markets/stocks/earnings/coal-india-q1-results-net-profit-rises-marginally-to-rs-8852-crore-psu-announces-rs-5-5-interim-dividend/articleshow/132661057.cms
2026-07-27T17:21:07,"Tata Power Q1 Results: Net profit rises 11% YoY to Rs 1,176 crore, revenue up 6%",The Economic Times,https://economictimes.indiatimes.com/markets/stocks/earnings/tata-power-q1-results-net-profit-rises-11-yoy-to-rs-1176-crore-revenue-up-6/articleshow/132660751.cms
2026-07-27T17:02:33,Laurus Labs among 7 midcap stocks that hit 52-week highs and rallied up to 20% in a month,The Economic Times,https://economictimes.indiatimes.com/markets/stocks/news/laurus-labs-among-7-midcap-stocks-that-hit-52-week-highs-and-rallied-up-to-20-in-a-month/slideshow/132660496.cms
2026-07-27T16:58:48,"Market wrap: Eternal, HDFC Bank, Infosys among top gainers and losers on Nifty and Sensex on Monday",The Economic Times,https://economictimes.indiatimes.com/markets/stocks/news/market-wrap-eternal-hdfc-bank-infosys-among-top-gainers-and-losers-on-nifty-and-sensex-on-monday/articleshow/132660092.cms
2026-07-27T16:19:08,"BEL Q1 Results: Net profit rises 9% YoY to Rs 1,054 crore; revenue jumps 25%",The Economic Times,https://economictimes.indiatimes.com/markets/stocks/earnings/bel-q1-results-net-profit-rises-9-yoy-to-rs-1054-crore-revenue-jumps-25/articleshow/132659200.cms
2026-07-27T15:10:12,Mangalam Worldwide Q1 Results: Profit rises 19% to Rs 12 crore,The Economic Times,https://economictimes.indiatimes.com/markets/stocks/earnings/mangalam-worldwide-q1-results-profit-rises-19-to-rs-12-crore/articleshow/132657655.cms
2026-07-27T14:46:29,FIIs raise stakes in 10 largecap stocks in Q1; shares rally up to 50% YTD. Do you own any?,The Economic Times,https://economictimes.indiatimes.com/markets/stocks/news/fiis-raise-stakes-in-10-largecap-stocks-in-q1-shares-rally-up-to-50-ytd-do-you-own-any/slideshow/132657457.cms
2026-07-27T14:07:33,Global Market: European shares rise as oil slumps on US-Iran de-escalation; tech earnings in focus,The Economic Times,https://economictimes.indiatimes.com/markets/stocks/news/global-market-european-shares-rise-as-oil-slumps-on-us-iran-de-escalation-tech-earnings-in-focus/articleshow/132656621.cms
2026-07-27T12:45:59,Foreign capital inflows hit $32 billion as FCNR(B) deposits break 2013 record,The Economic Times,https://economictimes.indiatimes.com/markets/stocks/news/foreign-capital-inflows-hit-32-billion-as-fcnrb-deposits-break-2013-record/articleshow/132673042.cms
2026-07-27T12:26:52,Sunil Singhania adds two new stocks in Q1 that have risen up to 93% in 2026. Do you own any?,The Economic Times,https://economictimes.indiatimes.com/markets/stocks/news/sunil-singhania-adds-two-new-stocks-in-q1-that-have-risen-up-to-93-in-2026-do-you-own-any/articleshow/132654575.cms
2026-07-28T09:36:56,Tourism Ministry signs pact with Air India to boost global tourism campaign,The Economic Times,https://economictimes.indiatimes.com/industry/transportation/airlines-/-aviation/tourism-ministry-signs-pact-with-air-india-to-boost-global-tourism-campaign/articleshow/132674832.cms
2026-07-28T09:26:16,Christopher Nolan's dubbed films account for up to 30% of India box office collections,The Economic Times,https://economictimes.indiatimes.com/industry/media/entertainment/christopher-nolans-the-odyssey-dubbed-films-account-for-up-to-30-of-india-box-office-collections/articleshow/132674278.cms
2026-07-28T09:09:45,Bank of Baroda Data Leak: Compromised employee email linked to alleged 1TB data leak on darknet,The Economic Times,https://economictimes.indiatimes.com/industry/banking/finance/banking/bank-of-baroda-1tb-data-leak-on-darknet-reason-is-employee-email-compromise-core-banking-systems-cyber-insurance-claim-forensic-investigation/articleshow/132674252.cms
2026-07-28T09:04:54,Amritsar airport launches hub-and-spoke model for international transit via Delhi,The Economic Times,https://economictimes.indiatimes.com/industry/transportation/airlines-/-aviation/amritsar-airport-launches-hub-and-spoke-model-for-international-transit-via-delhi/articleshow/132674301.cms
2026-07-28T07:35:03,Coca-Cola India set to enter zero-caffeine market; to introduce global brand Coke Zero-Caffeine Zero-Sugar,The Economic Times,https://economictimes.indiatimes.com/industry/cons-products/food/coca-cola-india-set-to-enter-zero-caffeine-market-to-introduce-global-brand-coke-zero-caffeine-zero-sugar/articleshow/132673414.cms
2026-07-28T06:52:46,"Seats on hundreds of Boeing 737 MAX jets may need inspections, says FAA",The Economic Times,https://economictimes.indiatimes.com/industry/transportation/airlines-/-aviation/seats-on-hundreds-of-boeing-737-max-jets-may-need-inspections-says-faa/articleshow/132673191.cms
2026-07-28T05:30:00,"Govt plans Rs 80,000 crore package to attract deepwater oil explorers",The Economic Times,https://economictimes.indiatimes.com/industry/energy/oil-gas/govt-plans-rs-80000-crore-package-to-attract-deepwater-oil-explorers/articleshow/132670169.cms
2026-07-28T00:46:01,Bank of Baroda claims cyber cover after data breach,The Economic Times,https://economictimes.indiatimes.com/industry/banking/finance/insure/bank-of-baroda-claims-cyber-cover-after-data-breach/articleshow/132670034.cms
2026-07-28T00:43:52,Tata Power picks Odisha over Andhra Pradesh for 10 GW ingot plant,The Economic Times,https://economictimes.indiatimes.com/industry/energy/power/tata-power-picks-odisha-over-andhra-pradesh-for-ingot-plant/articleshow/132670042.cms
2026-07-28T00:43:49,"Air India turnaround to take 5-10 years, says Tata Sons' Chandrasekaran",The Economic Times,https://economictimes.indiatimes.com/industry/transportation/airlines-/-aviation/air-india-turnaround-to-take-5-10-years-says-tata-sons-chandrasekaran/articleshow/132669875.cms
2026-07-28T00:40:14,"Anicut Capital takes over Bira founder Ankur Jain's stake, to lead restructuring",The Economic Times,https://economictimes.indiatimes.com/industry/cons-products/liquor/anicut-capital-takes-over-bira-founder-ankur-jains-stake-to-lead-restructuring/articleshow/132669872.cms
2026-07-28T00:37:54,NPCIL gets sole proposal from Hindalco for Bharat Small Reactors,The Economic Times,https://economictimes.indiatimes.com/industry/energy/power/npcil-gets-sole-proposal-from-hindalco-for-bharat-small-reactors/articleshow/132669986.cms
2026-07-28T00:32:26,"Tea, TVs, cars and apparel to get costlier in August as West Asia conflict fuels fresh price hikes",The Economic Times,https://economictimes.indiatimes.com/industry/cons-products/fmcg/tea-tvs-cars-and-apparel-to-get-costlier-in-august-as-west-asia-conflict-fuels-fresh-price-hikes/articleshow/132669869.cms
2026-07-28T00:31:20,Kotak Mahindra Bank taps HSBC and CTBC for $600-million overseas loan,The Economic Times,https://economictimes.indiatimes.com/industry/banking/finance/banking/kotak-mahindra-bank-taps-hsbc-and-ctbc-for-600-million-overseas-loan/articleshow/132669873.cms
2026-07-27T23:36:56,"Centre readies healthcare compliance overhaul to boost hospitals in tier-2, tier-3 cities",The Economic Times,https://economictimes.indiatimes.com/industry/healthcare/biotech/healthcare/centre-readies-healthcare-compliance-overhaul-to-boost-hospitals-in-tier-2-tier-3-cities/articleshow/132668689.cms
2026-07-27T23:21:03,"Govt sets up task force for toy sector; to boost manufacturing, global share",The Economic Times,https://economictimes.indiatimes.com/industry/services/retail/govt-sets-up-task-force-for-toy-sector-to-boost-manufacturing-global-share/articleshow/132668145.cms
2026-07-27T23:00:02,Prime Video India signs multi-year deal with CJ ENM to bring over 100 Korean shows,The Economic Times,https://economictimes.indiatimes.com/industry/media/entertainment/media/prime-video-india-signs-multi-year-deal-with-cj-enm-to-bring-over-100-korean-shows/articleshow/132667628.cms
2026-07-27T21:52:05,Amazon eyes 2028 launch for direct-to-phone satellite network,The Economic Times,https://economictimes.indiatimes.com/industry/telecom/telecom-news/amazon-eyes-2028-launch-for-direct-to-phone-satellite-network/articleshow/132666035.cms
2026-07-27T21:22:34,Beverage makers fail to get any relief from FSSAI on energy drinks misbranding,The Economic Times,https://economictimes.indiatimes.com/industry/cons-products/food/beverage-makers-fail-to-get-any-relief-from-fssai-on-energy-drinks-misbranding/articleshow/132665620.cms
2026-07-27T20:48:13,"Waaree Renewable Technologies inks pact to enter Australia, New Zealand renewable energy market",The Economic Times,https://economictimes.indiatimes.com/industry/renewables/waaree-renewable-technologies-inks-pact-to-enter-australia-new-zealand-renewable-energy-market/articleshow/132665003.cms
2026-07-27T20:36:41,Karnataka: RuralShores &amp; Sathya Sai varsity launch AI skilling centre to connect village youth with global tech jobs,The Economic Times,https://economictimes.indiatimes.com/industry/services/education/karnataka-ruralshores-sathya-sai-varsity-launch-ai-skilling-centre-to-connect-village-youth-with-global-tech-jobs/articleshow/132664718.cms
2026-07-27T20:32:06,Air India's transformation 5-10 year journey; significant progress made: Tata Sons Chairman,The Economic Times,https://economictimes.indiatimes.com/industry/transportation/airlines-/-aviation/air-indias-transformation-5-10-year-journey-significant-progress-made-tata-sons-chairman/articleshow/132664694.cms
2026-07-27T20:25:06,Govt proposes three-year PUCC validity for BS-VI vehicles,The Economic Times,https://economictimes.indiatimes.com/industry/auto/auto-news/govt-proposes-three-year-pucc-validity-for-bs-vi-vehicles/articleshow/132664604.cms
2026-07-27T19:43:20,Tata Power eyes first solar exports to Europe as EU curbs China reliance,The Economic Times,https://economictimes.indiatimes.com/industry/renewables/tata-power-eyes-first-solar-exports-to-europe-as-eu-curbs-china-reliance/articleshow/132663868.cms
2026-07-27T19:36:03,Average airfare on 72 domestic routes rose 20.5 pc in June compared to May 2025: DGCA data,The Economic Times,https://economictimes.indiatimes.com/industry/transportation/airlines-/-aviation/average-airfare-on-72-domestic-routes-rose-20-5-pc-in-june-compared-to-may-2025-dgca-data/articleshow/132663680.cms
2026-07-27T19:06:52,Alternate fuel penetration in Indian CV industry to touch 40-45% by FY30: ICRA,The Economic Times,https://economictimes.indiatimes.com/industry/auto/lcv-hcv/alternate-fuel-penetration-in-indian-cv-industry-to-touch-40-45-by-fy30-icra/articleshow/132663075.cms
2026-07-27T18:28:52,Govt says no assessment of share of vehicles compatible with E20 petrol,The Economic Times,https://economictimes.indiatimes.com/industry/energy/oil-gas/govt-says-no-assessment-of-share-of-vehicles-compatible-with-e20-petrol/articleshow/132662357.cms
2026-07-27T16:59:13,"Parliamentary panel asks govt to consider reviving urea plants at Durgapur, Haldia, Korba to boost output",The Economic Times,https://economictimes.indiatimes.com/industry/indl-goods/svs/chem-/-fertilisers/parliamentary-panel-asks-govt-to-consider-reviving-urea-plants-at-durgapur-haldia-korba-to-boost-output/articleshow/132659933.cms
2026-07-27T16:46:21,"HDFC Bank fines CEO, CFO Rs 1 lakh each over MSRDC deposit case",The Economic Times,https://economictimes.indiatimes.com/industry/banking/finance/banking/hdfc-bank-fines-ceo-cfo-rs-1-lakh-each-over-msrdc-deposit-case/articleshow/132659924.cms
2026-07-27T16:36:41,"India needs 86 GW additional thermal power by FY36, 64 GW under works: Govt",The Economic Times,https://economictimes.indiatimes.com/industry/renewables/india-to-boost-thermal-power-by-86-gw-by-2036-minister-naik-reveals-urgent-need/articleshow/132659498.cms
2026-07-27T16:17:03,Samsung?s Galaxy Z Fold 8 ?passport? design is the next big smartphone trend,The Economic Times,https://economictimes.indiatimes.com/industry/cons-products/electronics/samsungs-galaxy-z-fold-8-passport-design-is-the-next-big-smartphone-trend/articleshow/132658792.cms
2026-07-27T16:12:57,"HDFC Bank fines CEO, CFO ?1 lakh each after MSRDC review finds 'business overreach'",The Economic Times,https://economictimes.indiatimes.com/industry/banking/finance/banking/hdfc-bank-fines-ceo-cfo-1-lakh-each-after-msrdc-review-finds-business-overreach/articleshow/132658985.cms
2026-07-27T15:52:59,"India orders Pepsi, Red Bull, Monster and others to drop ?energy drink? label despite industry protests",The Economic Times,https://economictimes.indiatimes.com/industry/cons-products/food/india-orders-pepsi-red-bull-monster-and-others-to-drop-energy-drink-label-despite-industry-protests/articleshow/132658451.cms
2026-07-27T14:45:55,"MRPL seeks crude via tender avoiding Red Sea and Hormuz, document shows",The Economic Times,https://economictimes.indiatimes.com/industry/energy/oil-gas/mrpl-seeks-crude-via-tender-avoiding-red-sea-and-hormuz-document-shows/articleshow/132657240.cms
2026-07-27T14:09:56,Why compact SUVs continue to dominate Bengaluru's used car market,The Economic Times,https://economictimes.indiatimes.com/industry/auto/cars-uvs/why-compact-suvs-continue-to-dominate-bengalurus-used-car-market/articleshow/132656183.cms
2026-07-27T14:08:25,Arvind Kejriwal announces 'National Town Hall' on E20; to hand over 2 lakh petitions to PM Modi,The Economic Times,https://economictimes.indiatimes.com/industry/energy/oil-gas/arvind-kejriwal-announces-national-town-hall-on-e20-to-hand-over-2-lakh-petitions-to-pm-modi/videoshow/132656695.cms
2026-07-27T13:41:43,BNP Paribas Cardif to bring bancassurance expertise to IndiaFirst Life after stake buy,The Economic Times,https://economictimes.indiatimes.com/industry/banking/finance/insure/bnp-paribas-cardif-acquires-26-stake-in-indiafirst-life-reinforcing-bancassurance-model-in-india/articleshow/132656186.cms
2026-07-27T13:40:05,Hawelia Group becomes founding member of Indian Green Building Council,The Economic Times,https://economictimes.indiatimes.com/industry/services/property-/-cstruction/hawelia-group-becomes-founding-member-of-indian-green-building-council/articleshow/132656177.cms
2026-07-27T13:32:21,Bank of Baroda data reportedly leaked on dark web,The Economic Times,https://economictimes.indiatimes.com/industry/banking/finance/banking/bank-of-baroda-data-reportedly-leaked-on-dark-web/articleshow/132656112.cms
2026-07-27T13:21:29,"Audi must work with Volkswagen to realign business, says CFO",The Economic Times,https://economictimes.indiatimes.com/industry/auto/auto-news/audi-must-work-with-volkswagen-to-realign-business-says-cfo/articleshow/132655789.cms
2026-07-27T13:02:54,Saudi oil can still get out ? but it won?t be cheap or easy,The Economic Times,https://economictimes.indiatimes.com/industry/energy/oil-gas/saudi-arabia-oil-can-still-get-out-but-it-wont-be-cheap-or-easy-hormuz-red-sea-houthi-blockade-bab-el-mandeb-tanker-attack-iran-war/articleshow/132654979.cms
2026-07-27T12:47:05,Top retailers battle for premium mall space as supply lags demand,The Economic Times,https://economictimes.indiatimes.com/industry/services/property-/-cstruction/top-retailers-battle-for-premium-mall-space-as-supply-lags-demand/articleshow/132654925.cms
2026-07-27T12:10:46,China export curbs put $6.5 trillion global supply chains at risk: IEA,The Economic Times,https://economictimes.indiatimes.com/industry/indl-goods/svs/metals-mining/china-export-curbs-put-6-5-trillion-global-supply-chains-at-risk-iea/articleshow/132654167.cms
2026-07-27T12:10:13,SC says Nilekani-led task force recommendations will be key to online NEET decision,The Economic Times,https://economictimes.indiatimes.com/industry/services/education/sc-says-nilekani-led-task-force-recommendations-will-be-key-to-online-neet-decision/articleshow/132654207.cms
2026-07-27T11:23:28,Radisson Hotel signs 10 new hotels from India's religious spots to tech hub Bengaluru,The Economic Times,https://economictimes.indiatimes.com/industry/services/hotels-/-restaurants/radisson-hotel-signs-10-new-hotels-across-indias-religious-spots-to-tech-hub-bengaluru/articleshow/132653412.cms
2026-07-27T08:55:55,India may see up to $85 billion in forex inflows after RBI's FCNR move: Report,The Economic Times,https://economictimes.indiatimes.com/industry/banking/finance/india-may-see-up-to-85-billion-in-forex-inflows-after-rbis-fcnr-move-report/articleshow/132651614.cms
2026-07-27T08:49:25,PHC Mogla brings healthcare closer to Rajouri's remote villages,The Economic Times,https://economictimes.indiatimes.com/industry/healthcare/biotech/healthcare/phc-mogla-brings-healthcare-closer-to-rajouris-remote-villages/articleshow/132651597.cms
2026-07-27T08:43:07,Smoke detected in Dhauli Express in Odisha; affected coach detached,The Economic Times,https://economictimes.indiatimes.com/industry/transportation/railways/smoke-detected-in-dhauli-express-in-odisha-affected-coach-detached/articleshow/132651487.cms
2026-07-27T08:31:39,"Investment platform Strata invests ?96 crore in Chennai, Bengaluru residential projects",The Economic Times,https://economictimes.indiatimes.com/industry/services/property-/-cstruction/investment-platform-strata-invests-96-crore-in-chennai-bengaluru-residential-projects/articleshow/132651349.cms
2026-07-27T08:27:12,Maruti Suzuki Brezza 2026 vs old model: Here's everything that's new in the facelift model,The Economic Times,https://economictimes.indiatimes.com/industry/auto/auto-news/maruti-suzuki-brezza-2026-vs-old-model-heres-everything-thats-new-in-the-facelift-model/articleshow/132651286.cms
2026-07-28T09:44:58,"Global Market: ECB may need more rate hikes to curb inflation risks, says Kazimir",The Economic Times,https://economictimes.indiatimes.com/markets/us-stocks/news/global-market-ecb-may-need-more-rate-hikes-to-curb-inflation-risks-says-kazimir/articleshow/132674958.cms
2026-07-28T09:40:20,Rupee rises 35 paise to 95.64 against US dollar in early trade,The Economic Times,https://economictimes.indiatimes.com/markets/forex/rupee-rises-35-paise-to-95-64-against-us-dollar-in-early-trade/articleshow/132674886.cms
2026-07-28T09:37:56,Xtranet Technologies IPO allotment likely today; GMP signals modest listing gains. Here's how to check status,The Economic Times,https://economictimes.indiatimes.com/markets/ipos/fpos/xtranet-technologies-ipo-allotment-likely-today-gmp-signals-modest-listing-gains-heres-how-to-check-status/articleshow/132674822.cms
2026-07-28T09:34:06,"Global Market: Zhongji Innolight raises $6.81 billion in Hong Kong listing, Asia?s second-biggest IPO of 2026",The Economic Times,https://economictimes.indiatimes.com/markets/us-stocks/news/global-market-zhongji-innolight-raises-6-81-billion-in-hong-kong-listing-asias-second-biggest-ipo-of-2026/articleshow/132674737.cms
2026-07-28T09:32:06,Lohia Corp IPO allotment likely today; GMP hints at modest listing gains. Here is how to check status,The Economic Times,https://economictimes.indiatimes.com/markets/ipos/fpos/lohia-corp-ipo-allotment-likely-today-gmp-hints-at-modest-listing-gains-here-is-how-to-check-status/articleshow/132674784.cms
2026-07-28T09:23:55,Indo-MIM IPO allotment likely today; GMP signals 39% listing gain. Here?s how to check status,The Economic Times,https://economictimes.indiatimes.com/markets/ipos/fpos/indo-mim-ipo-allotment-likely-today-gmp-signals-39-listing-gain-heres-how-to-check-status/articleshow/132674610.cms
2026-07-28T08:26:16,HUL Share Price Live Updates: HUL's Market Update,The Economic Times,https://economictimes.indiatimes.com/markets/stocks/stock-liveblog/hul-share-price-live-28-jul-2026/liveblog/132673933.cms
2026-07-28T08:06:08,South Korea?s Kospi tanks 8% despite US-Iran war optimism. Here are 4 reasons why,The Economic Times,https://economictimes.indiatimes.com/markets/us-stocks/news/south-koreas-kospi-tanks-8-despite-us-iran-war-optimism-here-are-4-reasons-why/articleshow/132673708.cms
2026-07-28T08:01:23,Jio Financial Services Share Price Live Updates: Positive Momentum for Jio Financial Services,The Economic Times,https://economictimes.indiatimes.com/markets/stocks/stock-liveblog/jio-financial-services-share-price-today-live-28-jul-2026/liveblog/132673666.cms
2026-07-28T07:51:10,Nifty could deliver low-teen returns as earnings drive next leg of bull market: Anand Rathi AMC,The Economic Times,https://economictimes.indiatimes.com/markets/expert-view/nifty-could-deliver-low-teen-returns-as-earnings-drive-next-leg-of-bull-market-anand-rathi-amc/articleshow/132673544.cms
2026-07-28T07:32:02,Gold slips as firm dollar weighs; focus turns to Fed meeting,The Economic Times,https://economictimes.indiatimes.com/markets/commodities/news/gold-slips-as-firm-dollar-weighs-focus-turns-to-fed-meeting/articleshow/132673425.cms
2026-07-28T07:30:40,"Oil Price Today (July 28): Crude oil dips 10% in two sessions as US, Iran mull peace talks. What are experts saying?",The Economic Times,https://economictimes.indiatimes.com/markets/commodities/news/oil-price-today-july-28-crude-oil-dips-10-in-two-sessions-as-us-iran-mull-peace-talks-what-are-experts-saying/articleshow/132673398.cms
2026-07-28T07:30:04,South Korea's KOSPI drops 7% as global chipmaker selloff deepens,The Economic Times,https://economictimes.indiatimes.com/markets/us-stocks/news/south-koreas-kospi-drops-7-as-global-chipmaker-selloff-deepens/articleshow/132673411.cms
2026-07-28T07:28:03,Dollar hits one-month high on lingering chances of Fed hike,The Economic Times,https://economictimes.indiatimes.com/markets/forex/forex-news/dollar-hits-one-month-high-on-lingering-chances-of-fed-hike/articleshow/132673393.cms
2026-07-28T06:37:03,Oil prices fall 1% as investors weigh pause in US strikes on Iran,The Economic Times,https://economictimes.indiatimes.com/markets/commodities/news/oil-prices-fall-1-as-investors-weigh-pause-in-us-strikes-on-iran/articleshow/132673143.cms
2026-07-28T06:32:37,"Global Market Today: Asian stocks fall on AI jitters, oil extends drop",The Economic Times,https://economictimes.indiatimes.com/markets/us-stocks/news/global-market-today-asian-stocks-fall-on-ai-jitters-oil-extends-drop/articleshow/132673128.cms
2026-07-28T06:27:20,CXMT's 466% listing pop makes it China's most valuable firm,The Economic Times,https://economictimes.indiatimes.com/markets/us-stocks/news/cxmts-466-listing-pop-makes-it-chinas-most-valuable-firm/articleshow/132673059.cms
2026-07-28T06:05:19,"Juniper Green Energy sets price band for Rs 1,800-cr IPO at Rs 214?225",The Economic Times,https://economictimes.indiatimes.com/markets/ipos/fpos/juniper-green-energy-sets-price-band-for-rs-1800-cr-ipo-at-rs-214225/articleshow/132673015.cms
2026-07-28T01:31:59,US stocks: US market ends mixed as investors focus on tech earnings,The Economic Times,https://economictimes.indiatimes.com/markets/us-stocks/news/us-stocks-us-market-ends-mixed-as-investors-focus-on-tech-earnings/articleshow/132670435.cms
2026-07-28T09:50:00,IndiGo shares trade green despite corporate shake-up. Do you own?,Livemint,https://www.livemint.com/market/stock-market-news/indigo-shares-trade-green-despite-corporate-shake-up-do-you-own-11785211147754.html
2026-07-28T09:50:00,"Lohia Corp IPO allotment in focus today; latest GMP, 6 steps to check status",Livemint,https://www.livemint.com/market/ipo/lohia-corp-ipo-gmp-lohia-corp-ipo-subscription-status-lohia-corp-ipo-allotment-date-lohia-corp-ipo-details-lohia-corp-11785209319175.html
2026-07-28T09:33:38,"Coforge, Infosys to TCS: IT stocks rally as US software stocks outperform SOX last night; Nifty IT index jumps around 3%",Livemint,https://www.livemint.com/market/stock-market-news/coforge-infosys-to-tcs-it-stocks-rally-as-us-software-stocks-outperform-sox-last-night-nifty-it-index-jumps-around-3-11785209354512.html
2026-07-28T09:07:05,Gold and silver prices drop up to 1% on MCX due to profit booking ahead of US Fed policy decision,Livemint,https://www.livemint.com/market/commodities/gold-and-silver-prices-drop-up-to-1-on-mcx-due-to-profit-booking-ahead-of-us-fed-policy-decision-11785208468132.html
2026-07-28T09:05:38,Rupee opens 15 paise higher at 95.76 against US dollar,Livemint,https://www.livemint.com/market/stock-market-news/rupee-opens-15-paise-higher-at-95-76-against-us-dollar-11785209625417.html
2026-07-28T08:45:22,Indo-MIM IPO allotment likely today: Here's how to check allotment status online as GMP remains strong,Livemint,https://www.livemint.com/market/ipo/indomim-ipo-allotment-likely-today-heres-how-to-check-allotment-status-online-as-ipo-gmp-remains-strong-11785207366223.html
2026-07-28T08:34:43,"Buy or sell: Gift Nifty signals flat opening, Vaishali Parekh recommends three intraday stocks to buy today",Livemint,https://www.livemint.com/market/stock-market-news/buy-or-sell-gift-nifty-signals-flat-opening-vaishali-parekh-recommends-three-intraday-stocks-to-buy-today-11785204875543.html
2026-07-28T08:33:50,Shares to buy or sell: Chandan Taparia of Motilal Oswal recommends three stocks to buy today - 28 July 2026,Livemint,https://www.livemint.com/market/stock-market-news/shares-to-buy-or-sell-chandan-taparia-of-motilal-oswal-recommends-three-stocks-to-buy-today-28-july-2026-11785207316490.html
2026-07-28T08:22:48,"Stock market today: Gift Nifty hints a flat start; eight day trading stocks to buy on Tuesday, 28 July",Livemint,https://www.livemint.com/market/stock-market-news/stock-market-today-gift-nifty-hints-a-flat-start-eight-day-trading-stocks-to-buy-on-tuesday-28-july-11785204408295.html
2026-07-28T08:19:45,Q1 results 2026: L&amp;T to HUL among companies to declare Q1 results today; full list here,Livemint,https://www.livemint.com/market/stock-market-news/q1-results-2026-l-t-to-hul-among-companies-to-declare-q1-results-today-full-list-here-11785205470276.html
2026-07-28T07:52:57,"Stocks to watch: L&amp;T, HUL, HDFC Bank among shares in focus today; check list here",Livemint,https://www.livemint.com/market/stock-market-news/stocks-to-watch-l-t-hul-hdfc-bank-among-shares-in-focus-today-check-list-here-11785204276700.html
2026-07-28T07:36:33,US stocks to Asian markets today: Global equity heatmap you may like to know before Dalal Street opens on Tuesday,Livemint,https://www.livemint.com/market/stock-market-news/us-stocks-to-asian-markets-today-global-markets-equity-heatmap-you-may-like-to-know-before-dalal-street-opens-on-tuesday-11785202795698.html
2026-07-28T07:33:36,"Nifty 50, Sensex prediction today: Check how Indian stock market is expected to trade on 28 July",Livemint,https://www.livemint.com/market/stock-market-news/nifty-50-sensex-prediction-today-check-how-indian-stock-market-is-expected-to-trade-on-28-july-11785202602527.html
2026-07-28T07:31:10,Breakout stocks to buy or sell: Sumeet Bagadia recommends five shares to buy today ? 28 July 2026,Livemint,https://www.livemint.com/market/stock-market-news/breakout-stocks-to-buy-or-sell-sumeet-bagadia-recommends-five-shares-to-buy-today-28-july-2026-11785203038193.html
2026-07-28T07:30:28,"Stocks to buy for short term: BHEL, Mahindra and Mahindra among 6 stocks experts recommend for next 1-2 weeks",Livemint,https://www.livemint.com/market/stock-market-news/stocks-to-buy-for-short-term-bhel-mahindra-and-mahindra-among-6-stocks-experts-recommend-for-next-1-2-weeks-11785165963810.html
2026-07-28T07:12:28,"From Gift Nifty, US chip stocks sell-off to oil prices: 8 key things that changed for Indian stock market overnight",Livemint,https://www.livemint.com/market/stock-market-news/from-gift-nifty-us-chip-stocks-sell-off-to-oil-prices-8-key-things-that-changed-for-indian-stock-market-overnight-11785201090458.html
2026-07-28T07:10:17,SK Hynix?s $470 Billion Selloff Shows Cracks in Memory-Chip Boom,Livemint,https://www.livemint.com/market/sk-hynix-s-470-billion-selloff-shows-cracks-in-memory-chip-boom-11785202818088.html
2026-07-28T07:05:10,Oil Extends Decline as Optimism Over Iran Talks Gains Traction,Livemint,https://www.livemint.com/market/oil-extends-decline-as-optimism-over-iran-talks-gains-traction-11785202511039.html
2026-07-28T06:51:59,Bitcoin Weakens in Asia Trading as Fed Rate Decision Looms,Livemint,https://www.livemint.com/market/bitcoin-weakens-in-asia-trading-as-fed-rate-decision-looms-11785201719389.html
2026-07-28T06:35:17,Crude oil prices extend losses on US-Iran peace talks; Brent below $90 per barrel,Livemint,https://www.livemint.com/market/commodities/crude-oil-prices-extend-losses-on-us-iran-peace-talks-brent-below-90-per-barrel-11785199818976.html
2026-07-28T06:30:47,Covered calls: how funds are shielding their capital in a tough market,Livemint,https://www.livemint.com/market/covered-calls-how-funds-are-shielding-their-capital-in-a-tough-market-11785143663546.html
2026-07-28T06:00:47,Where are HCC shares headed in 2027?,Livemint,https://www.livemint.com/market/stock-market-news/hindustan-construction-hcc-stock-analysis-2027-growth-outlook-debt-reduction-order-book-11785149264813.html
2026-07-28T06:00:07,Raja Venkatraman recommends three stocks for 28 July,Livemint,https://www.livemint.com/market/stock-market-news/raja-venkatraman-recommends-three-stocks-for-28-july-11785153779486.html
2026-07-28T05:51:06,"Fund managers build dedicated Reit, InvIT portfolios as market deepens",Livemint,https://www.livemint.com/market/reits-invits-fund-managers-india-investor-portfolio-invetsment-category-11785141226177.html
2026-07-28T05:45:06,Stock recommendations for 28 July from MarketSmith India,Livemint,https://www.livemint.com/market/stock-market-news/stock-recommendations-28-july-marketsmith-india-11785153189703.html
2026-07-28T05:21:09,Gold Holds Gain as Trump Sounds Optimism Over US-Iran Talks,Livemint,https://www.livemint.com/market/gold-holds-gain-as-trump-sounds-optimism-over-us-iran-talks-11785196269613.html
2026-07-28T02:20:24,Treasuries Rise as Elevated Yields Attract Buyers Before Fed,Livemint,https://www.livemint.com/market/treasuries-rise-as-elevated-yields-attract-buyers-before-fed-11785185425092.html
2026-07-28T01:32:44,Wall Street ends mixed as investors focus on tech earnings,Livemint,https://www.livemint.com/market/wall-street-ends-mixed-as-investors-focus-on-tech-earnings-11785182564454.html
2026-07-28T01:17:30,Dollar eases as oil prices fall on pause in Middle East conflict,Livemint,https://www.livemint.com/market/dollar-eases-as-oil-prices-fall-on-pause-in-middle-east-conflict-11785181650901.html
2026-07-28T00:45:51,US yields decline as oil plunges?,Livemint,https://www.livemint.com/market/us-yields-decline-as-oil-plunges-11785179752035.html
2026-07-27T22:51:33,"Gold, silver prices today: Comex gold and silver edge higher as easing US-Iran tensions cool oil prices",Livemint,https://www.livemint.com/market/commodities/gold-silver-prices-today-comex-gold-and-silver-edge-higher-as-easing-us-iran-tensions-cool-oil-prices-11785169046300.html
2026-07-27T22:48:11,AstraZeneca shares climb after earnings beat estimates as cancer drug portfolio drives strong growth,Livemint,https://www.livemint.com/market/stock-market-news/astrazeneca-shares-climb-after-earnings-beat-estimates-as-cancer-drug-portfolio-drives-strong-growth-11785169429376.html
2026-07-27T21:19:59,Mold-Tek Packaging Q1 results: Net profit jumps 14% YoY to  ?25.6 crore; revenue crosses  ?300 crore,Livemint,https://www.livemint.com/market/stock-market-news/moldtek-packaging-q1-results-net-profit-jumps-14-yoy-to-rs-25-6-crore-revenue-crosses-rs-300-crore-11785166078548.html
2026-07-27T19:54:47,"Crude tumbles as US-Iran pause eases pressure, but risks to India?s oil supply remain",Livemint,https://www.livemint.com/market/commodities/crude-tumbles-as-us-iran-pause-eases-pressure-but-risks-to-indias-oil-supply-remain-11785153779446.html
2026-07-27T19:29:59,PE at 18! Small-cap stock hits 52-week high logging 14% intraday gain,Livemint,https://www.livemint.com/market/stock-market-news/pe-at-18-small-cap-stock-hits-52-week-high-logging-14-intraday-gain-11785159683498.html
2026-07-28T07:00:08,Decoded: Tata Sons' annual report,Livemint,https://www.livemint.com/companies/news/decoded-tata-sons-annual-report-11785178573200.html
2026-07-28T06:15:47,"PayU gears up for the next payments battle with UPI credit, Mindgate",Livemint,https://www.livemint.com/companies/news/payu-gears-up-for-the-next-payments-battle-with-upi-credit-mindgate-11785146612804.html
2026-07-28T01:32:44,Bankrupt Aquatic Parks Selling Dolphins Amid Fight With Ex-CEO,Livemint,https://www.livemint.com/companies/bankrupt-aquatic-parks-selling-dolphins-amid-fight-with-exceo-11785182564510.html
2026-07-27T22:43:16,Tata Teleservices'  ?4.5k cr impairment a key hit to Tata Sons' profit in FY26,Livemint,https://www.livemint.com/companies/tata-teleservices-4-5k-cr-impairment-a-key-hit-to-tata-sons-profit-in-fy26-11785169626831.html
2026-07-27T22:33:21,The youngest company in Tata's consumer portfolio is its fastest-growing,Livemint,https://www.livemint.com/companies/company-results/trent-revenue-growth-zudio-westside-noel-tata-fy26-tata-group-retail-11785163427842.html
2026-07-27T22:19:19,Employee work-hour rules: Why Infosys? time-tracking system triggered  ?1.90 crore fine in France,Livemint,https://www.livemint.com/companies/news/employee-work-hour-rules-why-infosys-time-tracking-system-triggered-1-90-crore-fine-in-france-11785166476797.html
2026-07-27T22:06:14,"Tata Sons profit grows 21.8% in FY26, revenue tops  ?42,367 crore; Air India losses deepen",Livemint,https://www.livemint.com/companies/company-results/tata-sons-fy26-profit-jumps-21-8-per-cent-to-rs-31-961-crore-as-revenue-rises-9-per-cent-air-india-losses-widen-11785169273992.html
2026-07-27T21:48:49,Tata 1mg narrows losses in core healthcare business,Livemint,https://www.livemint.com/companies/company-results/tata-1mg-narrows-losses-in-core-healthcare-business-11785159569352.html
2026-07-27T21:36:06,Tata Sons' new businesses sink deeper into red,Livemint,https://www.livemint.com/companies/tata-sons-new-businesses-sink-deeper-into-red-11785161445775.html
2026-07-27T21:30:19,Tata Sons' Chandrasekaran says Air India turnaround could take a decade amid deepening losses,Livemint,https://www.livemint.com/companies/news/tata-sons-chandrasekaran-says-air-india-turnaround-could-take-a-decade-amid-deepening-losses-11785161446266.html
2026-07-27T21:29:37,"Tata CLiQ trims FY26 losses, but luxury identity remains its biggest hurdle",Livemint,https://www.livemint.com/companies/company-results/tata-cliq-trims-fy26-losses-but-luxury-identity-remains-its-biggest-hurdle-11785160839792.html
2026-07-27T21:16:02,Bank of Baroda 1TB data breach linked to compromised employee email,Livemint,https://www.livemint.com/companies/bank-of-baroda-1tb-data-breach-linked-to-compromised-employee-email-customer-data-leaked-11785160860055.html
2026-07-27T21:09:18,"Nvidia, Microsoft, SpaceX, Palantir launch AI safety pact after rogue OpenAI cyberattack on Hugging Face",Livemint,https://www.livemint.com/companies/news/nvidia-microsoft-spacex-palantir-launch-ai-safety-pact-after-rogue-openai-cyberattack-on-hugging-face-china-ai-curbs-11785164054896.html
2026-07-27T18:58:05,"FSSAI orders Pepsi, Red Bull, Monster to drop ?energy drink? label from high-caffeine products",Livemint,https://www.livemint.com/companies/news/fssai-orders-pepsi-red-bull-monster-to-drop-energy-drink-label-from-high-caffeine-products-11785155926050.html
2026-07-27T18:22:25,Delhi HC seeks govt's stand on rejection of Vedanta Gujarat field contract extension,Livemint,https://www.livemint.com/companies/news/delhi-hc-govt-vedanta-gujarat-cambay-basin-oil-and-gas-field-11785153535165.html
2026-07-27T17:28:08,"Lodha Developers plans to raise  ?9,000 cr by selling Palava land to hyperscalers",Livemint,https://www.livemint.com/companies/lodha-developers-data-centre-land-sales-palava-hyperscalers-rental-income-growth-11785145340032.html
2026-07-27T16:57:37,"HDFC Bank CEO and MD, CFO get warning letters,  ?1 lakh penalty for ?business overreach? in MSRDC deposits",Livemint,https://www.livemint.com/companies/news/hdfc-bank-ceo-md-cfo-rs-1-lakh-penalty-for-business-overreach-employees-warning-letters-msrdc-deposits-internal-review-11785151043491.html
2026-07-27T16:30:44,A $250 billion AI boost? Nvidia reportedly in talks to back OpenAI?s Ohio data centre project,Livemint,https://www.livemint.com/ai/artificial-intelligence/a-250-billion-ai-boost-nvidia-reportedly-in-talks-to-back-openai-s-ohio-data-centre-project-11785146521823.html
2026-07-27T16:26:34,CXMT shares soar 500% in blockbuster stock market debut: What to know about Changxin Technology Group,Livemint,https://www.livemint.com/companies/news/cmxt-changxin-technology-group-chinese-chip-maker-stock-price-jumps-500-pc-most-valuable-company-status-about-ai-benefit-11785143821729.html
2026-07-27T14:55:59,One or two stores can't serve all of India anymore: Bharti Real Estate CEO,Livemint,https://www.livemint.com/companies/news/one-or-two-stores-cant-serve-all-of-india-anymore-bharti-real-estate-ceo-11785123927129.html
2026-07-27T12:48:20,HCLTech becomes first Indian IT services firm to form small-business unit,Livemint,https://www.livemint.com/companies/news/hcltech-neo-ai-mid-market-it-services-11785131287633.html
2026-07-27T12:40:25,HUL Q1 Preview: Volume growth in focus amid rural headwinds,Livemint,https://www.livemint.com/companies/company-results/hul-q1-results-hindustan-unilever-volume-growth-price-hikes-11785120130206.html
2026-07-27T12:08:03,Quadria Capital expects Fund III cash returns to reach 1.5x by early 2027,Livemint,https://www.livemint.com/companies/news/quadria-capital-fund-iii-dpi-healthcare-exits-11785122830331.html
2026-07-27T09:43:00,Traffic to start flowing Monday across new bridge between Canada and US,Livemint,https://www.livemint.com/companies/traffic-to-start-flowing-monday-across-new-bridge-between-canada-and-us-11785125580682.html
2026-07-27T07:53:46,Analysts reaction to Bank Indonesia Governor Perry Warjiyo stepping down,Livemint,https://www.livemint.com/companies/analysts-reaction-to-bank-indonesia-governor-perry-warjiyo-stepping-down-11785119026908.html
2026-07-27T06:05:28,How MRF?s 102-member promoter family has stayed united for 80 years,Livemint,https://www.livemint.com/companies/mrf-promoter-group-family-shareholding-ownership-structure-11785053877402.html
2026-07-27T06:00:08,Apple's India iPhone boom hits first speed bump in four years,Livemint,https://www.livemint.com/companies/news/apples-india-iphone-boom-hits-first-speed-bump-in-four-years-11784814247505.html
2026-07-27T05:30:48,AI intensifies pricing war among IT services firms,Livemint,https://www.livemint.com/companies/ai-intensifies-pricing-war-among-it-services-firms-11785052071499.html
2026-07-27T05:30:28,"Jindal Steel acknowledges leadership churn, banks on new hires for stability",Livemint,https://www.livemint.com/companies/news/jindal-steel-leadership-churn-new-management-q1fy27-strategy-11785050822956.html
2026-07-27T02:33:55,Australia to Spend $3.2 Billion to Build Up Aukus Shipyard,Livemint,https://www.livemint.com/companies/australia-to-spend-3-2-billion-to-build-up-aukus-shipyard-11785099836300.html
2026-07-26T20:07:43,Shein swings to quarterly loss ahead of Hong Kong IPO,Livemint,https://www.livemint.com/companies/shein-swings-to-quarterly-loss-ahead-of-hong-kong-ipo-11785076663686.html
2026-07-26T17:46:53,"Wipro Consumer, Murugappa lead race for Double Horse",Livemint,https://www.livemint.com/companies/wipro-consumer-care-murugappa-double-horseacquisition-11785041561851.html
2026-07-26T14:25:50,"Women athletes are helping Niva Bupa build trust in health insurance, says CMO",Livemint,https://www.livemint.com/companies/news/niva-bupa-commonwealth-games-sponsorship-health-insurance-marketing-11785039689093.html
2026-07-26T11:21:59,What is Prentis? Reid Hoffman-backed AI startup in talks to raise $100 million funding: Report,Livemint,https://www.livemint.com/companies/news/what-is-prentis-reid-hoffman-backed-ai-startup-in-talks-to-raise-100-million-funding-report-11785035306888.html
2026-07-26T11:21:36,Mobileye Founder Stepping Down as CEO After Volatile Run,Livemint,https://www.livemint.com/companies/mobileye-founder-stepping-down-as-ceo-after-volatile-run-11785045096499.html
2026-07-28T09:00:01,Filing ITR Now? Don't Hit 'Submit' Before Checking These Details,NDTV Profit,https://www.ndtvprofit.com/personal-finance/filing-itr-now-dont-hit-submit-before-checking-these-details-11829803#publisher=newsstand
2026-07-28T08:55:47,V-Mart Shares In Focus As Systematix Lifts Target Price After Inline Q1 ? Check Upside,NDTV Profit,https://www.ndtvprofit.com/markets/v-mart-retail-shares-in-focus-as-systematix-lifts-target-price-after-inline-q1-results-check-upside-11830630#publisher=newsstand
2026-07-28T08:55:10,"Stocks To Buy: Check Kush Bohra's Top Picks Of The Day | July 28, 2026",NDTV Profit,https://www.ndtvprofit.com/markets/cosmo-first-universal-cables-mm-forgings-in-focus-stocks-to-buy-check-kush-bohras-top-picks-of-the-day-july-28-2026-11830629#publisher=newsstand
2026-07-28T08:47:38,"Xtranet Technologies IPO Allotment Today: How To Check Status, Latest GMP, Listing Date",NDTV Profit,https://www.ndtvprofit.com/markets/xtranet-technologies-ipo-allotment-steps-to-check-status-latest-gmp-and-more-11828481#publisher=newsstand
2026-07-28T08:45:16,"Microsoft Launches Cybersecurity Model: How It Works, Key Features And Other Details",NDTV Profit,https://www.ndtvprofit.com/technology/microsoft-launches-cybersecurity-model-how-it-works-key-features-and-other-details-11830557#publisher=newsstand
2026-07-28T08:44:54,"Meesho's Growth Cart Has A Profit Problem, Says Macquarie; Flags 30% Downside ? Here's Why",NDTV Profit,https://www.ndtvprofit.com/markets/meeshos-growth-cart-has-a-profit-problem-says-macquarie-flags-30-downside-heres-why-11830608#publisher=newsstand
2026-07-28T08:36:46,"$1200000000000 Wiped Out As Nvidia, Tesla, Alphabet Lead US Tech Shares' Four-Day Rout",NDTV Profit,https://www.ndtvprofit.com/markets/1200000000000-wiped-out-as-us-tech-shares-extend-four-day-rout-11830578#publisher=newsstand
2026-07-28T08:34:30,"Coal India Q1 Review: Jefferies Plays Sole Bull As Rivals Trim Target Price ? Buy, Sell, Or Hold?",NDTV Profit,https://www.ndtvprofit.com/markets/coal-india-q1-review-jefferies-plays-sole-bull-as-rivals-trim-targets-on-earnings-miss-buy-sell-or-hold-11830586#publisher=newsstand
2026-07-28T08:33:06,"Lohia Corp IPO Allotment Today: How To Check Status, Latest GMP, Listing Date",NDTV Profit,https://www.ndtvprofit.com/markets/lohia-corp-ipo-allotment-today-how-to-check-status-latest-gmp-listing-date-11828456#publisher=newsstand
2026-07-28T08:30:31,Coforge To Set Up Entity In China To Expand Operations,NDTV Profit,https://www.ndtvprofit.com/business/coforge-to-set-up-entity-in-china-to-expand-operations-11830577#publisher=newsstand
2026-07-28T08:28:34,Apple Overtakes Nvidia To Become World's Most Valuable Company,NDTV Profit,https://www.ndtvprofit.com/markets/apple-overtakes-nvidia-to-become-world-s-most-valuable-company-11830543#publisher=newsstand
2026-07-28T08:17:24,"Air India FY26 Net Loss Doubles To Rs 22,238 Crore: Turnaround To Take 5-10 Years, Says N. Chandrasekaran",NDTV Profit,https://www.ndtvprofit.com/business/air-india-fy26-net-loss-doubles-to-rs-22-238-crore-turnaround-to-take-5-10-years-says-chairman-n-chandrasekaran-11830548#publisher=newsstand
2026-07-28T08:12:17,"Siemens, Godrej Agrovet, Shakti Pumps, Route Mobile Dividend Record Date: Last Day To Buy Shares To Qualify",NDTV Profit,https://www.ndtvprofit.com/markets/siemens-godrej-agrovet-shakti-pumps-route-mobile-dividend-record-date-last-day-to-buy-shares-to-qualify-11830542#publisher=newsstand
2026-07-28T08:06:40,"Coal India: Higher Costs Weigh On Q1 Earnings, Yet Motilal Oswal Remains Positive ? Here's Why",NDTV Profit,https://www.ndtvprofit.com/markets/coal-india-higher-costs-weigh-on-q1-earnings-yet-motilal-oswal-remains-positive-heres-why-11830497#publisher=newsstand
2026-07-28T08:02:58,Stock Market Today: All You Need To Know Before Going Into Trade On July 28,NDTV Profit,https://www.ndtvprofit.com/markets/stock-market-today-all-you-need-to-know-before-going-into-trade-on-july-28-11829795#publisher=newsstand
2026-07-28T08:00:57,Chelsea vs Western Sydney Wanderers Live Streaming: Where To Watch Chelsea's First Pre-Season Friendly In India,NDTV Profit,https://www.ndtvprofit.com/sports/chelsea-vs-western-sydney-wanderers-live-streaming-where-to-watch-chelseas-first-pre-season-friendly-in-india-11821246#publisher=newsstand
2026-07-28T07:59:18,Jana Nayagan Box Office Collection Day 5: Vijay?s Film Sees Nearly 70% Monday Drop After Strong Weekend,NDTV Profit,https://www.ndtvprofit.com/lifestyle/jana-nayagan-box-office-collection-day-5-vijay-s-film-sees-nearly-70-monday-drop-after-strong-weekend-11830499#publisher=newsstand
2026-07-28T07:57:10,BEL Q1 Review: Margin Miss Fails To Dent Analyst Optimism; 35% Upside Seen On Defence Pipeline,NDTV Profit,https://www.ndtvprofit.com/markets/bel-q1-review-margin-miss-fails-to-dent-analyst-optimism-35-upside-seen-on-defence-pipeline-11830513#publisher=newsstand
2026-07-28T07:49:52,"Mumbai Water Cut Alert: 15% Reduction In Supply Across City ? Check Reason, Timings",NDTV Profit,https://www.ndtvprofit.com/india/mumbai-water-cut-alert-15-supply-reduction-in-supply-across-city-check-reason-timings-11830506#publisher=newsstand
2026-07-28T07:46:17,"What Is DUV? Why China's Homegrown Chipmaking Tool Threatens ASML, Micron, AMD, Nvidia, Others",NDTV Profit,https://www.ndtvprofit.com/world/what-is-duv-why-china-s-homegrown-chipmaking-tool-threatens-asml-micron-amd-nvidia-others-11830444#publisher=newsstand
2026-07-28T09:52:05,"Sensex today | Stock Market Live: Sensex, Nifty open higher as easing crude oil prices offset global headwinds",BusinessLine,https://www.thehindubusinessline.com/markets/sensex-nifty50-today-stock-market-live-updates-28-july-2026/article70916144.ece
2026-07-28T09:51:02,Chip fears drag markets lower; IT stocks buck the trend,BusinessLine,https://www.thehindubusinessline.com/markets/stock-markets/chip-fears-drag-markets-lower-it-stocks-buck-the-trend/article71275464.ece
2026-07-28T09:49:05,"Q1 Results Today Live: L&T, HUL, Ambuja Cements, Cholamandalam, Pfizer, Radico, Tata Capital, Suzlon, Supreme Ind, Netweb Tech to announce Q1 results, Coforge zooms, BEL, Coal India, HUDCO in red",BusinessLine,https://www.thehindubusinessline.com/markets/q1-results-today-live-updates-lampt-hindustan-unilever-vbl-cub-cholamandalam-finance-pfizer-radico-tata-capital-suzlon-ambuja-cements-netweb-tech-bel-coal-india-coforge-results-28-july-2026/article71272258.ece
2026-07-28T09:45:05,Coforge shares jump over 9% after Q1FY27 profit rises 49% y-o-y,BusinessLine,https://www.thehindubusinessline.com/markets/coforge-shares-jump-over-9-after-q1fy27-profit-rises-49-y-o-y/article71275491.ece
2026-07-28T09:42:28,Crude oil futures fall on Trump?s ?good talks? comment on Iran,BusinessLine,https://www.thehindubusinessline.com/markets/commodities/crude-oil-futures-fall-on-trumps-good-talks-comment-on-iran/article71275484.ece
2026-07-28T09:41:07,Gold slips as firm dollar weighs; focus turns to Fed meeting,BusinessLine,https://www.thehindubusinessline.com/markets/gold/gold-slips-as-firm-dollar-weighs-focus-turns-to-fed-meeting/article71275447.ece
2026-07-28T09:28:39,India Gold Metaverse raises ?300 crore to build digital infra for gold economy,BusinessLine,https://www.thehindubusinessline.com/markets/gold/india-gold-metaverse-raises-300-crore-to-build-digital-infra-for-gold-economy/article71272321.ece
2026-07-28T08:22:22,Poonawalla Vision Fund invests ?230 crore in Lohum Cleantech,BusinessLine,https://www.thehindubusinessline.com/markets/commodities/poonawalla-vision-fund-invests-230-crore-in-lohum-cleantech/article71275332.ece
2026-07-28T07:49:02,"South Korea?s KOSPI falls over 7% as China chip threat hits SK Hynix, Samsung",BusinessLine,https://www.thehindubusinessline.com/markets/stock-markets/south-koreas-kospi-falls-over-7-as-china-chip-threat-hits-sk-hynix-samsung/article71275342.ece
2026-07-28T07:47:40,Japan?s Nikkei tumbles over 3% as chip stock selloff deepens after Wall Street decline,BusinessLine,https://www.thehindubusinessline.com/markets/stock-markets/japans-nikkei-tumbles-over-3-as-chip-stock-selloff-deepens-after-wall-street-decline/article71275340.ece
2026-07-27T22:15:02,"India?s relief rally: Crude crash, ceasefire lift Sensex, Nifty out of five-day slump",BusinessLine,https://www.thehindubusinessline.com/markets/indias-relief-rally-crude-crash-ceasefire-lift-sensex-nifty-out-of-five-day-slump/article71272641.ece
2026-07-27T22:13:24,Xtranet Technologies IPO closes 12x subscribed; HNIs steal the show at 26x,BusinessLine,https://www.thehindubusinessline.com/markets/xtranet-technologies-ipo-closes-12x-subscribed-hnis-steal-the-show-at-26x/article71273367.ece
2026-07-27T22:09:34,Zepto in talks with anchor investors ahead of IPO,BusinessLine,https://www.thehindubusinessline.com/markets/zepto-in-talks-with-anchor-investors-ahead-of-ipo/article71273966.ece
2026-07-27T22:09:31,"Falling crude, RBI assurance lift stocks, rupee and bonds",BusinessLine,https://www.thehindubusinessline.com/markets/falling-crude-rbi-assurance-lift-stocks-rupee-and-bonds/article71273385.ece
2026-07-27T21:53:09,"Q1 Results Today Highlights: BEL & Canara Bank Q1 PAT up, P N Gadgil?PAT jumps 51%, HUDCO & TMB profit rise, Coal India, Tata Power, Indus Towers, Coforge, Godfrey Phillips to announce Q1 results",BusinessLine,https://www.thehindubusinessline.com/markets/q1-results-today-live-updates-bharat-electronics-coal-india-tata-power-canara-bank-indus-towers-coforge-hudco-godfrey-phillips-tata-consumer-shriram-finance-idfc-hindustan-zinc-results-27-july-2026/article71271325.ece
2026-07-27T21:39:30,"US, China lead investors back to gold ETFs as inflows turned positive last week",BusinessLine,https://www.thehindubusinessline.com/markets/gold/us-china-lead-investors-back-to-gold-etfs-as-inflows-turned-positive-last-week/article71273993.ece
2026-07-27T20:38:49,"Lohia Corp IPO subscribed 7.25 times on final day, QIBs lead the charge",BusinessLine,https://www.thehindubusinessline.com/markets/lohia-corp-ipo-subscribed-725-times-on-final-day-qibs-lead-the-charge/article71273277.ece
2026-07-27T20:28:38,Juniper Green Energy fixes IPO price at ?214-225 a share,BusinessLine,https://www.thehindubusinessline.com/markets/juniper-green-energy-fixes-ipo-price-at-214-225-a-share/article71273182.ece
2026-07-27T20:18:31,"NTPC posts record ?27,546 crore profit in FY26, eyes 250 GW capacity by 2037",BusinessLine,https://www.thehindubusinessline.com/markets/stock-markets/ntpc-posts-record-27546-crore-profit-in-fy26-eyes-250-gw-capacity-by-2037/article71273445.ece
2026-07-27T19:05:29,Indo-MIM IPO closes at 72.34 times subscription; QIBs bid over 204 times,BusinessLine,https://www.thehindubusinessline.com/markets/indo-mim-ipo-closes-at-7234-times-subscription-qibs-bid-over-204-times/article71273082.ece
2026-07-27T18:15:36,Broker?s call: Viyash Scientific (Buy),BusinessLine,https://www.thehindubusinessline.com/markets/brokers-call-viyash-scientific-buy/article71272605.ece
2026-07-27T18:15:20,Broker?s call: DCB Bank (Buy),BusinessLine,https://www.thehindubusinessline.com/markets/brokers-call-dcb-bank-buy/article71272690.ece
2026-07-27T16:30:57,IDFC First Bank shares gain over 5% after Q1 profit growth,BusinessLine,https://www.thehindubusinessline.com/markets/stock-markets/idfc-first-bank-shares-jump-10-to-52-week-high-after-q1-profit-growth/article71271622.ece
2026-07-27T16:29:32,India allows use of ammonia in agriculture to cut import dependence on urea,BusinessLine,https://www.thehindubusinessline.com/economy/agri-business/india-allows-use-of-ammonia-in-agriculture-to-cut-import-dependence-in-urea/article71269086.ece
2026-07-27T16:23:58,Sensex today | Stock Market Highlights: Stock markets snap five-day fall; Sensex jumps 776 points on sharp drop in crude oil prices,BusinessLine,https://www.thehindubusinessline.com/markets/sensex-nifty50-today-stock-market-live-updates-27-july-2026/article71269037.ece
2026-07-27T16:14:07,"Tata Consumer shares up as Q1 profit jumps 29%, brokerages retain buy calls",BusinessLine,https://www.thehindubusinessline.com/markets/tata-consumer-shares-rise-32-as-q1-profit-jumps-29-brokerages-retain-buy-calls/article71271522.ece
2026-07-27T16:11:27,Zen Tech shares fall after Q1 PAT declines,BusinessLine,https://www.thehindubusinessline.com/markets/zen-tech-shares-fall-87-after-q1-pat-declines/article71271531.ece
2026-07-27T16:05:01,Rupee logs best day in over 6 weeks as RBI intervention magnifies oil slump impact,BusinessLine,https://www.thehindubusinessline.com/markets/forex/rupee-logs-best-day-in-over-6-weeks-as-rbi-intervention-magnifies-oil-slump-impact/article71272320.ece
2026-07-27T15:25:01,Gold climbs as pause in West Asia crisis curbs inflation risk,BusinessLine,https://www.thehindubusinessline.com/markets/gold/gold-climbs-as-pause-in-west-asia-crisis-curbs-inflation-risk/article71272154.ece
2026-07-27T15:04:56,India's average crude oil basket price falls to $77.6/bbl in July from $114.5 in April: Government,BusinessLine,https://www.thehindubusinessline.com/markets/commodities/indias-average-crude-oil-basket-price-falls-to-776bbl-in-july-from-1145-in-april-government/article71272106.ece
2026-07-27T14:45:01,Poojaa Precision Engg SME IPO to open on Jul 28; price band fixed at ?285-301,BusinessLine,https://www.thehindubusinessline.com/markets/poojaa-precision-engg-sme-ipo-to-open-on-jul-28-price-band-fixed-at-285-301/article71272036.ece
2026-07-27T14:24:55,PL Wealth maintains long-term optimism on Indian equities amid near-term turbulence,BusinessLine,https://www.thehindubusinessline.com/markets/pl-wealth-maintains-long-term-optimism-on-indian-equities-amid-near-term-turbulence/article71271966.ece
2026-07-27T12:54:57,India?s electricity shortages more than doubled during January-May 2026: IEA,BusinessLine,https://www.thehindubusinessline.com/markets/commodities/indias-electricity-shortages-more-than-doubled-during-january-may-2026-iea/article71271756.ece
2026-07-27T12:34:50,"Gold futures rise to ?1,44,090/10 gm on spot demand",BusinessLine,https://www.thehindubusinessline.com/markets/gold/gold-futures-rise-to-14409010-gm-on-spot-demand/article71271711.ece
2026-07-27T12:24:36,Master Chains N Jewels files IPO papers with SEBI; eyes ?400 cr via fresh issue,BusinessLine,https://www.thehindubusinessline.com/markets/master-chains-n-jewels-files-ipo-papers-with-sebi-eyes-400-cr-via-fresh-issue/article71271634.ece
2026-07-27T12:04:39,Explained: Why CXMT?s blockbuster IPO is a milestone for China?s semiconductor ambitions,BusinessLine,https://www.thehindubusinessline.com/markets/stock-markets/explained-why-cxmts-blockbuster-ipo-is-a-milestone-for-chinas-semiconductor-ambitions/article71271630.ece
2026-07-27T11:53:28,"Today?s Gold Rate in India July 27: Gold prices up in Delhi, Mumbai, Kolkata, Bengaluru, Ahmedabad",BusinessLine,https://www.thehindubusinessline.com/gold-rate-today/gold-price-today-in-mumbai-chennai-ahmedabad-delhi-hyderabad-bengaluru-kolkata-gold-rates-july-27-2026/article71271573.ece
2026-07-27T11:02:43,"Sensex jumps 530 pts as crude retreat; IndiGo, Tata Consumer lead gains",BusinessLine,https://www.thehindubusinessline.com/markets/stock-markets/crude-retreat-geopolitical-thaw-lift-sensex-530-points-indigo-tata-consumer-lead-gains/article71271354.ece
2026-07-27T10:59:27,Jefferies raises IT sector to neutral as AI trade pauses,BusinessLine,https://www.thehindubusinessline.com/markets/jefferies-raises-it-sector-to-neutral-as-ai-trade-pauses/article71271474.ece
2026-07-27T10:44:36,China's memory chipmaker CXMT shares soar in its blockbuster share listing in Shanghai,BusinessLine,https://www.thehindubusinessline.com/markets/chinas-memory-chipmaker-cxmt-shares-soar-in-its-blockbuster-share-listing-in-shanghai/article71271437.ece
2026-07-27T10:34:48,Govt bonds rebound as easing US-Iran tensions drag crude oil lower,BusinessLine,https://www.thehindubusinessline.com/markets/govt-bonds-rebound-as-easing-us-iran-tensions-drag-crude-oil-lower/article71271431.ece
2026-07-27T10:14:35,"Nifty Prediction Today ? July 27, 2026: Nifty futures: Resistance ahead; stay cautious",BusinessLine,https://www.thehindubusinessline.com/portfolio/technical-analysis/nifty-prediction-today-july-27-2026-nifty-futures-resistance-ahead-stay-cautious/article71271407.ece
2026-07-27T10:10:40,"Crude oil falls as US, Iran halt weekend strikes",BusinessLine,https://www.thehindubusinessline.com/markets/commodities/crude-oil-falls-as-us-iran-halt-weekend-strikes/article71271374.ece
2026-07-27T10:04:58,Rupee rises 28 paise to 96.25 against US dollar in early trade,BusinessLine,https://www.thehindubusinessline.com/markets/forex/rupee-rises-28-paise-to-9625-against-us-dollar-in-early-trade/article71271401.ece
2026-07-27T10:02:01,"Stocks to Watch, July 27: NBCC, NTPC, Aurobindo Pharma, Waaree Energies, Cyient, Dodla Dairy",BusinessLine,https://www.thehindubusinessline.com/markets/nbcc-ntpc-aurobindo-pharma-waaree-energies-cyient-dodla-dairy-among-12-stocks-to-watch-on-monday/article71271267.ece
2026-07-27T09:54:45,Juniper Green Energy sets IPO price band at ?214-225 per share; issue opens on July 30,BusinessLine,https://www.thehindubusinessline.com/markets/juniper-green-energy-sets-ipo-price-band-at-214-225-per-share-issue-opens-on-july-30/article71271378.ece
2026-07-27T08:54:21,Gold gains on pause in US-Iran fighting; Fed decision looms,BusinessLine,https://www.thehindubusinessline.com/markets/gold/gold-gains-on-pause-in-us-iran-fighting-fed-decision-looms/article71271307.ece
2026-07-27T08:04:22,"Global cues, softer crude signal positive start for Indian markets",BusinessLine,https://www.thehindubusinessline.com/markets/global-cues-softer-crude-signal-positive-start-for-indian-markets/article71271285.ece
2026-07-27T06:34:12,Brent crude drops below $93 as West Asia tensions show signs of easing,BusinessLine,https://www.thehindubusinessline.com/markets/commodities/brent-crude-drops-below-93-as-west-asia-tensions-show-signs-of-easing/article71271251.ece
2026-07-26T21:20:25,MTF book hits fresh high of ?1.43 lakh crore despite slower growth,BusinessLine,https://www.thehindubusinessline.com/markets/mtf-book-hits-fresh-high-of-143-lakh-crore-despite-slower-growth/article71268978.ece
2026-07-26T19:17:30,T+0 settlement rollout remains in limbo as brokers struggle with readiness,BusinessLine,https://www.thehindubusinessline.com/markets/t0-settlement-rollout-remains-in-limbo-as-brokers-struggle-with-readiness/article71268953.ece
2026-07-26T17:01:46,Russian supply disruption poses fresh risk to India?s August crude imports; Red Sea remains the second key variable,BusinessLine,https://www.thehindubusinessline.com/economy/russian-supply-disruption-poses-fresh-risk-to-indias-august-crude-imports-red-sea-remains-the-second-key-variable/article71269065.ece
2026-07-26T17:01:44,Gold and silver: What will drive prices this week?,BusinessLine,https://www.thehindubusinessline.com/markets/gold/gold-and-silver-what-will-drive-prices-this-week/article71269177.ece
2026-07-26T14:41:39,Nippon India MF tops mutual fund industry with over 4 cr folios,BusinessLine,https://www.thehindubusinessline.com/markets/nippon-india-mf-tops-mutual-fund-industry-with-over-4-cr-folios/article71268958.ece
2026-07-26T14:01:38,"Oil prices, US Fed rate decision, West Asia crisis to drive mkts: Analysts",BusinessLine,https://www.thehindubusinessline.com/markets/oil-prices-us-fed-rate-decision-west-asia-crisis-to-drive-mkts-analysts/article71268924.ece
2026-07-26T13:31:38,Mcap of nine of top-10 most valued firms erodes by Rs 2.74 lakh cr; HDFC Bank takes biggest hit,BusinessLine,https://www.thehindubusinessline.com/markets/mcap-of-nine-of-top-10-most-valued-firms-erodes-by-rs-274-lakh-cr-hdfc-bank-takes-biggest-hit/article71268854.ece
2026-07-26T11:41:39,India's next commodity cycle could be driven by scrap as organised metal recycling gains momentum,BusinessLine,https://www.thehindubusinessline.com/markets/commodities/indias-next-commodity-cycle-could-be-driven-by-scrap-as-organised-metal-recycling-gains-momentum/article71268727.ece
2026-07-26T10:55:25,Oil near $100 puts Fed and peers in interest-rate spotlight,BusinessLine,https://www.thehindubusinessline.com/markets/oil-near-100-puts-fed-and-peers-in-interest-rate-spotlight/article71268637.ece
2026-07-25T20:51:09,"Q1 Results Today Highlights: AU Small Finance Bank, IDFC First Bank, Dr. Reddy's Lab, Zen Tech, SBFC Finance, Birla Corporation to announce Q1 results",BusinessLine,https://www.thehindubusinessline.com/markets/stock-markets/q1-results-today-live-updates-au-small-finance-bank-idfc-first-bank-dr-reddys-lab-zen-tech-sbfc-finance-birla-corporation-results-25-july-2026/article71265209.ece
2026-07-25T17:38:07,"FPIs turn net sellers on Friday, weekly tally stays positive at ?19,778 crore",BusinessLine,https://www.thehindubusinessline.com/markets/fpis-turn-net-sellers-on-friday-weekly-tally-stays-positive-at-19778-crore/article71266010.ece
2026-07-28T11:54:24,Tata Power shares get Equal Weight rating from Morgan Stanley with target price of Rs 399,The Economic Times,https://economictimes.indiatimes.com/markets/stocks/news/tata-power-shares-get-equal-weight-rating-from-morgan-stanley-with-target-price-of-rs-399/articleshow/132676964.cms
2026-07-28T11:25:18,ET Alpha Wealth Summit 2.0: Where will the next wave of wealth creation come from?,The Economic Times,https://economictimes.indiatimes.com/markets/stocks/news/et-alpha-wealth-summit-2-0-where-will-the-next-wave-of-wealth-creation-come-from/articleshow/132676505.cms
2026-07-28T11:14:05,"HUL shares slide 5% after weaker-than-expected Q1; PAT dips 3% to Rs 2,673 crore on one-time credit",The Economic Times,https://economictimes.indiatimes.com/markets/stocks/news/hul-shares-slide-5-after-weaker-than-expected-q1-pat-dips-3-to-rs-2673-crore-on-one-time-credit/articleshow/132676380.cms
2026-07-28T11:03:32,Godfrey Phillips shares fall 6% as Q1 net profit declines over 44% amid tax-led price increase,The Economic Times,https://economictimes.indiatimes.com/markets/stocks/news/godfrey-phillips-shares-fall-6-as-q1-net-profit-declines-over-44-amid-tax-led-price-increase/articleshow/132676227.cms
2026-07-28T10:42:34,"RR Kabel shares jump 10% as Q1 PAT surges 129% YoY, Ebitda doubles",The Economic Times,https://economictimes.indiatimes.com/markets/stocks/news/rr-kabel-shares-jump-10-as-q1-pat-surges-129-yoy-ebitda-doubles/articleshow/132675913.cms
2026-07-28T10:25:58,"TCS, Infosys, Coforge, other IT stocks rally up to 10% after Nvidia-led chip rout. Is AI trade ending?",The Economic Times,https://economictimes.indiatimes.com/markets/stocks/news/tcs-infosys-coforge-other-it-stocks-rally-up-to-10-after-nvidia-led-chip-rout-is-ai-trade-ending/articleshow/132675510.cms
2026-07-28T10:21:39,"HUL Q1 Results: Revenue rises 10% YoY to Rs 17,149 crore, but profit falls 3% on one-off tax credit",The Economic Times,https://economictimes.indiatimes.com/markets/stocks/earnings/hul-q1-results-revenue-rises-10-yoy-to-rs-17149-crore-but-profit-falls-3-on-one-off-tax-credit/articleshow/132675385.cms
2026-07-28T10:14:18,Happiest Minds Q1 Results: Profit rises 18% YoY to Rs 68 crore; revenue up 14%,The Economic Times,https://economictimes.indiatimes.com/markets/stocks/earnings/happiest-minds-q1-results-profit-rises-18-yoy-to-rs-68-crore-revenue-up-14/articleshow/132675417.cms
2026-07-28T10:12:19,Coforge shares surge 7% after Q1 profit spikes 63% YoY,The Economic Times,https://economictimes.indiatimes.com/markets/stocks/news/coforge-shares-surge-7-after-q1-profit-spikes-63-yoy/articleshow/132675389.cms
2026-07-28T09:25:21,IndusInd Bank Share Price Live Updates: IndusInd Bank  Price Movement Analysis,The Economic Times,https://economictimes.indiatimes.com/markets/stocks/stock-liveblog/indusind-bank-stock-price-live-updates-28-jul-2026/liveblog/132674647.cms
2026-07-28T08:42:56,ONGC Share Price Live Updates: ONGC's Daily Performance,The Economic Times,https://economictimes.indiatimes.com/markets/stocks/stock-liveblog/ongc-stock-price-today-live-28-jul-2026/liveblog/132674151.cms
2026-07-28T08:41:30,Titan Company Share Price Live Updates: Titan Company Shows Positive Momentum in Trading,The Economic Times,https://economictimes.indiatimes.com/markets/stocks/stock-liveblog/titan-company-stock-price-livestock-price-today-live-updates-28-jul-2026/liveblog/132674137.cms
2026-07-28T08:40:56,Tech Mahindra Share Price Live Updates: Tech Mahindra's Stock Surges Past Resistance,The Economic Times,https://economictimes.indiatimes.com/markets/stocks/stock-liveblog/tech-mahindra-stock-price-live-updates-28-jul-2026/liveblog/132674133.cms
2026-07-28T08:40:05,Wipro Share Price Live Updates: Wipro's Price Movement Today,The Economic Times,https://economictimes.indiatimes.com/markets/stocks/stock-liveblog/wipro-stock-price-live-updates-28-jul-2026/liveblog/132674123.cms
2026-07-28T08:40:04,Tata Motors PV Share Price Live Updates: Tata Motors PV Stock Details,The Economic Times,https://economictimes.indiatimes.com/markets/stocks/stock-liveblog/tata-motors-pv-share-price-live-updates-28-jul-2026/liveblog/132674122.cms
2026-07-28T08:36:55,Bajaj Finance Share Price Live Updates: Bajaj Finance Current Price Update,The Economic Times,https://economictimes.indiatimes.com/markets/stocks/stock-liveblog/bajaj-finance-share-price-live-updates-28-jul-2026/liveblog/132674091.cms
2026-07-28T08:36:36,Axis Bank Share Price Live Updates: Axis Bank  Daily Performance Snapshot,The Economic Times,https://economictimes.indiatimes.com/markets/stocks/stock-liveblog/axis-bank-stock-price-livestock-price-today-live-updates-28-jul-2026/liveblog/132674088.cms
2026-07-28T08:35:05,Britannia Share Price Live Updates: Britannia Stock Details,The Economic Times,https://economictimes.indiatimes.com/markets/stocks/stock-liveblog/britannia-share-price-today-live-updates-28-jul-2026/liveblog/132674070.cms
2026-07-28T08:31:24,SBI Life Share Price Live Updates: SBI Life's Market Performance Today,The Economic Times,https://economictimes.indiatimes.com/markets/stocks/stock-liveblog/sbi-life-stock-price-today-live-28-jul-2026/liveblog/132674023.cms
2026-07-28T08:31:05,HCL Tech Share Price Live Updates: HCL Tech's Market Performance Highlights,The Economic Times,https://economictimes.indiatimes.com/markets/stocks/stock-liveblog/hcl-tech-share-price-today-live-28-jul-2026/liveblog/132674018.cms
2026-07-28T08:30:28,Sun Pharma Share Price Live Updates: Sun Pharma Stock Details,The Economic Times,https://economictimes.indiatimes.com/markets/stocks/stock-liveblog/sun-pharma-share-price-today-live-28-jul-2026/liveblog/132674004.cms
2026-07-28T08:29:47,Adani Ent Share Price Live Updates: Adani Enterprises  Price Movement Analysis,The Economic Times,https://economictimes.indiatimes.com/markets/stocks/stock-liveblog/adani-ent-share-price-live-updates-28-jul-2026/liveblog/132673989.cms
2026-07-28T08:28:54,"Asian Paints Share Price Live Updates: Disclosures under Reg. 31(1) and 31(2) of SEBI (SAST) Regulations, 2011.",The Economic Times,https://economictimes.indiatimes.com/markets/stocks/stock-liveblog/asian-paints-share-price-today-live-updates-28-jul-2026/liveblog/132673973.cms
2026-07-28T08:28:17,Coal India Share Price Live Updates: Coal India Ltd Stock Details,The Economic Times,https://economictimes.indiatimes.com/markets/stocks/stock-liveblog/coal-india-ltd-stock-price-livestock-price-today-live-updates-28-jul-2026/liveblog/132673965.cms
2026-07-28T08:28:00,RIL Share Price Live Updates: RIL's Current Market Price,The Economic Times,https://economictimes.indiatimes.com/markets/stocks/stock-liveblog/ril-stock-price-live-updates-28-jul-2026/liveblog/132673959.cms
2026-07-28T08:27:38,LTIMindtree Share Price Live Updates: LTIMindtree  Trading Update,The Economic Times,https://economictimes.indiatimes.com/markets/stocks/stock-liveblog/ltimindtree-stock-price-live-updates-28-jul-2026/liveblog/132673952.cms
2026-07-28T08:27:16,M&amp;M Share Price Live Updates: M&amp;M's Price Movement Today,The Economic Times,https://economictimes.indiatimes.com/markets/stocks/stock-liveblog/mm-share-price-live-updates-28-jul-2026/liveblog/132673945.cms
2026-07-28T08:26:37,Adani Ports SEZ Share Price Live Updates: Adani Ports SEZ Current Price Update,The Economic Times,https://economictimes.indiatimes.com/markets/stocks/stock-liveblog/adani-ports-sez-share-price-live-28-jul-2026/liveblog/132673935.cms
2026-07-28T08:25:05,Kotak Bank Share Price Live Updates: Kotak Bank Stock Details,The Economic Times,https://economictimes.indiatimes.com/markets/stocks/stock-liveblog/kotak-bank-stock-price-livestock-price-today-live-updates-28-jul-2026/liveblog/132673913.cms
2026-07-28T08:20:24,Bajaj Auto Share Price Live Updates: Bajaj Auto Stock Details,The Economic Times,https://economictimes.indiatimes.com/markets/stocks/stock-liveblog/bajaj-auto-share-price-live-28-jul-2026/liveblog/132673862.cms
2026-07-28T08:20:06,Bajaj Finserv Share Price Live Updates: Bajaj Finserv Trading Insights,The Economic Times,https://economictimes.indiatimes.com/markets/stocks/stock-liveblog/bajaj-finserv-share-price-today-live-28-jul-2026/liveblog/132673854.cms
2026-07-28T08:16:41,BPCL Share Price Live Updates: Today's Price Movement for BPCL,The Economic Times,https://economictimes.indiatimes.com/markets/stocks/stock-liveblog/bpcl-stock-price-live-updates-28-jul-2026/liveblog/132673822.cms
2026-07-28T08:15:35,HDFC Life Share Price Live Updates: HDFC Life's Current Trading Status,The Economic Times,https://economictimes.indiatimes.com/markets/stocks/stock-liveblog/hdfc-life-share-price-live-updates-28-jul-2026/liveblog/132673802.cms
2026-07-28T12:08:53,Govt extends NTPC Chairman Gurdeep Singh's term by six months,The Economic Times,https://economictimes.indiatimes.com/industry/energy/power/govt-extends-ntpc-chairman-gurdeep-singhs-term-by-six-months/articleshow/132677185.cms
2026-07-28T11:41:10,Air India starts Easy Connect flights from Amritsar to 27 international destinations,The Economic Times,https://economictimes.indiatimes.com/industry/transportation/airlines-/-aviation/air-india-starts-easy-connect-flights-from-amritsar-to-27-international-destinations/articleshow/132676781.cms
2026-07-28T11:28:30,"Asia's thermal coal imports continue to rebound, except for India",The Economic Times,https://economictimes.indiatimes.com/industry/energy/power/asias-thermal-coal-imports-continue-to-rebound-except-for-india/articleshow/132676474.cms
2026-07-28T11:27:31,Investor interest in Indian shipyards hinges on faster execution: Drewry,The Economic Times,https://economictimes.indiatimes.com/industry/transportation/shipping-/-transport/investor-interest-in-indian-shipyards-hinges-on-faster-execution-drewry/articleshow/132676435.cms
2026-07-28T11:06:22,"Millennium Semiconductors, Mouser, RayQ plan India expansion amid electronics boom",The Economic Times,https://economictimes.indiatimes.com/industry/indl-goods/svs/engineering/millennium-semiconductors-mouser-rayq-plan-india-expansion-amid-electronics-boom/articleshow/132676238.cms
2026-07-28T09:58:41,Govt plans 44 airports for Hub and Spoke flights to boost global connectivity,The Economic Times,https://economictimes.indiatimes.com/industry/transportation/airlines-/-aviation/govt-plans-44-airports-for-hub-and-spoke-flights-to-boost-global-connectivity/articleshow/132675121.cms
2026-07-28T12:06:50,US Stock Market: Wall Street divided on Fed as rising crude prices boost rate hike expectations,The Economic Times,https://economictimes.indiatimes.com/markets/us-stocks/wall-street-guide/us-stock-market-wall-street-divided-on-fed-as-rising-crude-prices-boost-rate-hike-expectations/articleshow/132677158.cms
2026-07-28T11:41:42,From AI boom to valuation worries: Why investors are rethinking big tech bets,The Economic Times,https://economictimes.indiatimes.com/markets/us-stocks/news/from-ai-boom-to-valuation-worries-why-investors-are-rethinking-big-tech-bets/slideshow/132677383.cms
2026-07-28T10:59:59,Global Market: Japan?s Nikkei plunges over 4% as chip stocks track global tech selloff,The Economic Times,https://economictimes.indiatimes.com/markets/us-stocks/news/global-market-japans-nikkei-plunges-over-4-as-chip-stocks-track-global-tech-selloff/articleshow/132676159.cms
2026-07-28T10:46:23,US Stock Market: Fed?s inflation fight puts Kevin Warsh?s credibility to the test,The Economic Times,https://economictimes.indiatimes.com/markets/us-stocks/news/us-stock-market-feds-inflation-fight-puts-kevin-warshs-credibility-to-the-test/articleshow/132675969.cms
2026-07-28T10:39:22,Global Market: China stocks slide to one-week low as AI valuation concerns hit tech shares,The Economic Times,https://economictimes.indiatimes.com/markets/us-stocks/news/global-market-china-stocks-slide-to-one-week-low-as-ai-valuation-concerns-hit-tech-shares/articleshow/132675853.cms
2026-07-28T12:33:56,"Varun Beverages Q2 Results: Net profit rises 15% to  ?1,525 crore, revenue up 20%",Livemint,https://www.livemint.com/market/stock-market-news/varun-beverages-q2-results-net-profit-rises-15-to-rs-1-525-crore-revenue-up-20-11785221941040.html
2026-07-28T12:33:55,"Xtranet Technologies IPO allotment to be finalised today. Here's GMP, how to check status",Livemint,https://www.livemint.com/market/ipo/xtranet-technologies-ipo-allotment-to-be-finalised-today-heres-gmp-how-to-check-status-11785219981466.html
2026-07-28T11:47:11,New stock market timings kick in from August 3: Here's how your trades could be affected,Livemint,https://www.livemint.com/market/stock-market-news/new-stock-market-timings-kick-in-from-august-3-heres-how-your-trades-could-be-affected-11785218673720.html
2026-07-28T11:40:29,"Metalic Technoforge SME IPO listing: Shares list at a 13% premium to the issue price, trim gains. Details here",Livemint,https://www.livemint.com/market/ipo/metalic-technoforge-sme-ipo-listing-shares-list-at-a-13-premium-to-the-issue-price-trim-gains-details-here-11785213854510.html
2026-07-28T11:40:29,Poojaa Precision Engg IPO Day 1: Issue subscribed 3.34x so far. GMP hints 86% listing gain. Check issue details,Livemint,https://www.livemint.com/market/ipo/poojaa-precision-engg-ipo-day-1-issue-subscribed-2-25x-so-far-poojaa-precision-engg-ipo-gmp-today-11785217393401.html
2026-07-28T11:21:24,BEL share price falls 3% after Q1 results 2026. Should you buy or sell?,Livemint,https://www.livemint.com/market/stock-market-news/bel-share-price-falls-3-after-q1-results-2026-should-you-buy-or-sell-11785217484102.html
2026-07-28T11:04:15,IPO-bound Fibe launches AI tool to improve consumers' credit health,Livemint,https://www.livemint.com/market/stock-market-news/ipobound-fibe-launches-ai-tool-to-improve-consumers-credit-health-11785216128392.html
2026-07-28T10:56:14,"Adani Energy Solutions shares dip over 3% after announcement of  ?3,500 crore QIP with green shoe option; check details",Livemint,https://www.livemint.com/market/stock-market-news/adani-energy-solutions-shares-dip-over-3-after-adani-group-firm-announced-rs-3-500-crore-qip-with-green-shoe-option-11785214390906.html
2026-07-28T10:40:40,IDFC First Bank shares extend post-Q1FY27 results rally. Will it climb to a new 52-week high?,Livemint,https://www.livemint.com/market/stock-market-news/idfc-first-bank-shares-extend-post-q1fy27-results-rally-will-it-climb-to-a-new-52-week-high-11785212579934.html
2026-07-28T10:22:08,"HUL Q1 results: Consolidated profit drops 3% YoY to  ?2,673 crore; home care sees highest growth in 3 years",Livemint,https://www.livemint.com/market/stock-market-news/hul-q1-results-consolidated-profit-drops-3-yoy-to-2-673-crore-11785214099175.html
2026-07-28T10:21:21,Profit squeeze clouds strong June-quarter revenue growth for India Inc,Livemint,https://www.livemint.com/market/earnings-q1-fy27-india-inc-west-asia-crude-oil-profit-growth-11785207680644.html
2026-07-28T12:10:18,Welspun One to wind down its maiden  ?500 crore logistics parks fund; appoints banker,Livemint,https://www.livemint.com/companies/welspun-one-logistics-parks-fund-cbre-asset-sale-11785206099726.html
2026-07-28T11:11:00,"HUL Q1 results: net profit slides 2% on tax expenses, revenue up 10%",Livemint,https://www.livemint.com/companies/company-results/hul-q1-results-hindustan-unilever-profit-11785213804286.html
2026-07-28T10:15:30,Cult.Fit IPO: can India's gym leader flex its way to sustained profits?,Livemint,https://www.livemint.com/companies/cultfit-cult-fit-ipo-mukesh-bansal-fitness-industry-gyms-franchise-model-asset-light-gym-memberships-11785206048932.html
2026-07-28T11:39:44,Affle Shares Jump 7% After ESOP Share Allotment Filing,NDTV Profit,https://www.ndtvprofit.com/markets/affle-shares-jump-7-after-esop-share-allotment-filing-11831105#publisher=newsstand
2026-07-28T11:38:04,"Content Was Removed In Error, Restored: Facebook Parent Meta On Blocking PM Modi's Video",NDTV Profit,https://www.ndtvprofit.com/india/facebook-parent-meta-on-blocking-pm-modis-video-content-was-removed-in-error-restored-11831126#publisher=newsstand
2026-07-28T11:26:42,"Lodha Developers Shares Jump 8% After Q1 Profit More Than Doubles, Rs 9,000 Crore Palava Plan Lifts Sentiment",NDTV Profit,https://www.ndtvprofit.com/markets/lodha-developers-shares-jump-8-after-q1-profit-more-than-doubles-rs-9-000-crore-palava-plan-lifts-sentiment-11831153#publisher=newsstand
2026-07-28T11:24:17,10% Returns In Five Days: This Pharma Stock Hits Record High After Q1 Results,NDTV Profit,https://www.ndtvprofit.com/markets/stock-market-10-return-in-five-days-this-stock-hits-record-high-after-q1-results-laurus-labs-11831051#publisher=newsstand
2026-07-28T11:20:07,"Zen Technologies Gets Rating Downgrade From ICICI Securities After Weak Q1 Results ? Should You Buy, Sell or Hold?",NDTV Profit,https://www.ndtvprofit.com/markets/zen-technologies-gets-rating-downgrade-from-icici-securities-after-weak-q1-results-should-you-buy-sell-or-hold-11831122#publisher=newsstand
2026-07-28T11:16:02,"WWE RAW Highlights: Seth Rollins Drops Roman Reigns, Raquel Rodriguez Wins Women's IC Title, Brock Lesnar Taunts Oba Femi Ahead Of SummerSlam",NDTV Profit,https://www.ndtvprofit.com/sports/wwe-raw-highlights-seth-rollins-drops-roman-reigns-raquel-rodriguez-wins-womens-ic-title-brock-lesnar-taunts-oba-femi-ahead-of-summerslam-11831103#publisher=newsstand
2026-07-28T11:10:04,HUL Q1 Results Explained: Five Reasons Behind Earnings Miss Despite Record Sales Growth,NDTV Profit,https://www.ndtvprofit.com/markets/hul-q1-results-explained-five-reasons-behind-earnings-miss-despite-record-sales-growth-11831081#publisher=newsstand
2026-07-28T11:09:33,"Aurionpro Solutions Shares Slide 12% After Q1 Profit Drops, Margin Narrows",NDTV Profit,https://www.ndtvprofit.com/markets/aurionpro-solutions-shares-slide-12-after-q1-profit-drops-margin-narrows-11831076#publisher=newsstand
2026-07-28T11:06:53,Water Level In Mumbai Lakes Cross 2025 Level; Yet To Touch 90% Capacity,NDTV Profit,https://www.ndtvprofit.com/india/mumbai-rains-seven-water-supplying-lakes-cross-2025-level-yet-to-touch-90-capacity-11830968#publisher=newsstand
2026-07-28T10:53:41,"Vedanta Aluminium In A 'Sweet Spot', Says ICICI Securities As It Initiates Coverage ? Check Target Price, Upside",NDTV Profit,https://www.ndtvprofit.com/markets/vedanta-aluminium-in-a-sweet-spot-says-icici-securities-as-it-initiates-coverage-check-target-price-upside-11830972#publisher=newsstand
2026-07-28T10:53:38,"Karnataka Shocker: Husband Hangs Wife To Death Over Suspected Affair, Records Her Final Moments",NDTV Profit,https://www.ndtvprofit.com/india/karnataka-shocker-husband-hangs-wife-to-death-over-suspected-affair-records-her-final-moments-11830792#publisher=newsstand
2026-07-28T10:45:23,"Varun Beverages Quarterly Results Today: Time, Interim Dividend, Earnings Call Schedule And Share Price",NDTV Profit,https://www.ndtvprofit.com/markets/varun-beverages-quarterly-results-today-time-interim-dividend-earnings-call-schedule-and-share-price-11826678#publisher=newsstand
2026-07-28T10:44:09,"HUL Q1 Results Today: Time, Earnings Call Schedule. Key Things To Watch, Share Price And More",NDTV Profit,https://www.ndtvprofit.com/markets/hul-q1-results-date-time-dividend-news-earnings-call-schedule-and-more-11826800#publisher=newsstand
2026-07-28T10:36:16,Indian Semiconductor Stocks Slide On China's Chipmaking Advance,NDTV Profit,https://www.ndtvprofit.com/markets/cg-power-industrial-bel-spel-moschip-indian-semiconductor-stocks-slide-on-chinas-chipmaking-advance-11830961#publisher=newsstand
2026-07-28T10:33:34,"'Gutter, Ugly, Corrupt': Kangana Ranaut Attacks GenZ 'Westernised' Indian Women Amid Protests",NDTV Profit,https://www.ndtvprofit.com/india/gutter-ugly-corrupt-kangana-ranaut-attacks-genz-westernised-indian-women-amid-protests-11830889#publisher=newsstand
2026-07-28T10:28:02,"HUL Q1 Results: Net Profit Drops 3% To Rs 2,673 Crore, Revenue Down 10% YoY; Price Hike Drag Volumes",NDTV Profit,https://www.ndtvprofit.com/markets/hul-q1-results-net-profit-drops-3-to-rs-2-673-crore-revenue-down-10-yoy-price-hike-drag-volumes-11830940#publisher=newsstand
2026-07-28T10:27:23,Hindustan Unilever Shares Drop Over 5% After Q1 Results,NDTV Profit,https://www.ndtvprofit.com/markets/hindustan-unilever-shares-drop-over-5-percent-after-q1-results-11830888#publisher=newsstand
2026-07-28T10:27:10,"BEL, Canara Bank, Lodha Developers, NTPC Green, Go Digit & More: Check HDFC Securities' New Ratings, Target Prices, and Upside Potential",NDTV Profit,https://www.ndtvprofit.com/markets/q1-results-review-bel-eternal-lodha-developers-sbi-life-ntpc-green-au-sfb-go-digit-ujjivan-sfb-mahindra-lifspaces-v-mart-neogen-route-mobile-by-hdfc-s-11830864#publisher=newsstand
2026-07-28T10:25:37,Tejas Networks Share Price Falls Nearly 4% On Q1 Net Loss Of Rs 202 Crore,NDTV Profit,https://www.ndtvprofit.com/markets/tejas-networks-share-price-falls-4-after-net-loss-of-rs-202-crore-in-q1-11830838#publisher=newsstand
2026-07-28T10:21:48,"Suzlon Energy Q1 Results Today: Time, Dividend News, Earnings Call Schedule, Key Things To Watch, Share Price",NDTV Profit,https://www.ndtvprofit.com/markets/suzlon-energy-q1-results-today-time-dividend-news-earnings-call-schedule-key-things-to-watch-share-price-11827125#publisher=newsstand
2026-07-28T12:34:25,"Kerala jewellers seek review of gold, silver import duty structure",BusinessLine,https://www.thehindubusinessline.com/markets/gold/kerala-jewellers-seek-review-of-gold-silver-import-duty-structure/article71275849.ece
2026-07-28T12:23:24,India's IPO market to stay resilient with over 70 firms awaiting SEBI clearance: Report,BusinessLine,https://www.thehindubusinessline.com/markets/indias-ipo-market-to-stay-resilient-with-over-70-firms-awaiting-sebi-clearance-report/article71275814.ece
2026-07-28T12:19:44,Silver futures decline to ?2.17 lakh/kg,BusinessLine,https://www.thehindubusinessline.com/markets/gold/silver-futures-decline-to-217-lakhkg/article71275702.ece
2026-07-28T11:56:06,"Gold futures decline to ?1,41,850/10g",BusinessLine,https://www.thehindubusinessline.com/markets/gold/gold-futures-decline-to-14185010g/article71275719.ece
2026-07-28T11:16:12,"Govt bonds rise as oil, US yields fall; state supply looms",BusinessLine,https://www.thehindubusinessline.com/markets/stock-markets/govt-bonds-rise-as-oil-us-yields-fall-state-supply-looms/article71275644.ece
2026-07-28T11:14:03,R R Kabel shares jump 10% on strong Q1 results; CLSA turns bullish,BusinessLine,https://www.thehindubusinessline.com/markets/r-r-kabel-shares-jump-10-to-fresh-high-after-strong-q1fy27-clsa-initiates-coverage-with-outperform/article71275576.ece
2026-07-28T10:53:08,"BEL shares fall 3.6% after Q1FY27 results, brokerages retain bullish view",BusinessLine,https://www.thehindubusinessline.com/markets/bel-shares-fall-36-after-q1fy27-results-brokerages-retain-bullish-view/article71275523.ece
2026-07-28T10:33:04,Coal India shares fall over 3% weighed by weak operating performance,BusinessLine,https://www.thehindubusinessline.com/markets/coal-india-shares-fall-over-3-after-q1-results-weak-operating-performance-weighs-on-stock/article71275552.ece
2026-07-28T10:26:02,Australia weighs first new oil refinery in over 60 years to strengthen energy security,BusinessLine,https://www.thehindubusinessline.com/news/world/australia-weighs-first-new-oil-refinery-in-over-60-years-to-strengthen-energy-security/article71275426.ece
2026-07-28T10:07:35,Rupee rises 35 paise to 95.64 against US dollar in early trade,BusinessLine,https://www.thehindubusinessline.com/markets/forex/rupee-rises-35-paise-to-9564-against-us-dollar-in-early-trade/article71275507.ece
