symbol,company,score,coverage_pct,vetoed,assessed,veto_reasons,archetypes,arm,close,tag,rs_pctile,tt_checks,pct_below_52w_high,run_3m_pct,vol_expansion,ep,market_cap_cr,median_turnover_cr,median_trades,band_pct,circuit_frac,in_index_universe,atr,stop_suggested,stop_basis,risk_flags,tier,rank
PASUPTAC,Pasupati Acrylon Limited,85.0,100.0,False,True,,Hyper-growth + Momentum,price+mcap,73.23999786376953,CONFIRMED,94.4,8,9.9,18.1,1.6,False,623.0,1.609,2846.0,20.0,0.0,False,4.77,61.31,2.5xATR (16% wide),,0,1
DMCC,DMCC SPECIALITY CHEMICALS LIMITED,79.3,100.0,False,True,,Hyper-growth + Momentum,mcap,332.70001220703125,CONFIRMED,88.8,8,11.1,26.4,2.3,False,830.0,3.209,3430.0,20.0,0.0,False,19.28,284.5,2.5xATR (14% wide),,0,2
PREMIERPOL,Premier Polyfilm Limited,78.9,100.0,False,True,,Momentum,mcap,102.8499984741211,CONFIRMED,98.5,8,3.6,62.2,2.05,False,950.0,2.82,4731.0,20.0,0.0,False,8.02,82.8,2.5xATR (19% wide),,0,3
AVTNPL,AVT Natural Products Limited,78.3,100.0,False,True,,Hyper-growth + Momentum,price,94.77999877929688,CONFIRMED,91.9,8,7.1,35.3,2.7,False,1338.0,2.135,3199.0,20.0,0.0,False,6.4,78.78,2.5xATR (17% wide),,0,4
VETO,Veto Switchgears And Cables Limited,75.6,100.0,False,True,,Hyper-growth + Deleveraging + Momentum,mcap,131.6300048828125,CONFIRMED,85.8,8,15.6,7.4,1.33,False,263.0,1.372,2369.0,20.0,0.0,False,7.43,113.06,2.5xATR (14% wide),,0,5
MANALIPETC,Manali Petrochemicals Limited,74.2,100.0,False,True,,Momentum,price,85.87000274658203,CONFIRMED,94.9,8,7.7,36.0,1.01,False,1346.0,18.185,14013.0,20.0,0.0,False,4.62,74.32,2.5xATR (13% wide),,0,6
ANDHRSUGAR,The Andhra Sugars Limited,72.1,100.0,False,True,,Deleveraging,price,88.43000030517578,WATCH,81.2,7,17.5,2.5,0.36,False,1234.0,2.877,6933.0,20.0,0.0,True,3.22,80.38,2.5xATR (9% wide),,0,7
INDOAMIN,Indo Amines Limited,71.7,100.0,False,True,,Momentum,mcap,157.72000122070312,CONFIRMED,88.3,8,6.1,26.7,3.25,False,998.0,8.851,9029.0,20.0,0.0,False,10.48,131.52,2.5xATR (17% wide),,0,8
MGEL,Mangalam Global Enterprise Limited,70.2,100.0,False,True,,Hyper-growth + Deleveraging + Momentum,price+mcap,15.8100004196167,CONFIRMED,84.3,8,11.6,-5.6,1.73,False,521.0,0.684,875.0,20.0,0.0,False,0.61,14.29,2.5xATR (10% wide),promoter sold 2.7 pts in 4 quarters,0,9
MAWANASUG,Mawana Sugars Limited,69.0,100.0,False,True,,Momentum,mcap,146.44000244140625,CONFIRMED,92.9,8,10.7,30.6,1.33,False,543.0,3.651,4387.0,20.0,0.0,False,8.75,124.57,2.5xATR (15% wide),,0,10
KAMATHOTEL,Kamat Hotels (I) Limited,69.0,100.0,False,True,,Deleveraging,mcap,251.0500030517578,EXTENDED,83.8,7,23.3,34.5,1.38,False,693.0,1.789,2471.0,20.0,0.0,False,9.44,227.45,2.5xATR (9% wide),,0,11
HMAAGRO,HMA Agro Industries Limited,68.8,100.0,False,True,,Hyper-growth,price,23.280000686645508,WATCH,41.4,2,32.0,6.2,2.03,False,1178.0,4.063,3460.0,20.0,0.0,False,0.99,20.81,2.5xATR (11% wide),promoter sold 6.6 pts in 4 quarters,0,12
GLOBAL,Global Education Limited,68.1,100.0,False,True,,Hyper-growth,mcap,142.1999969482422,EXTENDED,97.0,8,2.5,39.5,2.13,False,680.0,2.275,2614.0,20.0,0.0,False,5.8,127.7,2.5xATR (10% wide),,0,13
DBOL,Dhampur Bio Organics Limited,68.0,100.0,False,True,,Turnaround (unconfirmed) + Momentum,mcap,141.3300018310547,CONFIRMED,91.4,8,2.5,25.6,1.54,False,807.0,2.638,3727.0,20.0,0.0,False,6.97,123.91,2.5xATR (12% wide),,0,14
ORIENTBELL,Orient Bell Limited,67.9,100.0,False,True,,Turnaround (margin-confirmed) + Momentum,mcap,400.3999938964844,CONFIRMED,92.4,8,9.4,25.1,1.24,False,580.0,1.18,1642.0,20.0,0.0,False,18.18,354.95,2.5xATR (11% wide),,0,15
SUBEXLTD,Subex Limited,67.4,100.0,False,True,,Momentum,price,19.18000030517578,CONFIRMED,99.0,8,15.9,52.2,2.56,False,1096.0,20.524,20071.0,20.0,0.0,False,1.3,15.93,2.5xATR (17% wide),,0,16
LAXMIINDIA,Laxmi India Finance Limited,65.2,100.0,False,True,,Hyper-growth,mcap,106.22000122070312,WATCH,70.1,3,33.4,-5.1,1.0,False,624.0,1.686,2446.0,20.0,0.0,False,5.19,93.25,2.5xATR (12% wide),,0,17
KANPRPLA,Kanpur Plastipack Limited,64.9,100.0,False,True,,Deleveraging,mcap,239.1699981689453,WATCH,86.3,7,15.5,22.0,0.47,False,622.0,0.582,855.0,20.0,0.0,False,13.48,205.47,2.5xATR (14% wide),,0,18
UNIDT,United Drilling Tools Limited,64.6,100.0,False,True,,Hyper-growth,mcap,218.6100006103516,WATCH,71.1,7,19.6,-3.7,3.34,False,487.0,0.771,1230.5,20.0,0.0,False,19.57,,2.5xATR stop would be 22% wide — untradeably volatile,,0,19
CHEMCON,Chemcon Speciality Chemicals Limited,64.0,100.0,False,True,,,mcap,212.0500030517578,WATCH,79.7,7,25.9,15.1,0.65,False,803.0,0.915,1191.0,20.0,0.0,False,9.56,188.15,2.5xATR (11% wide),,0,20
KALAMANDIR,Sai Silks (Kalamandir) Limited,63.3,100.0,False,True,,Hyper-growth,price,75.13999938964844,BROKEN,7.1,0,66.3,-24.3,0.59,False,1135.0,3.643,4082.0,20.0,0.0,False,2.64,68.54,2.5xATR (9% wide),,0,21
NIITLTD,NIIT Limited,62.6,100.0,False,True,,Deleveraging,price,82.08000183105469,BROKEN,75.6,3,26.1,-15.6,0.11,False,1193.0,1.327,2441.0,20.0,0.0,False,2.67,75.41,2.5xATR (8% wide),,0,22
KAMDHENU,Kamdhenu Limited,62.1,100.0,False,True,,Hyper-growth,price,36.470001220703125,WATCH,93.9,7,16.5,10.4,0.98,False,1076.0,3.432,5251.0,20.0,0.0,False,2.11,31.2,2.5xATR (14% wide),,0,23
AMBIKCO,Ambika Cotton Mills Limited,61.7,100.0,False,True,,,mcap,1472.800048828125,WATCH,70.6,5,23.7,-15.6,0.46,False,843.0,1.182,855.0,20.0,0.0,False,40.7,1371.05,2.5xATR (7% wide),,0,24
MWL,Mangalam Worldwide Limited,61.3,100.0,False,True,,Momentum,price,41.560001373291016,CONFIRMED,95.4,8,13.4,12.2,1.1,False,1281.0,1.743,2694.0,20.0,0.0,False,1.83,36.99,2.5xATR (11% wide),,0,25
ANDHRAPAP,ANDHRA PAPER LIMITED,61.1,100.0,False,True,,,price,67.20999908447266,ANTICIPATION,66.0,6,18.5,8.8,0.58,False,1336.0,4.721,6181.0,20.0,0.0,False,2.64,60.61,2.5xATR (10% wide),,0,26
PLASTIBLEN,Plastiblends India Limited,60.7,100.0,False,True,,Momentum,mcap,201.7899932861328,CONFIRMED,87.8,8,6.7,3.1,0.68,False,529.0,0.729,1027.0,20.0,0.0,False,9.09,179.06,2.5xATR (11% wide),,0,27
TPLPLASTEH,TPL Plastech Limited,60.5,100.0,False,True,,Hyper-growth + Deleveraging,price+mcap,67.08000183105469,WATCH,64.5,3,25.7,-18.9,1.11,False,542.0,0.848,1088.0,20.0,0.0,False,3.26,58.93,2.5xATR (12% wide),,0,28
ELECTCAST,Electrosteel Castings Limited,60.2,100.0,False,True,,Deleveraging,price,75.18000030517578,ANTICIPATION,46.2,3,24.1,-1.1,1.71,False,4608.0,13.225,15307.0,20.0,0.0,True,3.58,66.23,2.5xATR (12% wide),,0,29
MOL,Meghmani Organics Limited,60.2,100.0,False,True,,,price,58.40999984741211,WATCH,65.5,4,30.0,19.7,0.51,False,1410.0,4.809,6355.0,20.0,0.0,False,2.74,51.56,2.5xATR (12% wide),,0,30
PASHUPATI,Pashupati Cotspin Limited,60.1,100.0,False,True,,Deleveraging,price,69.08999633789062,BROKEN,31.0,1,41.6,-21.1,2.46,False,1249.0,1.171,3071.0,20.0,0.04,False,7.19,,2.5xATR stop would be 26% wide — untradeably volatile,,0,31
JARO,Jaro Institute of Technology Management and Research Limited,59.7,100.0,False,True,,Hyper-growth,mcap,405.0,YOUNG,23.9,1,45.0,-18.8,0.83,False,915.0,4.393,2640.0,20.0,0.0,False,12.75,373.12,2.5xATR (8% wide),,0,32
BESTAGRO,Best Agrolife Limited,59.6,100.0,False,True,,,price+mcap,16.780000686645508,WATCH,56.3,2,51.2,8.5,0.26,False,633.0,0.97,1855.0,20.0,0.0,False,0.67,15.11,2.5xATR (10% wide),,0,33
GOKUL,Gokul Refoils and Solvent Limited,59.1,100.0,False,True,,,price+mcap,38.04999923706055,WATCH,58.4,2,18.7,-8.8,0.91,False,383.0,0.642,732.0,20.0,0.0,False,1.4,34.55,2.5xATR (9% wide),,0,34
BALAJITELE,Balaji Telefilms Limited,58.8,100.0,False,True,,Turnaround (margin-confirmed) + Deleveraging,price,91.04000091552734,WATCH,50.8,1,31.7,-0.7,0.67,False,1088.0,0.958,1697.0,20.0,0.0,False,3.18,83.09,2.5xATR (9% wide),,0,35
RTNPOWER,RattanIndia Power Limited,58.4,100.0,False,True,,Turnaround (margin-confirmed) + Deleveraging,price,6.539999961853027,BROKEN,8.9,0,45.2,-26.4,0.8,False,3619.0,9.642,13510.0,20.0,0.0,True,0.17,6.11,2.5xATR (6% wide),Rs6.5 share price — the tick alone is 0.2% of the price,0,36
ARIHANTCAP,Arihant Capital Markets Limited,58.1,100.0,False,True,,,price+mcap,96.19000244140624,WATCH,80.7,6,19.8,30.1,2.65,False,964.0,2.85,3847.0,20.0,0.0,False,4.99,83.72,2.5xATR (13% wide),promoter sold 2.1 pts in 4 quarters,0,37
SINDHUTRAD,Sindhu Trade Links Limited,58.1,100.0,False,True,,Deleveraging,price,20.86000061035156,WATCH,43.1,2,27.2,-19.1,0.48,False,3426.0,1.23,1223.0,20.0,0.0,False,0.78,18.91,2.5xATR (9% wide),promoter sold 1.0 pts in 4 quarters,0,38
NFL,National Fertilizers Limited,57.0,100.0,False,True,,Turnaround (margin-confirmed),price,61.7400016784668,BROKEN,23.4,0,37.2,-15.5,0.5,False,3136.0,3.184,3718.0,20.0,0.0,True,1.47,58.07,2.5xATR (6% wide),,0,39
DHARMAJ,Dharmaj Crop Guard Limited,56.9,100.0,False,True,,,mcap,259.45001220703125,ANTICIPATION,60.2,5,18.9,-0.2,1.12,False,988.0,1.216,1910.0,20.0,0.0,False,12.71,227.68,2.5xATR (12% wide),,0,40
SATIA,Satia Industries Limited,55.8,100.0,False,True,,,price+mcap,68.05999755859375,WATCH,64.0,7,17.6,22.8,0.94,False,687.0,0.735,1343.0,20.0,0.0,False,2.2,62.56,2.5xATR (8% wide),,0,41
SHIVALIK,Shivalik Rasayan Limited,55.7,100.0,False,True,,,mcap,349.45001220703125,WATCH,77.7,6,25.8,58.9,2.09,False,657.0,3.517,4851.0,20.0,0.043,False,26.63,282.88,2.5xATR (19% wide),,0,42
PDMJEPAPER,Pudumjee Paper Products Limited,55.5,100.0,False,True,,,price+mcap,92.1999969482422,WATCH,62.9,5,26.2,7.7,1.01,False,911.0,1.886,3298.0,20.0,0.0,False,4.19,81.72,2.5xATR (11% wide),,0,43
NILASPACES,Nila Spaces Limited,55.4,100.0,False,True,,Hyper-growth,price+mcap,10.970000267028809,BROKEN,18.3,0,45.1,-11.9,1.14,False,434.0,1.219,2022.0,20.0,0.0,False,0.49,9.75,2.5xATR (11% wide),no institutional holder — nothing independent has verified these accounts,0,44
JAGRAN,Jagran Prakashan Limited,55.4,100.0,False,True,,Deleveraging,price,61.4900016784668,ANTICIPATION,53.3,1,22.1,-3.8,0.53,False,1333.0,0.891,1674.0,20.0,0.0,False,0.99,59.02,2.5xATR (4% wide),,0,45
WCIL,Western Carriers (India) Limited,55.0,100.0,False,True,,,price+mcap,97.5199966430664,WATCH,57.6,2,28.8,2.1,2.36,False,953.0,1.71,2107.0,20.0,0.0,False,3.77,88.09,2.5xATR (10% wide),,0,46
ZUARIIND,ZUARI INDUSTRIES LIMITED,54.3,100.0,False,True,,Turnaround (unconfirmed),mcap,268.6000061035156,WATCH,60.2,3,29.1,-0.1,1.19,False,830.0,1.572,2103.0,20.0,0.0,False,11.99,238.63,2.5xATR (11% wide),,0,47
DWARKESH,Dwarikesh Sugar Industries Limited,54.0,100.0,False,True,,,price+mcap,44.59999847412109,WATCH,68.5,6,25.5,1.7,0.74,False,778.0,10.166,8664.0,20.0,0.0,False,2.16,39.2,2.5xATR (12% wide),,0,48
BCG,Brightcom Group Limited,53.7,100.0,False,True,,Hyper-growth,price,9.050000190734863,BROKEN,39.1,0,40.1,-7.7,0.75,False,1911.0,4.917,5302.0,20.0,0.0,False,0.35,8.18,2.5xATR (10% wide),Rs9.1 share price — the tick alone is 0.1% of the price,0,49
RITCO,Ritco Logistics Limited,53.7,100.0,False,True,,,mcap,272.54998779296875,WATCH,86.8,7,17.7,6.5,0.54,False,792.0,1.917,1640.0,20.0,0.0,False,11.53,243.72,2.5xATR (11% wide),,0,50
PROZONER,Prozone Realty Limited,53.6,100.0,False,True,,,price+mcap,53.619998931884766,WATCH,66.5,5,26.3,21.3,1.85,False,802.0,1.628,2345.0,20.0,0.0,False,2.97,46.19,2.5xATR (14% wide),,0,51
GANESHCP,Ganesh Consumer Products Limited,53.2,100.0,False,True,,Deleveraging,mcap,152.0800018310547,YOUNG,6.1,0,50.5,-19.6,1.15,False,604.0,2.23,2528.0,20.0,0.0,False,7.21,134.06,2.5xATR (12% wide),,0,52
SHRIRAMPPS,Shriram Properties Limited,53.2,100.0,False,True,,Hyper-growth,price,66.83000183105469,BROKEN,40.6,1,32.8,-25.2,0.44,False,1152.0,2.023,2894.0,20.0,0.0,False,2.18,61.38,2.5xATR (8% wide),,0,53
20MICRONS,20 Microns Limited,52.8,100.0,False,True,,,mcap,196.1199951171875,WATCH,75.1,7,17.4,-1.1,0.45,False,719.0,2.198,3258.0,20.0,0.0,False,9.14,173.27,2.5xATR (12% wide),,0,54
ONWARDTEC,Onward Technologies Limited,52.8,100.0,False,True,,,mcap,307.0,WATCH,79.2,7,11.9,7.9,0.14,False,683.0,0.784,1000.0,20.0,0.0,False,10.08,281.8,2.5xATR (8% wide),,0,55
GATEWAY,Gateway Distriparks Limited,52.6,100.0,False,True,,,price,51.0099983215332,BROKEN,48.7,1,22.0,-14.6,0.52,False,2615.0,2.944,3846.0,20.0,0.0,False,1.05,48.38,2.5xATR (5% wide),,0,56
SURAJEST,Suraj Estate Developers Limited,52.4,100.0,False,True,,,mcap,202.33999633789065,BROKEN,46.7,1,36.6,-2.4,2.05,False,956.0,2.327,2241.0,20.0,0.0,False,10.1,177.09,2.5xATR (12% wide),,0,57
LIKHITHA,Likhitha Infrastructure Limited,51.9,100.0,False,True,,Momentum,mcap,222.94000244140625,CONFIRMED,58.9,8,18.0,-8.3,1.26,False,897.0,1.144,1192.0,20.0,0.0,False,12.11,192.67,2.5xATR (14% wide),,0,58
THOMASCOOK,Thomas Cook  (India)  Limited,51.8,100.0,False,True,,,price,96.75,WATCH,32.0,0,42.8,-5.5,0.15,False,4551.0,4.983,5706.0,20.0,0.0,True,2.46,90.6,2.5xATR (6% wide),,0,59
SCILAL,Shipping Corporation of India Land and Assets Limited,51.2,100.0,False,True,,,price,37.02999877929688,BROKEN,38.6,0,32.7,-13.1,1.1,False,1707.0,0.81,1691.0,20.0,0.0,False,1.01,34.5,2.5xATR (7% wide),,0,60
DCMSRIND,DCM Shriram Industries Limited,50.6,100.0,False,True,,Deleveraging,price+mcap,38.90999984741211,WATCH,55.3,1,38.3,-6.3,1.83,False,328.0,0.864,1872.0,20.0,0.0,False,2.19,33.43,2.5xATR (14% wide),,0,61
ALEMBICLTD,Alembic Limited,50.2,100.0,False,True,,,price,99.25,WATCH,74.1,7,15.7,11.6,0.74,False,2549.0,8.567,8712.0,20.0,0.0,True,3.6,90.25,2.5xATR (9% wide),,0,62
GEOJITFSL,Geojit Financial Services Limited,49.9,100.0,False,True,,,price,75.55000305175781,WATCH,76.1,7,12.7,-4.8,0.78,False,2120.0,1.741,2713.0,20.0,0.0,False,2.77,68.63,2.5xATR (9% wide),promoter sold 13.3 pts in 4 quarters,0,63
ADVANCE,Advance Agrolife Limited,49.9,100.0,False,True,,,mcap,113.2699966430664,YOUNG,,3,26.4,2.5,0.76,False,728.0,1.397,1803.0,20.0,0.0,False,5.58,99.32,2.5xATR (12% wide),,0,64
BOMDYEING,Bombay Dyeing & Mfg Company Limited,49.5,100.0,False,True,,Deleveraging,price,97.11000061035156,WATCH,25.1,0,45.6,-22.3,0.5,False,2006.0,4.358,3914.0,20.0,0.0,True,3.05,89.49,2.5xATR (8% wide),,0,65
JAICORPLTD,Jai Corp Limited,49.4,100.0,False,True,,,price,86.02999877929688,BROKEN,18.8,0,50.4,-21.5,0.75,False,1587.0,2.708,4046.0,20.0,0.0,False,3.19,78.05,2.5xATR (9% wide),,0,66
CAMLINFINE,Camlin Fine Sciences Limited,49.3,100.0,False,True,,,price,89.9800033569336,BROKEN,8.1,0,56.5,-26.9,0.44,False,1752.0,4.551,5405.0,20.0,0.0,True,3.39,81.51,2.5xATR (9% wide),promoter sold 1.0 pts in 4 quarters,0,67
BCLIND,Bcl Industries Limited,49.3,100.0,False,True,,,price+mcap,30.26000022888184,WATCH,44.7,3,26.8,-11.6,0.24,False,924.0,1.439,3015.0,20.0,0.0,False,1.2,27.26,2.5xATR (10% wide),,0,68
MASTERTR,Master Trust Limited,49.2,100.0,False,True,,,price+mcap,82.5199966430664,WATCH,53.8,2,44.9,-10.1,0.21,False,991.0,3.034,2425.0,20.0,0.0,False,3.61,73.49,2.5xATR (11% wide),,0,69
DEN,Den Networks Limited,48.3,100.0,False,True,,,price,25.850000381469727,WATCH,52.5,0,28.1,-11.4,0.31,False,1201.0,0.715,1239.0,20.0,0.0,False,0.82,23.8,2.5xATR (8% wide),,0,70
DECCANCE,Deccan Cements Limited,48.1,100.0,False,True,,Hyper-growth,mcap,547.75,BROKEN,13.2,0,50.2,-5.1,1.51,False,758.0,0.828,654.0,20.0,0.0,False,19.96,497.85,2.5xATR (9% wide),,0,71
SIGACHI,Sigachi Industries Limited,47.2,100.0,False,True,,Turnaround (unconfirmed),price,28.520000457763672,WATCH,78.7,4,30.1,23.4,1.77,False,1083.0,9.691,10582.0,20.0,0.0,False,1.31,25.25,2.5xATR (11% wide),promoter sold 3.8 pts in 4 quarters,0,72
MANCREDIT,Mangal Credit and Fincorp Limited,46.9,100.0,False,True,,,mcap,227.1999969482422,WATCH,87.3,7,20.9,-4.3,0.36,False,462.0,2.876,1530.0,20.0,0.0,False,9.27,204.02,2.5xATR (10% wide),,0,73
NETWORK18,Network18 Media & Investments Limited,46.2,100.0,False,True,,Deleveraging,price,24.690000534057617,BROKEN,5.1,0,53.6,-22.7,0.49,False,3921.0,8.121,7662.0,20.0,0.0,True,0.72,22.89,2.5xATR (7% wide),,0,74
YATRA,Yatra Online Limited,45.5,100.0,False,True,,Deleveraging,price,94.73999786376952,BROKEN,34.0,0,53.1,-17.0,0.52,False,1553.0,9.072,8993.0,20.0,0.0,True,4.27,84.06,2.5xATR (11% wide),promoter sold 1.8 pts in 4 quarters,0,75
VIKRAN,Vikran Engineering Limited,45.5,100.0,False,True,,Hyper-growth,price,55.84000015258789,BROKEN,16.8,0,52.8,-25.6,0.88,False,1503.0,4.872,5162.0,20.0,0.0,False,2.68,49.14,2.5xATR (12% wide),,0,76
HATHWAY,Hathway Cable & Datacom Limited,45.5,100.0,False,True,,,price,9.75,WATCH,38.1,0,32.0,-13.3,0.66,False,1646.0,1.431,2243.0,20.0,0.0,False,0.43,8.68,2.5xATR (11% wide),Rs9.8 share price — the tick alone is 0.1% of the price,0,77
NCLIND,NCL Industries Limited,45.5,100.0,False,True,,,mcap,165.4199981689453,BROKEN,48.0,1,23.0,-11.0,0.7,False,793.0,0.581,948.0,20.0,0.0,False,4.84,153.32,2.5xATR (7% wide),,0,78
KUANTUM,Kuantum Papers Limited,45.0,100.0,False,True,,,price+mcap,75.91999816894531,BROKEN,47.2,0,31.8,-1.3,1.13,False,652.0,0.809,1678.0,20.0,0.0,False,3.91,66.14,2.5xATR (13% wide),,0,79
SERVOTECH,Servotech Renewable Power System Limited,44.7,100.0,False,True,,,price,69.05000305175781,WATCH,20.8,1,46.5,-27.8,0.48,False,1563.0,2.876,4313.0,20.0,0.0,False,2.33,63.23,2.5xATR (8% wide),,0,80
PNBGILTS,PNB Gilts Limited,44.7,100.0,False,True,,,price,70.44000244140625,WATCH,51.5,0,29.4,-20.3,0.59,False,1290.0,2.74,3293.0,20.0,0.0,False,3.02,62.89,2.5xATR (11% wide),,0,81
PFS,PTC India Financial Services Limited,44.5,100.0,False,True,,,price,26.600000381469727,BROKEN,45.7,0,34.3,-13.0,2.58,False,1834.0,1.371,3367.0,20.0,0.0,False,1.33,23.28,2.5xATR (12% wide),,0,82
HERANBA,Heranba Industries Limited,43.7,100.0,False,True,,,mcap,162.0500030517578,BROKEN,17.3,0,50.4,-11.4,2.2,False,715.0,0.591,1253.0,20.0,0.0,False,8.25,141.43,2.5xATR (13% wide),,0,83
CONTROLPR,Control Print Limited,43.5,100.0,False,True,,,mcap,611.3499755859375,BROKEN,50.3,1,25.3,-6.2,0.35,False,978.0,1.246,1323.0,20.0,0.0,False,17.26,568.2,2.5xATR (7% wide),,0,84
INNOVANA,Innovana Thinklabs Limited,42.7,100.0,False,True,,Hyper-growth,mcap,301.5,BROKEN,15.7,0,42.6,-9.1,1.78,False,615.0,0.918,723.0,20.0,0.0,False,13.8,267.0,2.5xATR (11% wide),,0,85
CSLFINANCE,CSL Finance Limited,42.5,100.0,False,True,,,mcap,203.27999877929688,BROKEN,24.4,0,37.4,-10.1,0.91,False,481.0,0.551,820.0,20.0,0.0,False,6.74,186.43,2.5xATR (8% wide),,0,86
SDBL,Som Distilleries & Breweries Limited,41.5,100.0,False,True,,,price,71.19999694824219,BROKEN,27.7,0,47.6,6.7,1.52,False,1550.0,3.619,4164.0,20.0,0.0,False,3.36,62.8,2.5xATR (12% wide),,0,87
UNIECOM,Unicommerce Esolutions Limited,40.9,100.0,False,True,,Hyper-growth,price+mcap,82.81999969482422,BROKEN,21.3,0,40.4,-6.1,0.84,False,928.0,1.689,2650.0,20.0,0.0,False,3.4,74.32,2.5xATR (10% wide),,0,88
KHAICHEM,Khaitan Chemicals & Fertilizers Limited,40.9,100.0,False,True,,,price+mcap,48.130001068115234,BROKEN,7.6,0,63.8,-6.7,0.95,False,474.0,0.632,1390.0,20.0,0.0,False,1.76,43.73,2.5xATR (9% wide),,0,89
DOLATALGO,Dolat Algotech Limited,40.6,100.0,False,True,,,price,59.58000183105469,BROKEN,25.9,0,37.8,-17.4,0.79,False,1158.0,0.774,1141.0,20.0,0.0,False,2.49,53.36,2.5xATR (10% wide),,0,90
STERTOOLS,Sterling Tools Limited,40.5,100.0,False,True,,,mcap,225.2400054931641,WATCH,43.7,2,32.8,-7.2,0.3,False,820.0,0.671,823.0,20.0,0.0,False,11.55,196.37,2.5xATR (13% wide),,0,91
HIMATSEIDE,Himatsingka Seide Limited,40.4,100.0,False,True,,,price+mcap,59.52000045776367,BROKEN,3.0,0,54.0,-33.2,0.74,False,810.0,3.777,5094.0,20.0,0.0,False,3.3,51.27,2.5xATR (14% wide),,0,92
SPIC,Southern Petrochemicals Industries Corporation  Limited,40.4,100.0,False,True,,,price,61.150001525878906,WATCH,35.3,0,35.8,-8.4,0.65,False,1272.0,2.116,2975.0,20.0,0.0,False,1.68,56.95,2.5xATR (7% wide),,0,93
TERASOFT,Tera Software Limited,40.2,100.0,False,True,,Hyper-growth,mcap,225.63999938964844,BROKEN,2.5,0,62.3,-43.3,0.94,False,267.0,0.673,1295.0,20.0,0.0,False,16.55,184.26,2.5xATR (18% wide),no institutional holder — nothing independent has verified these accounts,0,94
RTNINDIA,RattanIndia Enterprises Limited,39.9,100.0,False,True,,,price,24.950000762939453,BROKEN,6.6,0,54.1,-25.3,0.81,False,3499.0,3.76,6010.0,20.0,0.0,False,1.2,21.95,2.5xATR (12% wide),,0,95
NARMADA,Narmada Agrobase Limited,39.6,70.0,False,True,,,price+mcap,11.130000114440918,BROKEN,22.1,2,50.7,-35.2,0.13,False,94.0,0.549,821.0,20.0,0.0,False,0.68,9.43,2.5xATR (15% wide),nano-cap: Rs94 Cr — one seller moves the price,0,96
RADIANTCMS,Radiant Cash Management Services Limited,39.2,100.0,False,True,,,price+mcap,33.540000915527344,BROKEN,19.3,0,41.2,-11.3,1.03,False,382.0,0.93,1814.0,20.0,0.0,False,1.12,30.74,2.5xATR (8% wide),,0,97
GENCON,Generic Engineering Construction and Projects Limited,38.7,100.0,False,True,,,price+mcap,35.79999923706055,BROKEN,37.3,0,40.3,-14.0,1.1,False,230.0,1.196,1002.0,20.0,0.0,False,2.08,30.6,2.5xATR (15% wide),,0,98
DCW,DCW Limited,37.2,90.0,False,True,,,price,44.18999862670898,WATCH,48.0,0,38.9,-10.0,1.13,False,1325.0,5.479,5974.0,20.0,0.0,False,2.04,39.09,2.5xATR (12% wide),,0,99
KELLTONTEC,Kellton Tech Solutions Limited,37.1,100.0,False,True,,,price+mcap,11.970000267028809,BROKEN,9.6,0,50.8,-22.5,0.72,False,658.0,1.911,3351.0,20.0,0.0,False,0.41,10.95,2.5xATR (9% wide),promoter sold 2.7 pts in 4 quarters,0,100
DIGITIDE,Digitide Solutions Limited,36.0,100.0,False,True,,,price,69.9000015258789,BROKEN,4.1,0,62.4,-33.4,0.14,False,1079.0,2.034,2567.0,20.0,0.0,False,3.77,60.48,2.5xATR (13% wide),,0,101
CEWATER,Concord Enviro Systems Limited,34.9,100.0,False,True,,,mcap,257.95001220703125,BROKEN,10.4,0,49.3,-22.5,0.5,False,534.0,1.473,2503.0,20.0,0.0,False,10.83,230.88,2.5xATR (10% wide),,0,102
VASCONEQ,Vascon Engineers Limited,34.2,100.0,False,True,,,price+mcap,30.68000030517578,BROKEN,11.7,0,58.9,-5.3,2.16,False,753.0,1.057,1585.0,20.0,0.0,False,1.78,26.23,2.5xATR (15% wide),,0,103
ZIMLAB,Zim Laboratories Limited,92.1,40.0,False,False,,Momentum,mcap,150.47000122070312,CONFIRMED,99.5,8,2.3,32.4,2.15,False,,1.577,1854.0,20.0,0.0,False,8.38,129.52,2.5xATR (14% wide),,1,104
MANOMAY,Manomay Tex India Limited,83.0,40.0,False,False,,,mcap,239.3300018310547,WATCH,82.7,7,7.9,37.1,1.85,False,,4.182,5380.0,20.0,0.0,False,10.06,214.18,2.5xATR (11% wide),,1,105
DCI,Dc Infotech And Communication Limited,77.8,40.0,False,False,,,mcap,341.04998779296875,WATCH,72.1,7,28.2,22.8,2.11,False,,4.329,4609.0,20.0,0.0,False,19.73,291.72,2.5xATR (14% wide),,1,106
UNITEDPOLY,United Polyfab Gujarat Limited,77.0,40.0,False,False,,,price,50.119998931884766,EXTENDED,93.4,8,3.6,62.3,3.26,False,,0.776,840.0,20.0,0.0,False,2.87,42.94,2.5xATR (14% wide),,1,107
OMAXAUTO,Omax Autos Limited,74.2,40.0,False,False,,Momentum,mcap,200.4499969482422,CONFIRMED,97.5,8,23.9,-21.2,1.16,False,,1.15,1279.0,20.0,0.0,False,12.12,170.15,2.5xATR (15% wide),,1,108
REMSONSIND,Remsons Industries Limited,66.9,40.0,False,False,,,mcap,101.45999908447266,WATCH,61.9,4,33.4,29.2,2.98,False,,2.857,3980.0,20.0,0.0,False,10.02,,2.5xATR stop would be 25% wide — untradeably volatile,,1,109
AUTOIND,Autoline Industries Limited,66.7,40.0,False,False,,,price+mcap,82.11000061035156,WATCH,84.8,7,21.0,-17.0,1.12,False,,1.147,2060.0,20.0,0.0,False,4.47,70.94,2.5xATR (14% wide),,1,110
MANBA,Manba Finance Limited,64.6,40.0,False,False,,,mcap,141.55999755859375,WATCH,82.2,6,8.1,2.5,1.16,False,,1.226,921.0,20.0,0.0,False,5.77,127.13,2.5xATR (10% wide),,1,111
MAGADSUGAR,Magadh Sugar & Energy Limited,64.1,40.0,False,False,,,mcap,538.9000244140625,WATCH,71.6,6,15.1,6.3,1.05,False,,1.282,2007.0,20.0,0.0,False,28.37,467.98,2.5xATR (13% wide),,1,112
TEXMOPIPES,Texmo Pipes and Products Limited,62.4,40.0,False,False,,,price+mcap,51.209999084472656,WATCH,76.6,7,20.6,17.5,1.47,False,,0.932,2568.0,20.0,0.0,False,2.8,44.21,2.5xATR (14% wide),,1,113
PONNIERODE,Ponni Sugars (Erode) Limited,61.0,40.0,False,False,,,mcap,345.6000061035156,WATCH,85.3,7,24.0,4.9,0.93,False,,1.082,1649.0,20.0,0.0,False,19.23,297.53,2.5xATR (14% wide),,1,114
IMAGICAA,Imagicaaworld Entertainment Limited,60.3,40.0,False,False,,,price,46.86000061035156,ANTICIPATION,61.4,3,24.4,-0.6,0.47,False,,3.071,3842.0,20.0,0.0,False,2.1,41.61,2.5xATR (11% wide),,1,115
ANUHPHR,Anuh Pharma Limited,59.3,40.0,False,False,,,price+mcap,82.0199966430664,WATCH,69.0,6,17.6,2.7,0.96,False,,0.958,2368.0,20.0,0.0,False,3.33,73.69,2.5xATR (10% wide),,1,116
JAIBALAJI,Jai Balaji Industries Limited,56.8,40.0,False,False,,,price,68.4000015258789,WATCH,59.4,4,30.9,3.0,1.08,False,,3.357,3484.0,10.0,0.0,True,2.8,61.4,2.5xATR (10% wide),,1,117
KESORAMIND,Kesoram Industries Limited,56.7,40.0,False,False,,,price,11.0600004196167,BROKEN,90.9,7,22.4,6.7,1.31,False,,0.636,1613.0,10.0,0.0,False,0.66,9.41,2.5xATR (15% wide),,1,118
SOUTHWEST,South West Pinnacle Exploration Limited,55.2,40.0,False,False,,,mcap,189.2400054931641,WATCH,73.1,2,31.2,-15.5,0.34,False,,3.001,3655.0,20.0,0.0,False,8.79,167.27,2.5xATR (12% wide),,1,119
EMKAY,Emkay Global Financial Services Limited,50.9,40.0,False,False,,,mcap,267.8999938964844,WATCH,73.6,5,27.8,-1.1,0.79,False,,1.185,1159.0,20.0,0.0,False,15.77,228.47,2.5xATR (15% wide),,1,120
ONIDA,Onida Electronics Limited,50.2,40.0,False,False,,,price,28.790000915527344,WATCH,67.5,3,41.5,-31.7,1.23,False,,1.189,1764.0,10.0,0.0,False,1.71,24.52,2.5xATR (15% wide),,1,121
TRACXN,Tracxn Technologies Limited,49.9,40.0,False,False,,,price+mcap,34.65999984741211,WATCH,57.6,4,38.0,16.5,1.33,False,,0.649,1632.0,20.0,0.0,False,1.53,30.83,2.5xATR (11% wide),,1,122
SWELECTES,Swelect Energy Systems Limited,48.6,40.0,False,False,,,mcap,618.0499877929688,WATCH,62.4,4,36.7,-2.1,1.03,False,,0.911,1233.0,20.0,0.0,False,30.18,542.6,2.5xATR (12% wide),,1,123
MSPL,MSP Steel & Power Limited,48.5,40.0,False,False,,,price,30.34000015258789,WATCH,44.2,1,34.2,-21.7,0.5,False,,2.859,2773.0,20.0,0.0,False,1.47,26.67,2.5xATR (12% wide),,1,124
NITCO,Nitco Limited,48.0,40.0,False,False,,,price,77.62999725341797,WATCH,29.4,1,35.0,-27.1,0.4,False,,4.19,3222.0,20.0,0.0,False,3.39,69.15,2.5xATR (11% wide),,1,125
ADSL,Allied Digital Services Limited,48.0,40.0,False,False,,,mcap,109.97000122070312,BROKEN,36.5,1,43.7,-12.5,1.95,False,,1.107,2521.0,20.0,0.04,False,6.87,92.8,2.5xATR (16% wide),,1,126
TVSELECT,TVS Electronics Limited,47.9,40.0,False,False,,,mcap,385.8999938964844,WATCH,36.0,1,47.8,-24.6,1.54,False,,1.094,1645.0,20.0,0.0,False,18.46,339.75,2.5xATR (12% wide),,1,127
KOTHARIPET,Kothari Petrochemicals Limited,47.4,40.0,False,False,,,mcap,118.43000030517578,WATCH,56.9,4,23.8,-9.3,0.51,False,,0.673,1210.0,20.0,0.0,False,4.67,106.76,2.5xATR (10% wide),,1,128
PROSTARM,Prostarm Info Systems Limited,46.6,40.0,False,False,,,mcap,127.45999908447266,BROKEN,31.5,0,38.9,-2.9,1.46,False,,2.233,3216.0,20.0,0.0,False,6.32,111.66,2.5xATR (12% wide),,1,129
SHANKARA,Shankara Building Products Limited,45.5,40.0,False,False,,,mcap,117.56999969482422,WATCH,33.5,4,24.1,-12.7,0.69,False,,0.999,880.0,20.0,0.0,False,7.1,99.82,2.5xATR (15% wide),,1,130
NAVKARCORP,Navkar Corporation Limited,44.9,40.0,False,False,,,price,84.58000183105469,WATCH,37.3,0,35.6,-23.1,0.61,False,,2.236,2792.0,20.0,0.0,False,3.01,77.06,2.5xATR (9% wide),,1,131
QUICKHEAL,Quick Heal Technologies Limited,44.0,40.0,False,False,,,mcap,137.75,BROKEN,12.2,0,62.9,-18.2,2.03,False,,1.246,2286.0,20.0,0.0,False,4.99,125.28,2.5xATR (9% wide),,1,132
SUYOG,Suyog Telematics Limited,43.9,40.0,False,False,,,mcap,645.0499877929688,WATCH,42.1,2,30.0,-25.6,0.57,False,,1.091,1133.0,20.0,0.0,False,38.98,547.6,2.5xATR (15% wide),,1,133
IITL,Industrial Investment Trust Limited,43.8,40.0,False,False,,,mcap,125.66999816894533,WATCH,27.7,2,41.5,0.3,0.93,False,,1.43,981.0,20.0,0.0,False,9.13,102.84,2.5xATR (18% wide),,1,134
PYRAMID,Pyramid Technoplast Limited,43.5,40.0,False,False,,,mcap,149.17999267578125,WATCH,63.5,2,24.9,-9.8,0.35,False,,0.614,815.0,20.0,0.0,False,6.37,133.25,2.5xATR (11% wide),,1,135
APTECHT,Aptech Limited,41.0,40.0,False,False,,,price+mcap,84.86000061035156,WATCH,52.5,1,34.0,-15.2,0.3,False,,0.568,1272.0,20.0,0.0,False,3.13,77.04,2.5xATR (9% wide),,1,136
ZUARI,Zuari Agro Chemicals Limited,38.9,40.0,False,False,,,mcap,206.97999572753903,BROKEN,49.2,0,40.1,-12.1,0.29,False,,1.467,2081.0,20.0,0.0,False,6.64,190.38,2.5xATR (8% wide),,1,137
GICHSGFIN,GIC Housing Finance Limited,38.0,40.0,False,False,,,mcap,131.52999877929688,BROKEN,42.6,0,28.5,-13.3,0.5,False,,0.904,1110.0,20.0,0.0,False,3.03,123.95,2.5xATR (6% wide),,1,138
INDOFARM,Indo Farm Equipment Limited,37.8,40.0,False,False,,,mcap,133.5399932861328,WATCH,30.5,0,50.8,-13.6,0.28,False,,1.237,1950.0,20.0,0.0,False,5.46,119.89,2.5xATR (10% wide),,1,139
SALZERELEC,Salzer Electronics Limited,35.8,40.0,False,False,,,mcap,497.25,BROKEN,26.4,0,47.8,-17.2,0.79,False,,1.894,2104.0,20.0,0.0,False,13.91,462.48,2.5xATR (7% wide),,1,140
KSOLVES,Ksolves India Limited,34.2,40.0,False,False,,,mcap,242.3699951171875,BROKEN,25.1,0,31.5,-19.5,0.44,False,,0.735,1606.0,20.0,0.0,False,8.93,220.04,2.5xATR (9% wide),,1,141
DJML,DJ Mediaprint & Logistics Limited,32.7,40.0,False,False,,,price+mcap,72.05000305175781,BROKEN,39.6,3,42.3,-36.4,0.18,False,,0.689,1096.0,20.0,0.0,False,3.44,63.45,2.5xATR (12% wide),,1,142
AGARIND,Agarwal Industrial Corporation Limited,31.5,40.0,False,False,,,mcap,374.7999877929688,BROKEN,13.7,0,59.9,-28.9,0.15,False,,1.305,2083.0,20.0,0.0,False,14.76,337.9,2.5xATR (10% wide),,1,143
STANLEY,Stanley Lifestyles Limited,29.9,40.0,False,False,,,mcap,128.33999633789062,BROKEN,20.3,0,57.8,-18.6,0.67,False,,1.037,1382.0,20.0,0.0,False,5.99,113.36,2.5xATR (12% wide),,1,144
ELIN,Elin Electronics Limited,28.3,40.0,False,False,,,price+mcap,75.02999877929688,BROKEN,1.0,0,66.4,-24.5,0.38,False,,0.92,1639.0,20.0,0.0,False,3.21,67.0,2.5xATR (11% wide),,1,145
VAKRANGEE,Vakrangee Limited,27.4,40.0,False,False,,,price+mcap,5.039999961853027,BROKEN,15.2,0,47.7,-17.1,0.82,False,,0.558,1779.0,20.0,0.0,False,0.2,4.54,2.5xATR (10% wide),Rs5.0 share price — the tick alone is 0.2% of the price,1,146
MEDICO,Medico Remedies Limited,21.9,40.0,False,False,,,price+mcap,22.799999237060547,BROKEN,0.5,0,59.9,-42.6,1.3,False,,0.687,1596.0,10.0,0.08,False,2.31,,2.5xATR stop would be 25% wide — untradeably volatile,hit its circuit on 8% of recent sessions — a stop cannot fill in a locked market,1,147
CENTRUM,Centrum Capital Limited,19.5,40.0,False,False,,,price,19.57999992370605,BROKEN,4.6,0,45.5,-22.8,0.32,False,,0.503,567.0,20.0,0.0,False,1.14,16.73,2.5xATR (15% wide),,1,148
MOTISONS,Motisons Jewellers Limited,25.0,100.0,True,True,share capital up 54% in 3 years — serial issuance dilutes every rupee of future earnings,Deleveraging + Momentum,price,18.059999465942383,CONFIRMED,83.2,8,8.7,28.0,1.35,False,2035.0,70.854,53956.0,20.0,0.0,False,0.86,15.91,2.5xATR (12% wide),promoter sold 8.9 pts in 4 quarters,2,149
SBC,SBC Exports Limited,25.0,100.0,True,True,"promoter pledge 40.0% (> 10%) — the lender, not the promoter, decides when this stock gets sold; share capital up 129% in 3 years — serial issuance dilutes every rupee of future earnings",Hyper-growth,price,62.43000030517578,EXTENDED,100.0,8,3.1,47.6,1.66,False,2547.0,59.727,12540.0,20.0,0.0,False,2.7,55.68,2.5xATR (11% wide),,2,150
BAJAJHIND,Bajaj Hindusthan Sugar Limited,25.0,100.0,True,True,"promoter pledge 100.0% (> 10%) — the lender, not the promoter, decides when this stock gets sold; share capital up 91% in 3 years — serial issuance dilutes every rupee of future earnings",Momentum,price,20.420000076293945,CONFIRMED,77.2,8,21.5,16.7,0.59,False,4588.0,31.922,21979.0,20.0,0.0,True,0.88,18.22,2.5xATR (11% wide),"promoter sold 11.6 pts in 4 quarters | no promoter (13.3%) — widely held, institutions 52%: professionally managed rather than promoter-driven, so there is no controlling owner whose interests you are riding along with",2,151
JTLIND,JTL INDUSTRIES LIMITED,25.0,100.0,True,True,share capital up 129% in 3 years — serial issuance dilutes every rupee of future earnings,Momentum,price,83.9800033569336,CONFIRMED,89.3,8,10.7,7.6,0.95,False,3312.0,26.363,18249.0,20.0,0.0,False,4.19,73.51,2.5xATR (12% wide),,2,152
CONFIPET,Confidence Petroleum India Limited,25.0,100.0,True,True,"promoter pledge 41.4% (> 10%) — the lender, not the promoter, decides when this stock gets sold",Hyper-growth + Momentum,price,83.66999816894531,CONFIRMED,95.9,8,10.2,13.7,0.88,False,2862.0,24.28,24502.0,20.0,0.0,False,4.06,73.52,2.5xATR (12% wide),,2,153
ONEPOINT,One Point One Solutions Limited,25.0,100.0,True,True,"promoter pledge 36.0% (> 10%) — the lender, not the promoter, decides when this stock gets sold",Hyper-growth,price,80.36000061035156,EXTENDED,96.4,8,1.8,44.9,2.73,False,1954.0,17.352,16163.0,20.0,0.0,False,3.69,71.14,2.5xATR (11% wide),,2,154
ASIANTILES,Asian Granito India Limited,25.0,100.0,True,True,share capital up 133% in 3 years — serial issuance dilutes every rupee of future earnings,,price,45.59000015258789,BROKEN,22.1,0,42.3,-6.7,0.18,False,1416.0,10.265,5152.0,20.0,0.0,False,1.57,41.67,2.5xATR (9% wide),,2,155
GRMOVER,GRM Overseas Limited,25.0,100.0,True,True,share capital up 242% in 3 years — serial issuance dilutes every rupee of future earnings,Hyper-growth,price,80.0199966430664,BROKEN,2.0,0,56.9,-15.5,0.46,False,1607.0,8.784,5628.0,20.0,0.0,False,2.7,73.27,2.5xATR (8% wide),promoter sold 5.1 pts in 4 quarters,2,156
UTKARSHBNK,Utkarsh Small Finance Bank Limited,25.0,100.0,True,True,share capital up 99% in 3 years — serial issuance dilutes every rupee of future earnings,,price,13.579999923706056,WATCH,54.3,2,38.4,-9.3,0.59,False,2408.0,8.641,6996.0,20.0,0.0,False,0.47,12.4,2.5xATR (9% wide),promoter sold 26.2 pts in 4 quarters,2,157
DBREALTY,Valor Estate Limited,25.0,100.0,True,True,"promoter pledge 44.7% (> 10%) — the lender, not the promoter, decides when this stock gets sold; share capital up 54% in 3 years — serial issuance dilutes every rupee of future earnings",Deleveraging,price,84.9800033569336,BROKEN,14.7,0,47.3,-28.8,1.06,False,4609.0,8.452,7837.0,10.0,0.0,True,4.02,74.93,2.5xATR (12% wide),,2,158
PARACABLES,Paramount Communications Limited,25.0,100.0,True,True,share capital up 56% in 3 years — serial issuance dilutes every rupee of future earnings,,price,55.84999847412109,BROKEN,90.4,5,26.2,-14.3,0.54,False,1845.0,7.641,7662.0,20.0,0.0,False,2.59,49.37,2.5xATR (12% wide),promoter sold 3.2 pts in 4 quarters,2,159
STEELXIND,STEEL EXCHANGE INDIA LIMITED,25.0,70.0,True,True,"promoter pledge 100.0% (> 10%) — the lender, not the promoter, decides when this stock gets sold",,price,10.369999885559082,WATCH,78.2,5,25.7,-15.0,1.49,False,1436.0,6.77,5734.0,20.0,0.0,False,0.62,8.82,2.5xATR (15% wide),promoter sold 1.1 pts in 4 quarters,2,160
EASEMYTRIP,Easy Trip Planners Limited,25.0,100.0,True,True,share capital up 109% in 3 years — serial issuance dilutes every rupee of future earnings,Deleveraging,price,5.760000228881836,BROKEN,16.2,0,45.7,-17.2,0.32,False,2295.0,6.003,7244.0,20.0,0.0,False,0.17,5.34,2.5xATR (7% wide),Rs5.8 share price — the tick alone is 0.2% of the price | promoter sold 4.2 pts in 4 quarters,2,161
JISLJALEQS,Jain Irrigation Systems Limited,25.0,100.0,True,True,"promoter pledge 40.8% (> 10%) — the lender, not the promoter, decides when this stock gets sold",,price,27.020000457763672,BROKEN,14.2,0,51.6,-13.6,1.07,False,1953.0,5.995,7040.0,20.0,0.0,False,1.07,24.35,2.5xATR (10% wide),,2,162
RAJOOENG,Rajoo Engineers Limited,25.0,100.0,True,True,share capital up 200% in 3 years — serial issuance dilutes every rupee of future earnings,Hyper-growth,price,59.45000076293945,WATCH,45.2,3,37.4,18.4,1.89,False,1115.0,5.542,6631.0,20.0,0.0,False,2.94,52.1,2.5xATR (12% wide),,2,163
TEMBO,Tembo Global Industries Limited,25.0,100.0,True,True,"promoter pledge 40.6% (> 10%) — the lender, not the promoter, decides when this stock gets sold; share capital up 73% in 3 years — serial issuance dilutes every rupee of future earnings",Hyper-growth,price,55.060001373291016,WATCH,65.0,1,34.2,-1.2,0.79,False,1021.0,5.501,4592.0,20.0,0.0,False,2.97,47.64,2.5xATR (13% wide),,2,164
PATELENG,Patel Engineering Limited,25.0,100.0,True,True,"promoter pledge 86.6% (> 10%) — the lender, not the promoter, decides when this stock gets sold",Deleveraging,price,24.979999542236328,WATCH,40.1,0,34.6,-18.4,0.35,False,2571.0,5.052,6933.0,20.0,0.0,False,0.86,22.83,2.5xATR (9% wide),promoter sold 4.6 pts in 4 quarters,2,165
JYOTISTRUC,Jyoti Structures Limited,25.0,100.0,True,True,share capital up 88% in 3 years — serial issuance dilutes every rupee of future earnings,Hyper-growth,price,8.930000305175781,BROKEN,11.2,1,40.6,-22.0,0.78,False,1060.0,4.216,4532.0,20.0,0.0,False,0.39,7.96,2.5xATR (11% wide),Rs8.9 share price — the tick alone is 0.1% of the price,2,166
HITECH,Hi-Tech Pipes Limited,25.0,100.0,True,True,share capital up 54% in 3 years — serial issuance dilutes every rupee of future earnings,Hyper-growth,price,70.94000244140625,BROKEN,19.8,0,42.7,-20.4,0.88,False,1452.0,3.679,4939.0,20.0,0.0,False,2.41,64.92,2.5xATR (8% wide),,2,167
WANBURY,Wanbury Limited,25.0,100.0,True,True,"promoter pledge 62.2% (> 10%) — the lender, not the promoter, decides when this stock gets sold",,mcap,196.4199981689453,WATCH,29.9,1,45.3,-30.8,0.58,False,687.0,3.588,4898.0,20.0,0.0,False,11.9,166.67,2.5xATR (15% wide),,2,168
SEPC,SEPC Limited,25.0,100.0,True,True,"promoter pledge 79.4% (> 10%) — the lender, not the promoter, decides when this stock gets sold; promoter holding only 11.67% and institutions hold just 14.9% — nobody with size is accountable for this company",Hyper-growth,price+mcap,5.28000020980835,BROKEN,3.6,0,55.6,-18.6,0.41,False,975.0,3.473,4047.0,20.0,0.0,False,0.2,4.78,2.5xATR (9% wide),Rs5.3 share price — the tick alone is 0.2% of the price | promoter sold 15.7 pts in 4 quarters,2,169
IRISDOREME,Iris Clothings Limited,25.0,100.0,True,True,share capital up 138% in 3 years — serial issuance dilutes every rupee of future earnings,Hyper-growth + Momentum,price,59.810001373291016,CONFIRMED,98.0,8,12.0,34.9,0.97,False,1151.0,3.252,3868.0,20.0,0.0,False,3.44,51.21,2.5xATR (14% wide),promoter sold 2.4 pts in 4 quarters,2,170
SCODATUBES,Scoda Tubes Limited,25.0,100.0,True,True,share capital up 5900% in 3 years — serial issuance dilutes every rupee of future earnings,,mcap,120.23999786376952,WATCH,28.9,0,33.7,-22.2,1.31,False,720.0,2.691,2560.0,20.0,0.0,False,5.86,105.59,2.5xATR (12% wide),,2,171
MCLOUD,Magellanic Cloud Limited,25.0,100.0,True,True,"promoter pledge 46.8% (> 10%) — the lender, not the promoter, decides when this stock gets sold",,price,24.5,WATCH,10.4,2,68.7,-16.5,0.2,False,1426.0,2.671,2916.0,20.0,0.0,False,0.94,22.15,2.5xATR (10% wide),promoter sold 4.3 pts in 4 quarters,2,172
BLKASHYAP,B. L. Kashyap and Sons Limited,25.0,100.0,True,True,"promoter pledge 94.4% (> 10%) — the lender, not the promoter, decides when this stock gets sold",Momentum,price,55.27000045776367,CONFIRMED,69.5,8,13.4,0.0,0.87,False,1126.0,2.394,2942.0,20.0,0.0,False,2.99,47.8,2.5xATR (14% wide),,2,173
REGAAL,Regaal Resources Limited,25.0,100.0,True,True,share capital up 410% in 3 years — serial issuance dilutes every rupee of future earnings,,price+mcap,84.08999633789062,WATCH,68.0,7,18.4,4.0,2.41,False,882.0,2.076,2348.0,20.0,0.0,False,4.76,72.19,2.5xATR (14% wide),,2,174
ROTO,Roto Pumps Limited,25.0,100.0,True,True,share capital up 533% in 3 years — serial issuance dilutes every rupee of future earnings,Deleveraging,price,60.09000015258789,WATCH,60.9,2,25.6,-11.1,0.12,False,1191.0,2.054,3222.0,20.0,0.0,False,2.06,54.94,2.5xATR (9% wide),,2,175
DENTA,Denta Water and Infra Solutions Limited,25.0,100.0,True,True,share capital up 440% in 3 years — serial issuance dilutes every rupee of future earnings,,mcap,259.79998779296875,WATCH,41.4,1,44.7,-26.4,0.18,False,696.0,2.041,2432.0,20.0,0.0,False,8.6,238.3,2.5xATR (8% wide),,2,176
COFFEEDAY,Coffee Day Enterprises Limited,25.0,100.0,True,True,promoter holding only 7.74% and institutions hold just 1.4% — nobody with size is accountable for this company,Deleveraging,price+mcap,30.809999465942383,WATCH,67.0,5,31.2,-3.9,1.36,False,636.0,1.954,2464.0,20.0,0.0,False,1.57,26.88,2.5xATR (13% wide),,2,177
GREENPOWER,Orient Green Power Company Limited,25.0,100.0,True,True,"promoter pledge 100.0% (> 10%) — the lender, not the promoter, decides when this stock gets sold; share capital up 56% in 3 years — serial issuance dilutes every rupee of future earnings",Deleveraging,price,8.5600004196167,BROKEN,26.9,0,42.7,-14.3,0.63,False,1019.0,1.746,3916.0,20.0,0.0,False,0.29,7.84,2.5xATR (8% wide),Rs8.6 share price — the tick alone is 0.1% of the price,2,178
MTNL,Mahanagar Telephone Nigam Limited,25.0,100.0,True,True,negative net worth (Rs-29960 Cr) — accumulated losses have eaten the equity; recovery requires dilution,,price,22.90999984741211,BROKEN,12.7,0,48.7,-20.1,1.71,False,1553.0,1.706,3026.0,20.0,0.0,False,1.07,20.23,2.5xATR (12% wide),,2,179
DHANBANK,Dhanlaxmi Bank Limited,25.0,100.0,True,True,share capital up 56% in 3 years — serial issuance dilutes every rupee of future earnings,Momentum,price,33.959999084472656,CONFIRMED,89.8,8,7.8,-2.6,1.23,False,1077.0,1.509,2325.0,20.0,0.0,False,1.92,29.16,2.5xATR (14% wide),,2,180
PATELRMART,Patel Retail Limited,25.0,100.0,True,True,share capital up 725% in 3 years — serial issuance dilutes every rupee of future earnings,Hyper-growth,mcap,238.27999877929688,WATCH,81.7,7,10.4,4.9,0.46,False,682.0,1.448,1425.0,20.0,0.0,False,8.33,217.45,2.5xATR (9% wide),,2,181
FISCHER,Fischer Medical Ventures Limited,25.0,100.0,True,True,share capital up 38135% in 3 years — serial issuance dilutes every rupee of future earnings,Hyper-growth,price,30.3700008392334,BROKEN,1.5,0,75.0,-20.6,0.56,False,2347.0,1.432,1887.0,20.0,0.0,False,1.69,26.15,2.5xATR (14% wide),,2,182
KECL,Kirloskar Electric Company Limited,25.0,100.0,True,True,"promoter pledge 57.5% (> 10%) — the lender, not the promoter, decides when this stock gets sold",,mcap,121.37000274658205,WATCH,80.2,7,21.7,5.4,0.78,False,905.0,1.4,2405.0,20.0,0.0,False,6.38,105.42,2.5xATR (13% wide),,2,183
UGROCAP,Ugro Capital Limited,25.0,70.0,True,True,promoter holding only 2.88% and institutions hold just 7.3% — nobody with size is accountable for this company,,price,79.93000030517578,BROKEN,8.9,0,57.9,-18.3,0.56,False,1282.0,1.283,1873.0,20.0,0.0,False,2.42,73.88,2.5xATR (8% wide),,2,184
ELECTHERM,Electrotherm (India) Limited,25.0,100.0,True,True,negative net worth (Rs-154 Cr) — accumulated losses have eaten the equity; recovery requires dilution,Deleveraging,mcap,690.7999877929688,WATCH,54.8,2,45.9,-38.3,0.43,False,948.0,1.201,706.0,10.0,0.0,False,45.99,575.82,2.5xATR (17% wide),,2,185
GEMAROMA,Gem Aromatics Limited,25.0,100.0,True,True,share capital up 400% in 3 years — serial issuance dilutes every rupee of future earnings,,mcap,148.11000061035156,BROKEN,35.3,1,41.7,-28.3,0.18,False,822.0,1.123,1580.0,20.0,0.0,False,6.19,132.64,2.5xATR (10% wide),,2,186
MCLEODRUSS,Mcleod Russel India Limited,25.0,100.0,True,True,promoter holding only 6.25% and institutions hold just 2.0% — nobody with size is accountable for this company; negative net worth (Rs-131 Cr) — accumulated losses have eaten the equity; recovery requires dilution,,price+mcap,41.22999954223633,WATCH,72.6,2,47.4,-25.0,1.05,False,431.0,1.092,1223.0,10.0,0.0,False,2.27,35.55,2.5xATR (14% wide),,2,187
MEIL,Mangal Electrical Industries Limited,25.0,100.0,True,True,share capital up 100% in 3 years — serial issuance dilutes every rupee of future earnings,Deleveraging,mcap,277.25,WATCH,49.7,2,44.0,-7.9,2.05,False,743.0,1.0,1301.0,20.0,0.0,False,13.5,243.5,2.5xATR (12% wide),,2,188
MAXIND,Max India Limited,25.0,100.0,True,True,"trailing sales only Rs9.5 Cr — a listed entity, not an operating business",,mcap,154.72999572753906,WATCH,51.5,0,31.2,-5.8,0.74,False,871.0,0.98,1405.0,20.0,0.0,False,8.75,132.85,2.5xATR (14% wide),promoter sold 1.6 pts in 4 quarters,2,189
FABTECH,Fabtech Technologies Limited,25.0,100.0,True,True,share capital up 1367% in 3 years — serial issuance dilutes every rupee of future earnings,Turnaround (margin-confirmed),mcap,133.22000122070312,YOUNG,,0,49.3,-15.8,0.33,False,623.0,0.901,823.0,20.0,0.0,False,4.8,121.22,2.5xATR (9% wide),,2,190
ZEEMEDIA,Zee Media Corporation Limited,25.0,100.0,True,True,promoter holding only 9.04% and institutions hold just 23.9% — nobody with size is accountable for this company,Deleveraging,price+mcap,7.03000020980835,BROKEN,32.5,0,39.1,-14.8,0.33,False,476.0,0.797,1488.0,20.0,0.0,False,0.28,6.33,2.5xATR (10% wide),Rs7.0 share price — the tick alone is 0.1% of the price,2,191
IGCL,Indogulf Cropsciences Limited,25.0,100.0,True,True,share capital up 162% in 3 years — serial issuance dilutes every rupee of future earnings,,price+mcap,55.09000015258789,WATCH,17.8,1,50.5,-23.4,1.01,False,342.0,0.787,1943.0,20.0,0.0,False,3.62,46.04,2.5xATR (16% wide),,2,192
BORANA,Borana Weaves Limited,25.0,100.0,True,True,share capital up 67400% in 3 years — serial issuance dilutes every rupee of future earnings,Hyper-growth,mcap,258.20001220703125,BROKEN,55.8,1,38.5,-15.9,0.77,False,791.0,0.748,676.0,20.0,0.0,False,11.96,228.3,2.5xATR (12% wide),,2,193
PAKKA,PAKKA LIMITED,25.0,100.0,True,True,"promoter pledge 76.9% (> 10%) — the lender, not the promoter, decides when this stock gets sold",Turnaround (margin-confirmed),price+mcap,70.83999633789062,BROKEN,5.6,0,53.8,-4.0,0.69,False,348.0,0.711,1897.0,20.0,0.0,False,2.74,63.99,2.5xATR (10% wide),promoter sold 2.4 pts in 4 quarters,2,194
MAANALU,Maan Aluminium Limited,25.0,70.0,True,True,"trailing sales only Rs7.6 Cr — a listed entity, not an operating business",,mcap,102.47000122070312,BROKEN,34.5,0,44.5,-16.1,0.9,False,616.0,0.64,1303.0,20.0,0.0,False,4.78,90.52,2.5xATR (12% wide),promoter sold 3.0 pts in 4 quarters,2,195
KRYSTAL,Krystal Integrated Services Limited,25.0,100.0,True,True,share capital up 133% in 3 years — serial issuance dilutes every rupee of future earnings,,mcap,626.75,WATCH,74.6,6,10.1,4.4,0.95,False,866.0,0.581,655.0,20.0,0.0,False,24.34,565.9,2.5xATR (10% wide),,2,196
HARDWYN,Hardwyn India Limited,25.0,100.0,True,True,share capital up 88% in 3 years — serial issuance dilutes every rupee of future earnings,,price+mcap,9.1899995803833,BROKEN,22.8,1,54.5,-46.7,0.15,False,633.0,0.566,814.0,20.0,0.0,False,0.39,8.21,2.5xATR (11% wide),Rs9.2 share price — the tick alone is 0.1% of the price,2,197
JITFINFRA,JITF Infralogistics Limited,25.0,100.0,True,True,negative net worth (Rs-513 Cr) — accumulated losses have eaten the equity; recovery requires dilution,,mcap,268.25,BROKEN,33.0,1,38.1,-31.8,0.44,False,690.0,0.559,695.0,20.0,0.0,False,13.09,235.53,2.5xATR (12% wide),,2,198
BRIGHOTEL,Brigade Hotel Ventures Limited,25.0,100.0,True,True,share capital up 37900% in 3 years — serial issuance dilutes every rupee of future earnings,Deleveraging,price,55.47999954223633,WATCH,28.4,0,36.8,-13.3,0.75,False,2163.0,0.501,2241.0,20.0,0.0,False,1.44,51.88,2.5xATR (6% wide),,2,199
