symbol,market_cap_cr,current_price,pe,roce_pct,roe_pct,book_value,sales_growth_ttm,sales_growth_3y,sales_growth_5y,profit_growth_ttm,profit_growth_3y,profit_growth_5y,np_latest_q,np_yoy_q,loss_to_profit,opm_latest_q,opm_yoy_q,debt_cr,debt_3y_ago_cr,debt_to_equity,cfo_last_cr,equity_cap_now,equity_cap_3y_ago,shares_out_cr,promoter_pct,promoter_pct_4q_ago,fii_pct,fii_pct_4q_ago,dii_pct,dii_pct_4q_ago,pledge_pct,fetched_at,source,sales_ttm_cr,sales_latest_cr,sales_yoy_q,reserves_cr,net_worth_cr
IDEA,142254.0,13.1,,-1.6,,-3.3,3.0,2.0,1.0,13.0,6.0,0.0,51970.0,-7167.0,True,43.0,42.0,192528.0,237766.0,,19411.0,108343.0,48680.0,10834.3,25.64,25.57,6.17,5.99,6.05,4.74,,2026-07-25T02:44:16,https://www.screener.in/company/IDEA/consolidated/,44872.0,11332.0,2.9,-144101.0,-35758.0
PCJEWELLER,9002.0,9.28,12.6,9.58,9.96,9.45,49.0,11.0,3.0,24.0,77.0,63.0,153.0,95.0,False,18.0,21.0,1167.0,3736.0,0.14,-77.0,865.0,465.0,865.0,38.5,37.61,12.15,6.46,4.31,8.23,,2026-07-25T02:44:18,https://www.screener.in/company/PCJEWELLER/consolidated/,3352.0,927.0,32.6,7309.0,8174.0
SUZLON,71276.0,52.3,22.5,35.1,40.6,6.96,54.0,41.0,38.0,52.0,165.0,46.0,1114.0,1181.0,False,18.0,18.0,556.0,1938.0,0.06,1202.0,2745.0,2454.0,1372.5,11.7,11.73,24.15,22.7,11.12,10.14,,2026-07-25T02:44:20,https://www.screener.in/company/SUZLON/consolidated/,16732.0,5493.0,44.9,6719.0,9464.0
IFCI,18893.0,70.1,102.0,5.03,2.09,33.2,10.0,7.0,0.0,8.0,42.0,16.0,34.0,260.0,False,11.0,87.0,,,,280.0,2694.0,2196.0,269.4,72.57,72.57,3.5,2.6,1.66,1.62,,2026-07-25T02:44:22,https://www.screener.in/company/IFCI/consolidated/,2068.0,470.0,13.5,6250.0,8944.0
YESBANK,72033.0,23.0,19.1,5.98,7.1,16.7,0.0,10.0,9.0,38.0,69.0,25.0,1072.0,809.0,False,-7.0,-10.0,,,,21217.0,6276.0,5751.0,3138.0,,,46.12,44.95,24.04,20.79,,2026-07-25T02:44:24,https://www.screener.in/company/YESBANK/consolidated/,30658.0,8054.0,5.9,44882.0,51158.0
NMDC,73464.0,83.6,9.86,27.6,23.4,38.7,34.0,22.0,16.0,14.0,17.0,4.0,2027.0,1477.0,False,23.0,29.0,6407.0,2128.0,0.19,4996.0,879.0,293.0,879.0,60.79,60.79,13.59,13.04,13.8,14.38,,2026-07-25T02:44:26,https://www.screener.in/company/NMDC/consolidated/,32071.0,11343.0,61.9,33183.0,34062.0
IDFCFIRSTB,69651.0,80.8,43.2,5.98,3.78,54.8,11.0,21.0,20.0,9.0,-13.0,28.0,331.0,296.0,False,-14.0,-16.0,,,,6817.0,8602.0,6618.0,860.2,0.0,0.0,36.1,24.64,24.35,24.33,,2026-07-25T02:44:28,https://www.screener.in/company/IDFCFIRSTB/consolidated/,40549.0,10553.0,12.1,38514.0,47116.0
MAHABANK,62325.0,81.0,8.27,6.03,22.6,46.4,16.0,23.0,20.0,31.0,39.0,65.0,2023.0,1504.0,False,16.0,12.0,,,,-11336.0,7692.0,6730.0,769.2,73.6,79.6,5.82,2.35,14.28,10.06,,2026-07-25T02:44:30,https://www.screener.in/company/MAHABANK/consolidated/,30262.0,8035.0,13.9,25533.0,33225.0
IDBI,91320.0,84.9,9.8,5.92,14.1,63.8,1.0,12.0,8.0,18.0,35.0,43.0,2131.0,2024.0,False,23.0,15.0,,,,16762.0,10752.0,10752.0,1075.2,94.72,94.72,0.45,0.47,0.1,0.11,,2026-07-25T02:44:32,https://www.screener.in/company/IDBI/consolidated/,29542.0,7549.0,7.4,57812.0,68564.0
NHPC,79748.0,79.4,21.2,5.73,9.29,41.2,12.0,3.0,4.0,28.0,-1.0,2.0,1549.0,920.0,False,23.0,51.0,52327.0,29540.0,1.26,3294.0,10045.0,10045.0,1004.5,61.39,67.4,12.29,10.05,14.54,10.54,,2026-07-25T02:44:34,https://www.screener.in/company/NHPC/consolidated/,11616.0,2816.0,20.0,31392.0,41437.0
UJJIVANSFB,13761.0,70.7,15.2,7.73,10.8,35.1,15.0,19.0,20.0,72.0,-14.0,194.0,317.0,103.0,False,8.0,-7.0,,,,1843.0,1943.0,1955.0,194.3,0.0,0.0,16.81,17.05,33.45,20.13,,2026-07-25T16:03:51,https://www.screener.in/company/UJJIVANSFB/,7337.0,2025.0,25.1,4873.0,6816.0
PAISALO,6382.0,70.2,26.8,12.3,14.3,19.7,23.0,26.0,22.0,19.0,35.0,33.0,72.0,46.0,False,39.0,33.0,,,,-783.0,91.0,45.0,91.0,46.71,41.16,6.79,20.89,6.83,7.68,,2026-07-25T02:44:38,https://www.screener.in/company/PAISALO/consolidated/,944.0,261.0,34.5,1702.0,1793.0
NBCC,25337.0,93.8,38.3,31.0,24.1,11.2,7.0,13.0,13.0,10.0,20.0,24.0,254.0,183.0,False,6.0,6.0,0.0,0.0,0.0,439.0,270.0,180.0,270.0,61.75,61.75,4.77,5.34,11.28,10.97,,2026-07-25T02:44:40,https://www.screener.in/company/NBCC/consolidated/,12887.0,4560.0,-1.8,2747.0,3017.0
JPPOWER,11617.0,17.0,13.9,6.97,3.6,18.6,9.0,-1.0,11.0,12.0,97.0,24.0,469.0,278.0,False,43.0,38.0,3391.0,4761.0,0.27,1301.0,6853.0,6853.0,685.3,24.0,24.0,6.75,6.34,11.15,17.19,73.0,2026-07-25T02:44:42,https://www.screener.in/company/JPPOWER/consolidated/,5756.0,1776.0,12.2,5879.0,12732.0
INOXWIND,13302.0,77.0,32.8,10.5,7.09,36.9,24.0,81.0,44.0,-12.0,38.0,27.0,106.0,190.0,False,16.0,20.0,1587.0,2416.0,0.25,-598.0,1728.0,326.0,172.8,44.18,44.18,14.53,13.37,10.02,9.87,,2026-07-25T02:44:44,https://www.screener.in/company/INOXWIND/consolidated/,4396.0,1244.0,-2.4,4654.0,6382.0
SAGILITY,18922.0,40.4,18.4,13.4,10.5,20.6,29.0,19.0,,54.0,86.0,,217.0,149.0,False,22.0,22.0,1111.0,2896.0,0.12,1203.0,4679.0,1919.0,467.9,50.95,67.38,9.99,5.59,21.42,14.87,,2026-07-25T02:44:46,https://www.screener.in/company/SAGILITY/consolidated/,7616.0,1963.0,27.6,4980.0,9659.0
SOUTHBANK,12179.0,46.5,8.06,6.42,13.5,45.1,7.0,11.0,6.0,14.0,23.0,88.0,378.0,322.0,False,5.0,-8.0,,,,3907.0,262.0,209.0,262.0,,,25.39,17.91,14.24,11.92,,2026-07-25T02:44:48,https://www.screener.in/company/SOUTHBANK/consolidated/,10112.0,2628.0,11.3,11143.0,11405.0
IRFC,114506.0,87.6,16.3,5.64,12.8,43.4,0.0,5.0,12.0,8.0,3.0,10.0,1684.0,1682.0,False,23.0,25.0,,,,-27026.0,13069.0,13069.0,1306.9,82.9,86.36,1.17,0.97,3.98,1.48,,2026-07-25T16:02:42,https://www.screener.in/company/IRFC/,27284.0,7336.0,9.1,43680.0,56749.0
MOREPENLAB,2948.0,53.8,39.6,8.05,6.2,22.8,0.0,8.0,9.0,-37.0,24.0,-5.0,16.0,20.0,False,5.0,9.0,208.0,25.0,0.17,33.0,110.0,102.0,55.0,35.66,35.66,1.46,1.62,1.28,1.49,,2026-07-25T02:44:52,https://www.screener.in/company/MOREPENLAB/consolidated/,1806.0,485.0,4.1,1137.0,1247.0
HCC,5614.0,21.4,40.8,22.8,9.06,8.12,-29.0,-22.0,-14.0,5428.0,32.0,19.0,59.0,90.0,False,17.0,21.0,1019.0,5512.0,0.48,892.0,262.0,151.0,262.0,16.18,16.72,11.38,9.58,3.7,6.79,82.4,2026-07-25T02:44:54,https://www.screener.in/company/HCC/consolidated/,3969.0,992.0,-27.8,1865.0,2127.0
RPOWER,9951.0,24.1,,6.1,-0.91,38.8,0.0,0.0,-1.0,3.0,24.0,,-494.0,126.0,False,31.0,30.0,14812.0,21236.0,0.92,2824.0,4136.0,3735.0,413.6,24.98,24.98,13.64,13.09,2.79,3.75,,2026-07-25T02:44:56,https://www.screener.in/company/RPOWER/consolidated/,7620.0,1887.0,-4.6,11904.0,16040.0
TFCILTD,4040.0,87.3,47.3,10.4,9.87,21.5,-8.0,,,5.0,,,18.0,20.0,False,49.0,42.0,,,,139.0,90.0,81.0,45.0,3.85,3.85,5.46,4.61,0.0,0.08,,2026-07-25T02:44:58,https://www.screener.in/company/TFCILTD/consolidated/,233.0,51.0,-17.7,883.0,973.0
MSUMI,26600.0,40.1,42.6,38.9,32.4,3.26,23.0,18.0,24.0,3.0,9.0,10.0,167.0,165.0,False,8.0,11.0,233.0,373.0,0.11,761.0,663.0,442.0,663.0,61.72,61.72,8.91,10.27,17.85,16.59,,2026-07-25T16:02:56,https://www.screener.in/company/MSUMI/,11478.0,3335.0,32.9,1498.0,2161.0
JAYNECOIND,8424.0,86.8,,2.93,-0.87,33.2,-13.0,1.0,3.0,4.0,,,,,False,,,4114.0,2422.0,1.94,521.0,639.0,497.0,63.9,55.15,55.15,1.32,1.07,0.78,0.51,99.9,2026-07-25T02:45:02,https://www.screener.in/company/JAYNECOIND/consolidated/,,,,1482.0,2121.0
MOTISONS,1612.0,14.2,25.2,17.9,14.0,4.98,6.0,10.0,18.0,48.0,42.0,46.0,8.3,11.14,False,6.11,15.51,39.0,168.0,0.08,27.0,100.0,65.0,100.0,57.12,66.0,2.89,0.09,0.74,0.5,,2026-07-25T16:02:54,https://www.screener.in/company/MOTISONS/,489.55,137.47,15.8,399.0,499.0
CENTRALBK,28086.0,31.0,6.15,5.64,11.9,45.2,9.0,12.0,10.0,8.0,39.0,46.0,1325.0,1284.0,False,8.0,0.0,,,,2804.0,9051.0,8681.0,905.1,81.19,89.27,0.93,0.88,10.95,4.86,,2026-07-25T02:45:06,https://www.screener.in/company/CENTRALBK/consolidated/,37271.0,9726.0,12.8,29950.0,39001.0
RBA,4643.0,65.2,,-0.46,-22.7,12.4,11.0,11.0,23.0,14.0,5.0,4.0,-47.0,-60.0,False,13.0,12.0,1967.0,1168.0,2.73,303.0,583.0,495.0,58.3,9.22,11.27,9.25,20.64,39.62,40.07,,2026-07-25T02:45:08,https://www.screener.in/company/RBA/consolidated/,2823.0,707.0,11.7,138.0,721.0
LLOYDSENT,11894.0,78.0,1079.0,3.67,0.33,27.7,18.0,67.0,366.0,-76.0,-40.0,162.0,69.0,25.0,False,6.0,5.0,798.0,70.0,0.19,-361.0,151.0,127.0,151.0,62.72,62.72,0.65,0.59,0.11,0.12,,2026-07-25T02:45:10,https://www.screener.in/company/LLOYDSENT/consolidated/,1757.0,720.0,47.2,3992.0,4143.0
BAJAJHFL,70150.0,84.2,27.3,8.85,12.1,27.0,17.0,25.0,29.0,19.0,27.0,41.0,669.0,587.0,False,30.0,29.0,,,,-19895.0,8329.0,6712.0,832.9,86.7,88.7,0.9,0.91,1.0,0.54,,2026-07-25T16:01:51,https://www.screener.in/company/BAJAJHFL/,11158.0,2903.0,15.9,14194.0,22523.0
NTPCGREEN,81171.0,96.3,134.0,3.53,2.79,22.5,42.0,156.0,,9.0,45.0,,305.0,220.0,False,89.0,89.0,31716.0,6137.0,1.67,2386.0,8426.0,4720.0,842.6,89.01,89.01,1.67,1.79,5.21,4.63,,2026-07-25T02:45:14,https://www.screener.in/company/NTPCGREEN/consolidated/,3285.0,1107.0,62.8,10539.0,18965.0
ATALREAL,382.0,31.4,58.9,10.7,7.95,7.79,25.0,,,83.0,,,3.08,0.49,False,7.76,4.85,14.0,,0.15,-19.0,25.0,,12.5,30.15,32.84,2.46,1.48,,,,2026-07-25T02:45:16,https://www.screener.in/company/ATALREAL/consolidated/,120.05,60.2,37.8,71.0,96.0
CCAVENUE,5697.0,16.3,20.2,7.71,6.64,13.6,103.0,61.0,64.0,22.0,30.0,31.0,89.0,55.0,False,4.0,6.0,430.0,8.0,0.09,537.0,349.0,268.0,349.0,27.29,27.28,5.93,5.91,0.17,0.22,,2026-07-25T02:45:18,https://www.screener.in/company/CCAVENUE/consolidated/,8116.0,2490.0,114.5,4397.0,4746.0
EQUITASBNK,8961.0,78.3,86.9,6.44,1.69,53.7,8.0,18.0,16.0,-30.0,-44.0,-23.0,213.0,42.0,False,1.0,-10.0,,,,-3316.0,1141.0,1111.0,114.1,,,15.7,15.67,51.25,48.2,,2026-07-25T16:02:20,https://www.screener.in/company/EQUITASBNK/,6794.0,1836.0,11.7,4984.0,6125.0
FILATEX,3278.0,73.8,17.9,16.9,12.9,33.9,-2.0,,,37.0,,,40.0,41.0,False,7.0,7.0,150.0,712.0,0.1,246.0,44.0,44.0,44.0,65.47,65.41,4.03,4.28,2.84,2.56,,2026-07-25T02:45:21,https://www.screener.in/company/FILATEX/consolidated/,4160.0,985.0,-8.8,1460.0,1504.0
ABFRL,6865.0,56.2,,-3.07,-11.7,47.8,11.0,-13.0,9.0,-25.0,,-2.0,-164.0,-24.0,False,9.0,12.0,6189.0,6573.0,1.06,161.0,1221.0,949.0,122.1,46.61,46.61,12.87,18.62,5.69,8.07,,2026-07-25T02:45:24,https://www.screener.in/company/ABFRL/consolidated/,8177.0,1990.0,15.8,4619.0,5840.0
PATELENG,2780.0,28.0,6.98,13.5,9.68,44.8,0.0,9.0,21.0,10.0,30.0,49.0,44.0,38.0,False,15.0,14.0,1216.0,1758.0,0.27,560.0,99.0,77.0,99.0,31.49,36.11,3.28,2.53,4.76,4.75,86.6,2026-07-25T02:45:25,https://www.screener.in/company/PATELENG/consolidated/,5101.0,1421.0,-11.8,4341.0,4440.0
MCLOUD,1569.0,26.6,13.6,19.8,19.2,11.6,16.0,18.0,27.0,12.0,16.0,130.0,30.0,23.0,False,26.0,29.0,292.0,216.0,0.43,92.0,118.0,117.0,59.0,54.04,58.3,0.21,0.43,0.02,0.0,46.8,2026-07-25T02:45:27,https://www.screener.in/company/MCLOUD/consolidated/,698.0,206.0,32.1,569.0,687.0
IRB,23685.0,19.6,26.9,7.48,4.31,17.3,0.0,6.0,8.0,-11.0,8.0,50.0,296.0,215.0,False,56.0,46.0,20027.0,16748.0,0.96,2098.0,604.0,604.0,604.0,30.81,30.42,43.87,43.4,10.14,9.58,,2026-07-25T02:45:29,https://www.screener.in/company/IRB/consolidated/,7648.0,1927.0,-10.3,20345.0,20949.0
JTLIND,2769.0,72.6,28.1,9.57,7.28,38.9,12.0,11.0,37.0,1.0,3.0,37.0,38.0,17.0,False,8.0,4.0,244.0,107.0,0.16,-67.0,39.0,17.0,39.0,49.26,48.91,4.84,3.39,0.14,2.21,,2026-07-25T02:45:31,https://www.screener.in/company/JTLIND/consolidated/,2137.0,693.0,47.8,1447.0,1486.0
UCOBANK,32452.0,25.9,13.2,5.76,8.5,24.6,15.0,19.0,,48.0,37.0,,666.0,538.0,False,-5.0,-5.0,,,,1913.0,12540.0,11956.0,1254.0,90.95,90.95,0.06,0.13,4.3,4.52,,2026-07-25T02:45:33,https://www.screener.in/company/UCOBANK/consolidated/,25067.0,6745.0,15.1,18345.0,30885.0
CONFIPET,2601.0,78.3,28.0,9.23,6.76,42.7,50.0,29.0,40.0,2.0,5.0,13.0,34.0,27.0,False,8.0,10.0,761.0,412.0,0.54,400.0,33.0,28.0,33.0,57.38,55.89,0.81,0.97,0.19,0.04,41.4,2026-07-25T02:45:35,https://www.screener.in/company/CONFIPET/consolidated/,4705.0,1216.0,31.5,1385.0,1418.0
SJVN,26558.0,67.6,41.4,5.57,4.52,36.2,47.0,16.0,13.0,-22.0,-23.0,-19.0,-118.0,-128.0,False,61.0,48.0,32278.0,14059.0,2.27,1860.0,3930.0,3930.0,393.0,81.85,81.85,2.79,2.55,3.74,4.32,,2026-07-25T02:45:37,https://www.screener.in/company/SJVN/consolidated/,4527.0,1496.0,196.8,10309.0,14239.0
NSLNISP,12136.0,41.4,207.0,3.06,0.45,45.0,60.0,,,102.0,,467.0,392.0,-473.0,True,21.0,-10.0,4613.0,3842.0,0.35,1796.0,2931.0,2931.0,293.1,60.79,60.79,5.48,5.13,15.78,15.34,,2026-07-25T16:03:05,https://www.screener.in/company/NSLNISP/,13642.0,3879.0,36.7,10243.0,13174.0
EMBDL,8512.0,61.2,,-2.38,-9.1,71.0,-21.0,43.0,3.0,-977.0,,,-323.0,123.0,False,-76.0,1.0,5322.0,693.0,0.54,44.0,278.0,108.0,139.0,42.65,42.66,23.43,26.65,3.02,3.63,64.9,2026-07-25T02:45:41,https://www.screener.in/company/EMBDL/consolidated/,1729.0,342.0,-61.5,9590.0,9868.0
DENTA,898.0,337.0,14.8,18.8,14.0,172.0,23.0,13.0,51.0,15.0,7.0,41.0,9.11,13.72,False,19.29,30.49,12.0,1.0,0.03,-34.0,27.0,5.0,2.7,71.91,71.91,0.0,0.25,0.32,1.9,,2026-07-25T02:58:20,https://www.screener.in/company/DENTA/consolidated/,250.38,55.31,2.1,432.0,459.0
MANINFRA,3903.0,96.7,21.1,13.2,9.16,56.2,-43.0,-31.0,8.0,-35.0,-11.0,43.0,41.0,97.0,False,13.0,36.0,64.0,206.0,0.03,-50.0,81.0,74.0,40.5,62.52,62.29,1.92,5.21,1.13,2.03,,2026-07-25T02:45:43,https://www.screener.in/company/MANINFRA/consolidated/,631.0,146.0,-50.3,2186.0,2267.0
MMTC,9228.0,61.5,92.2,8.66,5.23,14.1,21.0,-93.0,-86.0,3.0,-31.0,3.0,126.0,2.0,False,-18605.0,-12971.0,0.0,203.0,0.0,-605.0,150.0,150.0,150.0,89.93,89.93,0.16,0.09,1.78,1.84,,2026-07-25T02:45:45,https://www.screener.in/company/MMTC/consolidated/,3.0,1.0,,1971.0,2121.0
TRIDENT,12801.0,25.1,32.4,9.79,7.91,9.36,-2.0,2.0,8.0,-9.0,-6.0,3.0,158.0,140.0,False,17.0,17.0,1829.0,1442.0,0.38,760.0,510.0,510.0,510.0,73.68,73.68,3.18,3.05,0.25,0.15,,2026-07-25T02:45:47,https://www.screener.in/company/TRIDENT/consolidated/,6781.0,1787.0,4.7,4262.0,4772.0
NETWORK18,4413.0,28.6,,3.02,0.76,31.9,-49.0,-30.0,-15.0,99.0,35.0,3.0,-38.0,149.0,False,1.0,1.0,3288.0,6069.0,0.67,-28.0,765.0,518.0,153.0,56.89,56.89,4.33,6.54,0.12,0.15,,2026-07-25T02:45:49,https://www.screener.in/company/NETWORK18/consolidated/,2169.0,516.0,10.3,4153.0,4918.0
EASEMYTRIP,2722.0,6.83,,0.63,-0.71,2.2,-9.0,6.0,31.0,-105.0,,,-15.0,14.0,False,-16.0,10.0,35.0,87.0,0.04,-4.0,364.0,174.0,364.0,43.56,47.72,5.95,0.5,1.99,2.48,,2026-07-25T02:45:51,https://www.screener.in/company/EASEMYTRIP/consolidated/,536.0,152.0,9.4,438.0,802.0
SEPC,1151.0,6.01,21.1,5.03,3.18,10.2,76.0,41.0,13.0,57.0,36.0,18.0,14.0,10.0,False,4.0,13.0,354.0,409.0,0.18,-263.0,1943.0,1322.0,194.3,11.67,27.35,1.04,0.62,13.91,14.52,79.4,2026-07-25T02:45:53,https://www.screener.in/company/SEPC/consolidated/,1054.0,274.0,132.2,-24.0,1919.0
ELECTCAST,4457.0,72.1,23.5,5.21,3.24,95.8,-19.0,-7.0,11.0,-74.0,-16.0,-2.0,16.0,168.0,False,4.0,9.0,1561.0,2667.0,0.26,1147.0,62.0,59.0,62.0,50.14,46.22,12.8,19.26,0.37,0.25,,2026-07-25T02:45:55,https://www.screener.in/company/ELECTCAST/consolidated/,5919.0,1493.0,-12.2,5862.0,5924.0
IOB,65241.0,33.9,11.0,6.12,15.6,20.2,15.0,18.0,13.0,52.0,37.0,48.0,1716.0,1178.0,False,-3.0,0.0,,,,4780.0,19257.0,18902.0,1925.7,92.44,94.61,0.47,0.31,4.29,2.3,,2026-07-25T02:45:57,https://www.screener.in/company/IOB/consolidated/,33290.0,8778.0,18.8,17734.0,36991.0
NIVABUPA,16022.0,86.6,123.0,3.15,3.46,20.5,25.0,33.0,36.0,-39.0,127.0,36.0,345.0,206.0,False,17.0,15.0,250.0,250.0,0.07,905.0,1847.0,1511.0,184.7,55.3,55.41,12.09,10.72,16.17,15.31,,2026-07-25T16:03:03,https://www.screener.in/company/NIVABUPA/,6695.0,2139.0,28.0,1939.0,3786.0
RTNPOWER,4634.0,8.63,41.6,6.21,1.14,8.64,-6.0,-3.0,14.0,-4.0,27.0,16.0,46.0,-13.0,True,16.0,12.0,3711.0,11018.0,0.8,372.0,5370.0,5370.0,537.0,44.06,44.06,5.25,5.12,6.58,6.65,,2026-07-25T02:46:01,https://www.screener.in/company/RTNPOWER/consolidated/,2969.0,799.0,-2.8,-732.0,4638.0
KALAMANDIR,1359.0,88.4,25.0,,,,67.0,,,816.0,,,,,False,,,,,,,,,,60.97,60.97,0.62,3.85,6.28,11.23,,2026-07-25T02:46:03,https://www.screener.in/company/KALAMANDIR/consolidated/,,,,,
THOMASCOOK,4603.0,97.8,20.7,14.8,9.27,54.1,3.0,18.0,60.0,-13.0,222.0,24.0,31.0,66.0,False,4.0,5.0,539.0,539.0,0.21,643.0,47.0,47.0,47.0,64.77,63.83,6.18,5.32,6.53,7.33,,2026-07-25T02:46:05,https://www.screener.in/company/THOMASCOOK/consolidated/,8399.0,1771.0,-10.1,2499.0,2546.0
UTKARSHBNK,2571.0,14.4,,1.46,-40.0,15.6,-10.0,10.0,16.0,-5035.0,,,-188.0,3.0,False,-42.0,-31.0,,,,781.0,1780.0,896.0,178.0,42.67,68.92,11.9,1.68,9.54,2.39,,2026-07-25T16:03:54,https://www.screener.in/company/UTKARSHBNK/,3379.0,837.0,-4.9,996.0,2776.0
SBFC,10203.0,92.2,29.5,11.6,11.6,29.4,28.0,35.0,,46.0,75.0,,94.0,74.0,False,36.0,36.0,,,,-1415.0,1085.0,807.0,108.5,52.31,52.98,7.22,7.01,20.72,18.21,,2026-07-25T02:46:09,https://www.screener.in/company/SBFC/consolidated/,1307.0,361.0,29.4,2105.0,3190.0
FISCHER,2483.0,37.9,80.0,11.4,8.59,5.88,179.0,1097.0,,2010.0,820.0,,-7.1,1.31,False,1.02,5.1,107.0,1.0,0.28,-101.0,65.0,0.17,65.0,62.15,61.8,5.48,5.57,1.35,1.42,,2026-07-25T02:46:11,https://www.screener.in/company/FISCHER/consolidated/,308.58,97.73,98.8,319.0,384.0
SERVOTECH,2160.0,95.6,57.7,12.8,12.8,12.8,7.0,34.0,51.0,12.0,45.0,98.0,8.06,4.55,False,9.47,7.61,211.0,42.0,0.73,-2.0,23.0,21.0,23.0,58.61,58.65,0.05,1.78,,,,2026-07-25T02:46:13,https://www.screener.in/company/SERVOTECH/consolidated/,750.68,215.79,57.8,265.0,288.0
MANCREDIT,454.0,215.0,65.0,11.4,7.68,49.2,-9.0,-11.0,-13.0,-16.0,133.0,20.0,1.96,7.93,False,37.44,60.14,,,,1.0,19.0,16.0,1.9,55.25,55.25,0.12,0.01,0.01,0.01,,2026-07-25T03:00:44,https://www.screener.in/company/MANCREDIT/consolidated/,107.74,8.84,-38.0,76.0,95.0
BAJAJHIND,4133.0,17.3,29.4,2.27,3.5,16.0,-2.0,-5.0,-4.0,703.0,45.0,20.0,391.0,220.0,False,22.0,18.0,3545.0,4303.0,0.93,230.0,237.0,124.0,237.0,13.33,24.96,1.14,1.89,50.67,7.84,100.0,2026-07-25T02:46:15,https://www.screener.in/company/BAJAJHIND/consolidated/,5454.0,1669.0,7.4,3574.0,3811.0
GMRP&UI,7609.0,97.6,,12.0,-14.3,24.4,16.0,10.0,22.0,38.0,,13.0,-114.0,49.0,False,23.0,17.0,11594.0,8216.0,6.09,1260.0,391.0,302.0,78.2,46.28,50.56,16.0,3.89,5.47,1.77,60.0,2026-07-25T02:46:17,https://www.screener.in/company/GMRP%26UI/consolidated/,7331.0,2004.0,15.4,1513.0,1904.0
RENUKA,4732.0,22.2,,-3.12,,-12.6,-16.0,1.0,10.0,-171.0,,,-121.0,93.0,False,2.0,11.0,7174.0,5569.0,,-122.0,213.0,213.0,213.0,62.48,62.48,2.16,3.49,9.14,10.11,,2026-07-25T02:46:19,https://www.screener.in/company/RENUKA/consolidated/,9254.0,2548.0,-5.3,-2890.0,-2677.0
GRMOVER,1869.0,90.2,25.1,14.0,14.5,29.0,31.0,9.0,18.0,23.0,6.0,10.0,22.0,20.0,False,5.0,11.0,368.0,413.0,0.61,-54.0,41.0,12.0,20.5,63.06,68.19,7.28,3.36,2.91,1.82,,2026-07-25T02:46:21,https://www.screener.in/company/GRMOVER/consolidated/,1769.0,597.0,105.2,560.0,601.0
TEMBO,984.0,530.0,10.8,22.8,27.5,244.0,47.0,63.0,60.0,72.0,136.0,105.0,30.0,16.0,False,11.0,10.0,386.0,41.0,0.85,-90.0,19.0,11.0,1.9,39.04,36.38,8.25,8.62,1.56,0.22,35.7,2026-07-25T03:02:05,https://www.screener.in/company/TEMBO/consolidated/,1090.0,346.0,26.3,434.0,453.0
DELTACORP,1688.0,63.0,18.9,5.02,3.64,84.1,-6.0,-11.0,10.0,0.0,-30.0,44.0,16.0,165.0,False,17.0,22.0,49.0,68.0,0.02,135.0,27.0,27.0,27.0,34.46,33.66,1.18,2.14,0.24,2.62,,2026-07-25T02:46:23,https://www.screener.in/company/DELTACORP/consolidated/,688.0,161.0,-12.0,2225.0,2252.0
SOUTHWEST,763.0,234.0,19.1,20.0,17.7,68.2,39.0,25.0,19.0,136.0,54.0,29.0,9.34,2.4,False,24.19,14.4,80.0,65.0,0.39,12.0,30.0,28.0,3.0,65.94,68.85,0.41,0.28,,,,2026-07-25T03:02:40,https://www.screener.in/company/SOUTHWEST/consolidated/,264.49,61.68,53.4,174.0,204.0
JISLJALEQS,2211.0,30.4,,5.3,-0.48,81.9,11.0,4.0,3.0,-181.0,,14.0,-19.0,28.0,False,13.0,13.0,4306.0,3967.0,0.74,619.0,147.0,125.0,73.5,26.68,26.68,3.11,2.98,8.68,8.85,40.8,2026-07-25T02:46:25,https://www.screener.in/company/JISLJALEQS/consolidated/,6400.0,1824.0,4.3,5703.0,5850.0
TTML,7699.0,39.4,,-12.7,,-2.87,8.0,,,-132.0,,,-64.0,-39.0,False,26.0,25.0,4653.0,,,246.0,1897.0,,189.7,74.36,74.36,2.52,2.64,0.18,0.13,,2026-07-25T02:46:27,https://www.screener.in/company/TTML/consolidated/,2278.0,621.0,20.8,-2514.0,-617.0
ASIANTILES,1585.0,53.5,76.0,3.12,1.44,51.4,19.0,6.0,8.0,-25.0,32.0,-18.0,-33.0,-5.0,False,-4.0,3.0,439.0,227.0,0.29,94.0,296.0,127.0,29.6,38.79,33.46,1.37,1.1,0.14,0.14,,2026-07-25T02:46:29,https://www.screener.in/company/ASIANTILES/consolidated/,1795.0,538.0,4.5,1226.0,1522.0
PNBGILTS,1539.0,85.5,15.2,6.14,11.1,95.0,-5.0,11.0,10.0,-70.0,60.0,-17.0,81.0,160.0,False,97.0,95.0,24884.0,19243.0,14.55,-2540.0,180.0,180.0,18.0,74.07,74.07,0.07,0.77,0.0,0.0,,2026-07-25T16:03:13,https://www.screener.in/company/PNBGILTS/,1747.0,455.0,-19.2,1530.0,1710.0
ABLBL,11486.0,94.0,54.9,14.7,15.6,11.6,7.0,,,68.0,,,55.0,38.0,False,16.0,16.0,3018.0,,2.14,1219.0,1221.0,,122.1,46.6,46.6,12.7,21.59,20.8,11.48,,2026-07-25T02:46:33,https://www.screener.in/company/ABLBL/consolidated/,8396.0,2174.0,11.9,192.0,1413.0
HITECH,1722.0,84.8,22.6,9.77,5.88,65.6,37.0,21.0,26.0,5.0,21.0,27.0,18.0,18.0,False,3.0,5.0,268.0,273.0,0.2,3.0,20.0,13.0,20.0,43.43,43.63,1.06,2.39,16.17,14.51,,2026-07-25T02:46:35,https://www.screener.in/company/HITECH/consolidated/,4200.0,1480.0,101.6,1313.0,1333.0
HIMATSEIDE,1012.0,80.5,16.3,8.8,2.97,170.0,-9.0,-2.0,2.0,244.0,40.0,26.0,1.41,11.94,False,8.05,17.93,2636.0,2806.0,1.23,0.0,63.0,49.0,12.6,37.48,37.48,7.44,10.8,0.06,7.12,,2026-07-25T02:46:37,https://www.screener.in/company/HIMATSEIDE/consolidated/,2515.1,617.22,-6.0,2078.0,2141.0
SDBL,1515.0,72.9,106.0,5.68,1.87,37.4,-15.0,15.0,34.0,-86.0,-38.0,19.0,-57.0,24.0,False,-24.0,12.0,212.0,242.0,0.27,211.0,42.0,37.0,21.0,39.43,39.39,0.18,0.72,0.0,0.0,,2026-07-25T02:46:38,https://www.screener.in/company/SDBL/consolidated/,1230.0,181.0,-46.6,737.0,779.0
ALOKINDS,5993.0,12.1,,-3.95,,-43.4,4.0,-19.0,-1.0,19.0,3.0,11.0,-138.0,-172.0,False,6.0,2.0,26106.0,24163.0,,419.0,497.0,497.0,497.0,75.0,75.0,1.9,2.32,0.39,0.44,,2026-07-25T02:46:40,https://www.screener.in/company/ALOKINDS/consolidated/,3775.0,993.0,6.5,-22024.0,-21527.0
OMAXE,1603.0,87.7,,-110.0,,-49.3,-20.0,17.0,21.0,0.0,-87.0,,-191.0,-149.0,False,-58.0,-20.0,1466.0,1107.0,,212.0,183.0,183.0,18.3,74.14,74.14,5.33,6.06,1.4,1.56,,2026-07-25T02:46:42,https://www.screener.in/company/OMAXE/consolidated/,1254.0,349.0,-35.5,-1084.0,-901.0
ESAFSFB,1996.0,38.7,,5.65,-8.86,34.6,-8.0,7.0,17.0,68.0,,,24.0,-183.0,True,-18.0,-43.0,,,,-1960.0,516.0,449.0,51.6,63.25,63.3,0.31,0.16,3.8,5.0,,2026-07-25T16:02:22,https://www.screener.in/company/ESAFSFB/,3537.0,995.0,11.5,1271.0,1787.0
DJML,411.0,114.0,37.9,16.5,14.1,26.3,68.0,,,61.0,,,5.62,2.46,False,21.13,20.27,39.0,,0.43,-15.0,34.0,,3.4,56.33,55.52,0.18,0.0,0.0,0.0,,2026-07-25T03:04:49,https://www.screener.in/company/DJML/consolidated/,137.89,52.86,90.6,56.0,90.0
ROTO,1283.0,68.1,51.8,14.8,10.7,12.8,-4.0,8.0,18.0,-25.0,-9.0,6.0,5.73,12.54,False,15.73,25.65,32.0,56.0,0.13,0.0,19.0,3.0,19.0,66.8,66.61,0.19,0.14,0.11,1.06,,2026-07-25T02:46:46,https://www.screener.in/company/ROTO/consolidated/,284.64,81.3,2.9,221.0,240.0
SHRIRAMPPS,1453.0,85.0,14.4,8.04,7.16,85.6,54.0,23.0,24.0,32.0,16.0,28.0,79.0,48.0,False,11.0,12.0,616.0,644.0,0.42,-16.0,171.0,170.0,17.1,27.89,27.89,6.85,2.9,1.43,1.93,,2026-07-25T02:46:48,https://www.screener.in/company/SHRIRAMPPS/consolidated/,1267.0,641.0,57.1,1289.0,1460.0
INDOFARM,732.0,152.0,29.6,7.42,4.54,116.0,20.0,7.0,13.0,5.0,15.0,23.0,8.72,13.51,False,13.9,14.18,150.0,281.0,0.27,30.0,48.0,19.0,4.8,70.62,69.53,0.08,0.4,2.52,4.72,,2026-07-25T03:05:11,https://www.screener.in/company/INDOFARM/consolidated/,440.01,133.99,3.1,508.0,556.0
NFL,3449.0,70.3,16.3,9.09,7.61,57.9,9.0,-10.0,13.0,24.0,-23.0,-2.0,152.0,135.0,False,7.0,5.0,3964.0,3993.0,1.4,-1342.0,491.0,491.0,49.1,74.71,74.71,0.54,0.91,4.92,5.99,,2026-07-25T02:46:50,https://www.screener.in/company/NFL/consolidated/,21514.0,4347.0,-2.5,2350.0,2841.0
GATEWAY,2820.0,56.4,10.9,10.8,11.5,45.9,32.0,16.0,13.0,2.0,3.0,22.0,64.0,-191.0,True,22.0,20.0,646.0,530.0,0.28,469.0,500.0,500.0,50.0,33.93,32.32,6.98,7.69,32.42,36.03,,2026-07-25T02:46:52,https://www.screener.in/company/GATEWAY/consolidated/,2211.0,534.0,-0.2,1793.0,2293.0
DHANBANK,1353.0,34.3,13.2,5.81,7.16,37.3,21.0,14.0,11.0,55.0,28.0,23.0,43.0,29.0,False,2.0,-5.0,,,,631.0,395.0,253.0,39.5,,,14.21,15.27,0.05,0.05,,2026-07-25T16:02:16,https://www.screener.in/company/DHANBANK/,1602.0,443.0,26.2,1079.0,1474.0
CEWATER,617.0,298.0,27.1,6.63,4.13,276.0,-6.0,18.0,10.0,-56.0,61.0,3.0,14.0,47.0,False,9.0,28.0,167.0,170.0,0.29,-23.0,10.0,9.0,2.0,51.43,51.39,0.37,0.94,7.21,11.3,,2026-07-25T03:05:54,https://www.screener.in/company/CEWATER/consolidated/,558.0,206.0,-0.5,561.0,571.0
JYOTISTRUC,1309.0,11.0,23.4,2.25,10.8,3.98,51.0,49.0,,57.0,151.0,15.0,18.0,12.0,False,7.0,8.0,2084.0,1803.0,4.39,-269.0,239.0,127.0,119.5,,,1.24,1.04,0.13,0.45,,2026-07-25T02:46:56,https://www.screener.in/company/JYOTISTRUC/consolidated/,750.0,234.0,41.8,236.0,475.0
DCW,1364.0,46.2,,1.23,-0.73,26.2,-5.0,2.0,4.0,-111.0,,,,,False,,,779.0,447.0,1.39,69.0,43.0,41.0,21.5,45.59,44.62,6.11,9.18,0.05,0.01,,2026-07-25T02:46:58,https://www.screener.in/company/DCW/consolidated/,,,,517.0,560.0
COMSYN,720.0,179.0,27.4,13.9,16.1,44.0,11.0,10.0,13.0,53.0,48.0,17.0,6.34,8.07,False,11.83,11.64,129.0,76.0,0.73,39.0,40.0,40.0,4.0,59.18,58.79,0.0,0.11,0.06,0.0,,2026-07-25T03:05:56,https://www.screener.in/company/COMSYN/consolidated/,387.0,100.56,2.8,137.0,177.0
IMAGICAA,2636.0,46.7,4185.0,1.86,0.05,22.2,-9.0,14.0,76.0,-99.0,-88.0,15.0,0.4,15.73,False,32.97,42.86,343.0,1046.0,0.27,110.0,566.0,412.0,56.6,74.02,74.02,0.36,0.4,1.88,2.42,,2026-07-25T02:47:00,https://www.screener.in/company/IMAGICAA/consolidated/,373.85,91.86,-2.7,688.0,1254.0
RTNINDIA,4368.0,31.6,,-4.76,-19.6,5.56,10.0,22.0,845.0,-296.0,,,-110.0,-359.0,False,-6.0,-25.0,1101.0,976.0,1.43,-56.0,276.0,276.0,138.0,74.87,74.86,5.4,6.16,0.07,0.09,,2026-07-25T02:47:02,https://www.screener.in/company/RTNINDIA/consolidated/,8140.0,1697.0,12.8,492.0,768.0
20MICRONS,721.0,204.0,10.9,17.3,14.5,137.0,5.0,11.0,15.0,4.0,17.0,23.0,18.0,15.0,False,12.0,13.0,156.0,108.0,0.32,104.0,18.0,18.0,3.6,45.04,45.04,0.41,0.26,0.07,0.17,,2026-07-25T03:07:03,https://www.screener.in/company/20MICRONS/consolidated/,954.0,261.0,15.0,466.0,484.0
BCG,1897.0,9.4,1.97,14.9,9.99,52.4,35.0,-2.0,19.0,36.0,-11.0,15.0,208.0,121.0,False,26.0,26.0,0.0,0.0,0.0,103.0,404.0,404.0,202.0,18.38,18.38,1.31,8.01,0.0,0.0,,2026-07-25T02:47:04,https://www.screener.in/company/BCG/consolidated/,6928.0,1597.0,61.8,10167.0,10571.0
ONEPOINT,1415.0,54.0,36.0,10.9,9.22,17.0,22.0,31.0,25.0,42.0,65.0,37.0,10.0,9.0,False,23.0,18.0,220.0,59.0,0.49,121.0,53.0,38.0,26.5,52.3,52.3,5.22,13.55,0.95,0.19,36.0,2026-07-25T02:47:06,https://www.screener.in/company/ONEPOINT/consolidated/,313.0,96.0,43.3,394.0,447.0
MUNJALAU,998.0,99.8,28.2,11.1,8.19,44.8,11.0,5.0,2.0,-15.0,11.0,11.0,-1.26,10.28,False,3.04,6.76,423.0,282.0,0.94,45.0,20.0,20.0,10.0,74.81,74.81,0.06,0.01,0.03,0.03,,2026-07-25T02:47:08,https://www.screener.in/company/MUNJALAU/consolidated/,2295.16,614.24,20.0,428.0,448.0
SMCGLOBAL,1581.0,75.5,15.5,11.4,8.07,62.3,6.0,16.0,16.0,-30.0,-5.0,-1.0,21.0,4.0,False,17.0,15.0,2036.0,944.0,1.56,-73.0,42.0,21.0,21.0,66.71,67.51,2.14,2.41,0.0,0.05,,2026-07-25T02:47:10,https://www.screener.in/company/SMCGLOBAL/consolidated/,1877.0,517.0,22.8,1262.0,1304.0
PSB,16866.0,23.8,12.2,5.95,9.62,20.6,5.0,14.0,11.0,25.0,0.0,20.0,332.0,269.0,False,4.0,-5.0,,,,-1893.0,7096.0,6778.0,709.6,93.85,93.85,0.14,0.16,3.81,4.03,,2026-07-25T16:03:20,https://www.screener.in/company/PSB/,12284.0,3213.0,10.4,7037.0,14133.0
ALLCARGO,1207.0,8.06,241.0,2.05,0.33,3.83,-87.0,-52.0,-28.0,-92.0,-80.0,-52.0,20.0,25.0,False,12.0,8.0,693.0,1180.0,1.21,315.0,300.0,49.0,150.0,40.28,63.28,6.56,8.83,1.82,2.25,,2026-07-25T02:47:15,https://www.screener.in/company/ALLCARGO/consolidated/,2058.0,514.0,0.2,274.0,574.0
SUYOG,996.0,850.0,15.8,14.6,14.2,418.0,15.0,,,56.0,,,14.0,-14.0,True,75.0,16.0,371.0,,0.76,66.0,12.0,,1.2,51.64,49.77,0.67,1.29,0.0,0.61,,2026-07-25T03:08:20,https://www.screener.in/company/SUYOG/consolidated/,222.0,56.0,12.0,478.0,490.0
TVSELECT,926.0,497.0,94.0,18.6,11.6,46.7,-33.0,67.0,62.0,-30.0,59.0,64.0,,,False,,,0.0,35.0,0.0,-7.0,19.0,19.0,1.9,59.78,59.91,0.34,0.03,0.03,0.02,,2026-07-25T03:08:34,https://www.screener.in/company/TVSELECT/consolidated/,,,,68.0,87.0
UNIECOM,947.0,84.4,46.3,21.1,15.6,17.2,52.0,,,19.0,,,3.4,3.35,False,13.44,18.22,9.0,,0.05,47.0,11.0,,11.0,36.01,36.34,0.02,0.25,2.38,5.68,,2026-07-25T02:47:17,https://www.screener.in/company/UNIECOM/consolidated/,204.33,51.63,14.0,182.0,193.0
MASTERTR,1042.0,84.7,8.26,23.8,17.3,66.4,-1.0,19.0,21.0,-4.0,24.0,30.0,36.0,25.0,False,35.0,43.0,228.0,162.0,0.28,311.0,12.0,11.0,12.0,71.93,71.93,0.03,0.0,0.0,0.05,,2026-07-25T02:47:19,https://www.screener.in/company/MASTERTR/consolidated/,577.0,181.0,48.4,805.0,817.0
STEELXIND,1476.0,11.6,46.4,,,,,,,,,,,,False,,,51.0,,2.32,-8.0,14.0,,14.0,49.67,50.8,0.7,0.29,1.95,2.58,100.0,2026-07-25T02:47:21,https://www.screener.in/company/STEELXIND/consolidated/,,270.0,,8.0,22.0
MTNL,1708.0,27.1,,-2.25,,-476.0,37.0,1.0,-7.0,7.0,-2.0,-6.0,-307.0,-828.0,False,16.0,-6.0,35445.0,28351.0,,176.0,630.0,630.0,63.0,56.25,56.25,0.4,0.04,13.43,13.46,,2026-07-25T02:47:23,https://www.screener.in/company/MTNL/consolidated/,931.0,371.0,34.9,-30590.0,-29960.0
BCLIND,1055.0,35.7,9.17,13.9,13.4,30.8,-1.0,15.0,14.0,22.0,20.0,22.0,26.0,28.0,False,9.0,7.0,569.0,438.0,0.63,325.0,30.0,24.0,30.0,58.23,58.03,0.24,0.43,0.01,0.02,,2026-07-25T02:47:25,https://www.screener.in/company/BCLIND/consolidated/,2791.0,582.0,-19.5,880.0,910.0
ONWARDTEC,646.0,291.0,14.4,22.9,19.5,111.0,11.0,7.0,18.0,38.0,61.0,45.0,11.0,13.0,False,12.0,13.0,40.0,17.0,0.16,65.0,22.0,22.0,2.2,39.97,39.02,9.32,9.21,1.8,4.0,,2026-07-25T03:09:33,https://www.screener.in/company/ONWARDTEC/consolidated/,560.0,149.0,12.0,231.0,253.0
GEOJITFSL,2126.0,76.2,27.3,9.02,7.32,43.0,-5.0,15.0,10.0,-48.0,-4.0,-7.0,20.0,29.0,False,20.0,27.0,123.0,114.0,0.1,236.0,28.0,24.0,28.0,38.47,51.73,1.58,2.96,10.04,0.83,,2026-07-25T02:47:27,https://www.screener.in/company/GEOJITFSL/consolidated/,672.0,160.0,11.1,1173.0,1201.0
JINDWORLD,3793.0,37.8,54.3,8.94,8.46,8.58,0.0,3.0,6.0,-8.0,-16.0,19.0,26.0,22.0,False,6.0,8.0,558.0,837.0,0.65,216.0,100.0,20.0,100.0,61.76,61.15,0.09,0.13,0.0,0.05,,2026-07-25T02:47:29,https://www.screener.in/company/JINDWORLD/consolidated/,2285.0,640.0,5.6,760.0,860.0
STANLEY,879.0,154.0,61.4,6.43,3.08,81.6,-2.0,0.0,16.0,-50.0,-24.0,58.0,-0.6,10.8,False,14.89,20.12,309.0,151.0,0.66,70.0,11.0,7.0,5.5,56.88,56.7,0.95,4.76,10.29,21.11,,2026-07-25T03:09:48,https://www.screener.in/company/STANLEY/consolidated/,419.3,101.4,-10.1,455.0,466.0
NARMADA,132.0,34.9,34.3,8.95,6.7,15.6,20.0,16.0,6.0,-6.0,81.0,40.0,0.8,0.78,False,2.88,2.01,10.1,10.07,0.17,-1.3,37.94,13.55,3.79,50.3,50.3,0.31,0.0,7.07,8.96,,2026-07-25T16:02:58,https://www.screener.in/company/NARMADA/,78.38,34.0,16.0,21.4,59.34
DWARKESH,803.0,43.3,,,,,20.0,,,-136.0,,,-27.0,-1.0,False,-16.0,27.0,,,,,,,,42.15,42.1,1.01,1.74,0.75,0.0,,2026-07-25T02:47:33,https://www.screener.in/company/DWARKESH/consolidated/,555.0,87.0,-8.4,,
ANDHRSUGAR,1170.0,86.3,11.7,8.48,6.11,123.0,22.0,1.0,10.0,150.0,-20.0,-6.0,5.92,6.19,False,7.46,9.29,1.0,24.0,0.0,278.0,27.0,27.0,13.5,50.49,49.94,2.86,2.54,0.0,0.0,,2026-07-25T02:47:35,https://www.screener.in/company/ANDHRSUGAR/consolidated/,2466.0,637.41,27.4,1644.0,1671.0
ZUARI,925.0,220.0,3.11,16.4,15.1,497.0,-28.0,-11.0,6.0,85.0,34.0,31.0,-25.0,27.0,False,-8.0,3.0,642.0,2108.0,0.31,203.0,42.0,42.0,4.2,65.2,65.21,2.34,2.85,0.1,0.09,27.6,2026-07-25T03:10:42,https://www.screener.in/company/ZUARI/consolidated/,3200.0,187.0,-80.4,2047.0,2089.0
GREENPOWER,1177.0,10.0,22.0,7.19,5.27,9.82,1.0,4.0,3.0,0.0,85.0,24.0,24.0,29.0,False,68.0,69.0,524.0,1091.0,0.45,195.0,1173.0,751.0,117.3,24.38,24.38,0.64,0.95,1.17,1.35,100.0,2026-07-25T02:47:37,https://www.screener.in/company/GREENPOWER/consolidated/,287.0,81.0,-6.9,-21.0,1152.0
SHANKARA,340.0,140.0,72.7,2.92,0.71,185.0,-76.0,-30.0,-8.0,-94.0,-58.0,-20.0,7.35,28.45,False,3.87,3.14,192.0,88.0,0.43,-101.0,24.0,23.0,2.4,45.39,40.17,2.94,12.27,4.66,10.18,,2026-07-25T03:10:57,https://www.screener.in/company/SHANKARA/consolidated/,1364.01,340.5,-79.2,423.0,447.0
GANESHBE,802.0,111.0,12.0,14.6,11.6,84.9,10.0,-1.0,9.0,-5.0,7.0,22.0,15.0,-13.0,True,18.0,32.0,76.0,62.0,0.12,79.0,7.0,7.0,7.0,39.01,39.01,1.12,3.96,0.98,0.52,,2026-07-25T03:10:59,https://www.screener.in/company/GANESHBE/consolidated/,411.0,111.0,11.0,604.0,611.0
SALASAR,1042.0,5.97,60.5,8.13,2.13,4.77,4.0,14.0,20.0,-32.0,-25.0,-10.0,-14.0,-5.0,False,3.0,6.0,422.0,273.0,0.51,161.0,175.0,32.0,175.0,44.5,48.03,5.9,3.55,0.0,0.0,,2026-07-25T02:47:39,https://www.screener.in/company/SALASAR/consolidated/,1503.0,445.0,-7.9,659.0,834.0
PREMIERPOL,831.0,79.3,23.8,30.8,24.0,14.0,19.0,6.0,15.0,34.0,40.0,31.0,9.08,6.0,False,15.38,14.83,0.0,23.0,0.0,27.0,11.0,11.0,11.0,71.09,67.6,0.09,0.0,1.02,1.02,,2026-07-25T16:03:18,https://www.screener.in/company/PREMIERPOL/,321.77,87.92,35.1,137.0,148.0
DEN,1296.0,27.2,8.74,5.58,4.48,79.3,-2.0,-5.0,-6.0,-29.0,-5.0,21.0,35.0,54.0,False,5.0,8.0,20.0,28.0,0.01,-17.0,477.0,477.0,47.7,74.9,74.9,0.35,0.49,0.05,0.14,,2026-07-25T02:47:43,https://www.screener.in/company/DEN/consolidated/,976.0,243.0,0.8,3308.0,3785.0
SINDHUTRAD,3770.0,24.4,65.6,4.44,3.42,11.4,-70.0,-24.0,-10.0,955.0,140.0,27.0,14.0,-59.0,True,4.0,-111.0,463.0,1638.0,0.26,43.0,154.0,154.0,154.0,74.97,74.97,3.18,2.93,0.0,0.0,,2026-07-25T02:47:45,https://www.screener.in/company/SINDHUTRAD/consolidated/,523.0,115.0,-61.3,1599.0,1753.0
AGARIND,715.0,478.0,16.4,7.92,6.62,461.0,-31.0,-6.0,13.0,-62.0,-22.0,2.0,16.0,31.0,False,8.0,6.0,341.0,158.0,0.49,235.0,15.0,15.0,1.5,57.2,57.2,2.37,5.91,0.06,0.01,,2026-07-25T03:11:35,https://www.screener.in/company/AGARIND/consolidated/,1652.0,405.0,-50.8,674.0,689.0
SYNCOMF,1230.0,13.1,16.1,26.8,20.2,4.41,6.0,30.0,,56.0,57.0,,25.0,18.0,False,16.0,12.0,1.0,83.0,0.0,58.0,94.0,94.0,94.0,50.57,50.57,0.35,0.1,,,,2026-07-25T02:47:47,https://www.screener.in/company/SYNCOMF/consolidated/,489.0,135.0,-9.4,321.0,415.0
MOL,1386.0,54.5,48.2,6.67,1.88,60.7,5.0,-5.0,6.0,337.0,-50.0,-31.0,8.03,19.82,False,4.16,11.83,726.0,824.0,0.47,222.0,25.0,25.0,25.0,48.95,48.98,0.91,1.48,0.0,0.0,,2026-07-25T02:47:49,https://www.screener.in/company/MOL/consolidated/,2173.96,474.34,-14.3,1519.0,1544.0
SPIC,1322.0,64.9,6.25,17.5,16.5,67.3,-4.0,1.0,14.0,34.0,-11.0,23.0,29.0,19.0,False,8.0,5.0,703.0,401.0,0.51,395.0,204.0,204.0,20.4,53.38,53.38,4.8,6.09,0.14,0.14,,2026-07-25T02:47:51,https://www.screener.in/company/SPIC/consolidated/,2956.0,584.0,-22.5,1166.0,1370.0
KELLTONTEC,749.0,14.1,8.2,15.0,13.6,15.2,9.0,10.0,9.0,11.0,9.0,5.0,22.0,23.0,False,11.0,12.0,191.0,162.0,0.24,-10.0,53.0,48.0,53.0,37.67,40.78,1.04,1.27,,,,2026-07-25T02:47:53,https://www.screener.in/company/KELLTONTEC/consolidated/,1238.0,316.0,7.1,754.0,807.0
ALEMBICLTD,2258.0,87.9,7.25,6.07,13.0,95.2,8.0,24.0,27.0,1.0,16.0,-2.0,67.0,68.0,False,34.0,45.0,11.0,0.0,0.0,120.0,51.0,51.0,25.5,70.88,70.88,1.25,1.38,0.06,0.05,,2026-07-25T02:47:55,https://www.screener.in/company/ALEMBICLTD/consolidated/,240.0,60.0,0.0,2394.0,2445.0
HATHWAY,1905.0,10.8,25.1,2.54,1.86,25.2,6.0,5.0,4.0,-28.0,9.0,-17.0,25.0,31.0,False,13.0,17.0,9.0,5.0,0.0,199.0,354.0,354.0,177.0,75.0,75.0,0.37,0.84,0.0,0.0,,2026-07-25T02:47:57,https://www.screener.in/company/HATHWAY/consolidated/,2185.0,565.0,6.6,4111.0,4465.0
DHAMPURSUG,914.0,142.0,14.0,6.43,5.54,186.0,1.0,-7.0,-14.0,30.0,-26.0,-22.0,46.0,49.0,False,17.0,16.0,899.0,744.0,0.75,243.0,64.0,66.0,6.4,49.86,49.87,1.95,2.05,1.14,0.48,,2026-07-25T03:12:22,https://www.screener.in/company/DHAMPURSUG/consolidated/,1967.0,491.0,-20.7,1133.0,1197.0
MAMATA,973.0,395.0,56.7,12.6,9.64,75.2,-8.0,5.0,9.0,-58.0,-9.0,4.0,0.01,27.12,False,5.13,33.02,8.0,20.0,0.04,2.0,25.0,3.0,2.5,62.45,62.45,0.35,0.2,1.75,0.27,,2026-07-25T03:12:26,https://www.screener.in/company/MAMATA/consolidated/,233.0,73.75,-33.6,160.0,185.0
PROSTARM,728.0,124.0,22.1,17.8,16.9,48.7,10.0,19.0,,11.0,18.0,,7.95,6.78,False,10.48,13.73,93.0,25.0,0.32,-49.0,59.0,43.0,5.9,72.83,72.82,0.51,0.73,0.87,0.67,,2026-07-25T03:12:28,https://www.screener.in/company/PROSTARM/consolidated/,385.77,104.45,27.3,228.0,287.0
RADHIKAJWE,751.0,63.6,10.0,25.1,20.8,33.7,9.0,27.0,36.0,24.0,36.0,27.0,7.53,11.13,False,5.74,12.47,58.0,34.0,0.15,-13.0,24.0,24.0,12.0,57.68,57.68,0.03,0.0,0.01,0.0,,2026-07-25T16:03:22,https://www.screener.in/company/RADHIKAJWE/,639.15,193.36,23.5,374.0,398.0
ABINFRA,659.0,10.3,34.1,16.1,13.8,2.65,23.0,28.0,33.0,17.0,48.0,66.0,5.97,6.73,False,14.42,17.49,88.0,32.0,0.52,-51.0,64.0,13.0,64.0,30.94,30.94,0.0,0.0,0.01,0.0,,2026-07-25T16:01:40,https://www.screener.in/company/ABINFRA/,256.2,83.93,17.0,105.0,169.0
MANALIPETC,1148.0,66.8,16.2,7.24,5.97,74.5,14.0,-5.0,0.0,126.0,12.0,-20.0,29.0,11.0,False,9.0,9.0,137.0,7.0,0.11,116.0,86.0,86.0,17.2,44.87,44.87,0.38,0.44,0.01,0.01,,2026-07-25T02:48:03,https://www.screener.in/company/MANALIPETC/consolidated/,1023.0,293.0,27.4,1195.0,1281.0
IRISDOREME,910.0,47.8,56.2,16.0,14.4,7.45,32.0,20.0,17.0,23.0,25.0,20.0,6.43,4.48,False,17.86,20.17,34.0,35.0,0.24,-7.0,38.0,16.0,19.0,61.17,61.17,0.0,0.0,0.74,0.88,,2026-07-25T16:02:44,https://www.screener.in/company/IRISDOREME/,190.87,60.48,50.4,104.0,142.0
BLKASHYAP,1230.0,54.6,90.4,13.0,2.59,23.4,20.0,8.0,13.0,33.0,-32.0,8.0,-13.0,-3.0,False,7.0,2.0,299.0,320.0,0.57,115.0,23.0,23.0,23.0,61.73,61.7,0.26,0.34,0.17,0.59,94.4,2026-07-25T02:48:06,https://www.screener.in/company/BLKASHYAP/consolidated/,1379.0,364.0,23.8,504.0,527.0
CONTROLPR,945.0,591.0,24.3,16.4,9.52,283.0,11.0,17.0,19.0,-59.0,-8.0,6.0,3.92,8.57,False,13.23,16.7,7.0,6.0,0.02,50.0,16.0,16.0,1.6,52.99,52.99,3.07,3.18,0.16,0.49,,2026-07-25T03:13:14,https://www.screener.in/company/CONTROLPR/consolidated/,486.23,115.56,3.8,437.0,453.0
RITCO,851.0,297.0,23.6,10.1,10.5,127.0,26.0,26.0,,-15.0,14.0,,4.01,11.5,False,5.08,7.43,474.0,207.0,1.3,-33.0,29.0,24.0,2.9,62.69,62.69,0.03,0.02,2.73,2.82,,2026-07-25T03:13:24,https://www.screener.in/company/RITCO/consolidated/,1499.18,391.83,13.4,336.0,365.0
GICHSGFIN,791.0,147.0,5.11,7.72,7.61,391.0,0.0,-1.0,,-6.0,-10.0,,54.0,35.0,False,24.0,25.0,,,,-320.0,54.0,54.0,5.4,42.41,42.41,1.4,2.16,2.53,5.51,,2026-07-25T03:13:30,https://www.screener.in/company/GICHSGFIN/consolidated/,1083.0,273.0,0.4,2053.0,2107.0
ELIN,503.0,101.0,21.6,6.85,4.27,112.0,9.0,6.0,8.0,3.0,-4.0,-8.0,-0.76,17.22,False,1.84,6.41,17.0,78.0,0.03,54.0,24.0,24.0,4.8,32.97,32.98,0.58,0.78,2.89,5.53,,2026-07-25T03:13:42,https://www.screener.in/company/ELIN/consolidated/,1287.73,324.19,2.7,532.0,556.0
MINDTECK,623.0,195.0,18.3,15.1,12.1,95.0,-4.0,7.0,7.0,13.0,18.0,26.0,10.0,7.0,False,10.0,8.0,4.0,6.0,0.01,26.0,32.0,25.0,3.2,64.2,64.2,0.06,0.0,0.0,0.0,,2026-07-25T03:13:52,https://www.screener.in/company/MINDTECK/consolidated/,407.0,104.0,0.0,272.0,304.0
UGROCAP,1441.0,92.8,8.24,,6.02,187.0,,,,,,,,,False,,,,,,214.0,153.0,,15.3,2.88,2.24,5.45,28.99,1.85,1.59,,2026-07-25T02:48:08,https://www.screener.in/company/UGROCAP/consolidated/,,607.0,,2753.0,2906.0
ADSL,668.0,118.0,18.6,7.32,5.92,109.0,20.0,14.0,22.0,15.0,-13.0,13.0,-3.39,-7.61,False,-3.78,-4.55,136.0,35.0,0.22,102.0,28.0,27.0,5.6,51.03,51.15,0.11,1.18,0.0,0.0,,2026-07-25T03:14:08,https://www.screener.in/company/ADSL/consolidated/,967.91,267.77,31.0,585.0,613.0
NDTV,865.0,76.7,,-72.6,-340.0,11.4,12.0,11.0,8.0,-37.0,,,-82.0,-70.0,False,-58.0,-54.0,258.0,8.0,2.02,-258.0,45.0,26.0,11.25,69.02,64.71,0.0,0.11,0.0,0.0,,2026-07-25T02:48:10,https://www.screener.in/company/NDTV/consolidated/,537.0,117.0,8.3,83.0,128.0
GENCON,233.0,40.5,27.4,7.1,2.94,51.4,1.0,,,5.0,,,1.89,6.21,False,6.75,10.48,64.0,,0.22,24.0,28.0,,5.6,40.3,40.3,0.64,0.0,0.08,0.0,,2026-07-25T02:48:12,https://www.screener.in/company/GENCON/consolidated/,305.36,111.22,4.1,265.0,293.0
JAGRAN,1368.0,62.8,6.95,12.8,9.94,92.6,-1.0,0.0,8.0,64.0,12.0,20.0,6.06,-51.46,True,10.09,-13.77,110.0,443.0,0.05,269.0,44.0,44.0,22.0,69.0,69.0,2.3,2.57,4.29,7.58,,2026-07-25T02:48:14,https://www.screener.in/company/JAGRAN/consolidated/,1876.22,472.1,-1.9,1972.0,2016.0
UTTAMSUGAR,871.0,228.0,8.6,11.5,12.2,230.0,19.0,,,15.0,,,55.0,64.0,False,21.0,20.0,722.0,,0.82,270.0,38.0,,3.8,74.71,74.39,0.04,0.07,0.0,0.0,,2026-07-25T03:14:48,https://www.screener.in/company/UTTAMSUGAR/consolidated/,2202.0,470.0,-17.1,838.0,876.0
SILGO,236.0,74.1,41.5,8.11,5.81,43.1,6.0,,,27.0,,,1.9,1.74,False,25.34,15.49,20.18,,0.15,-67.45,28.3,,2.83,40.54,55.37,0.49,0.0,,,38.6,2026-07-25T02:48:16,https://www.screener.in/company/SILGO/consolidated/,47.04,13.38,-19.1,109.5,137.8
KSOLVES,666.0,281.0,18.0,131.0,137.0,12.4,16.0,28.0,42.0,17.0,12.0,31.0,9.21,6.43,False,30.31,26.39,6.0,-0.0,0.2,31.0,12.0,12.0,2.4,58.92,58.94,0.01,0.1,0.01,0.01,,2026-07-25T03:15:04,https://www.screener.in/company/KSOLVES/consolidated/,166.44,41.44,10.0,18.0,30.0
PFS,1881.0,29.3,5.85,11.8,11.0,48.0,-19.0,-14.0,-15.0,48.0,22.0,66.0,46.0,58.0,False,53.0,47.0,,,,1780.0,642.0,642.0,64.2,64.99,64.99,2.03,2.19,5.06,5.06,,2026-07-25T02:48:18,https://www.screener.in/company/PFS/consolidated/,515.0,119.0,-22.2,2437.0,3079.0
SWELECTES,930.0,613.0,19.6,8.0,5.34,608.0,6.0,39.0,21.0,272.0,206.0,19.0,11.0,9.0,False,18.0,13.0,798.0,550.0,0.87,95.0,15.0,15.0,1.5,56.36,56.36,0.58,0.04,0.0,0.0,,2026-07-25T03:15:08,https://www.screener.in/company/SWELECTES/consolidated/,657.0,202.0,-7.8,906.0,921.0
LIBERTSHOE,440.0,258.0,65.4,8.81,4.23,95.2,10.0,1.0,7.0,-39.0,-21.0,0.0,3.52,4.88,False,13.22,14.01,143.0,117.0,0.88,21.0,17.0,17.0,1.7,59.34,58.52,0.1,0.17,,,,2026-07-25T03:15:20,https://www.screener.in/company/LIBERTSHOE/consolidated/,220.12,66.36,12.7,145.0,162.0
TPLPLASTEH,600.0,76.9,20.6,22.3,18.4,21.6,21.0,16.0,20.0,23.0,24.0,29.0,8.05,6.83,False,11.28,12.28,19.0,44.0,0.11,46.0,16.0,16.0,8.0,74.86,74.86,0.47,0.0,0.04,0.08,,2026-07-25T02:48:20,https://www.screener.in/company/TPLPLASTEH/consolidated/,422.56,114.07,23.7,153.0,169.0
BALAJITELE,1024.0,84.0,,-9.54,-7.66,51.2,-53.0,-29.0,-6.0,-157.0,-2.0,10.0,-14.0,94.0,False,-36.0,-29.0,19.0,105.0,0.03,-73.0,24.0,20.0,12.0,31.3,31.9,24.54,25.13,0.02,0.0,,2026-07-25T02:48:22,https://www.screener.in/company/BALAJITELE/consolidated/,212.0,48.0,-27.3,600.0,624.0
ARIHANTCAP,895.0,81.6,22.3,11.0,7.69,40.2,3.0,14.0,12.0,-20.0,3.0,-2.0,21.0,13.0,False,45.0,40.0,239.0,60.0,0.54,-122.0,11.0,10.0,11.0,67.68,69.81,0.03,0.22,0.03,0.0,,2026-07-25T02:48:24,https://www.screener.in/company/ARIHANTCAP/consolidated/,233.0,78.0,52.9,430.0,441.0
VISAKAIND,690.0,79.8,52.2,6.82,1.68,95.7,9.0,0.0,8.0,806.0,-39.0,-35.0,40.0,15.0,False,11.0,10.0,303.0,387.0,0.37,183.0,17.0,17.0,8.5,53.4,53.24,0.03,0.18,0.02,0.02,,2026-07-25T02:48:26,https://www.screener.in/company/VISAKAIND/consolidated/,1679.0,480.0,12.7,810.0,827.0
MMP,716.0,282.0,18.6,12.5,11.5,136.0,19.0,15.0,29.0,-2.0,22.0,17.0,18.0,11.0,False,9.0,8.0,185.0,58.0,0.53,53.0,25.0,25.0,2.5,74.49,74.48,0.02,0.0,0.0,0.0,,2026-07-25T03:15:30,https://www.screener.in/company/MMP/consolidated/,824.0,250.0,12.1,321.0,346.0
IGCL,468.0,74.6,11.7,12.2,10.9,72.6,19.0,9.0,10.0,31.0,21.0,12.0,12.0,10.0,False,14.0,17.0,183.0,195.0,0.4,-41.0,63.0,24.0,6.3,69.05,69.05,0.23,0.41,4.3,6.23,,2026-07-25T02:48:28,https://www.screener.in/company/IGCL/consolidated/,704.0,151.0,19.8,396.0,459.0
AFIL,405.0,9.21,9.57,13.9,10.5,9.93,45.0,29.0,11.0,27.0,43.0,21.0,12.0,8.0,False,33.0,41.0,,,,-167.0,43.0,32.0,43.0,39.02,41.2,0.35,0.57,1.95,2.81,,2026-07-25T16:01:42,https://www.screener.in/company/AFIL/,150.0,43.0,48.3,381.0,424.0
MIRZAINT,485.0,35.1,,-1.81,-3.58,40.7,-9.0,-7.0,-13.0,-354.0,,,-13.0,-4.0,False,-7.0,5.0,15.0,45.0,0.03,44.0,28.0,28.0,14.0,72.99,71.37,0.14,0.14,0.01,0.01,,2026-07-25T02:48:32,https://www.screener.in/company/MIRZAINT/consolidated/,527.0,103.0,-15.6,535.0,563.0
TNPETRO,855.0,95.0,9.28,10.9,9.55,113.0,-20.0,-12.0,5.0,104.0,0.0,-4.0,8.09,26.88,False,9.17,5.69,465.0,76.0,0.46,-100.0,90.0,90.0,9.0,34.54,34.54,11.11,8.76,0.0,0.0,,2026-07-25T02:48:34,https://www.screener.in/company/TNPETRO/consolidated/,1466.14,124.5,-72.6,928.0,1018.0
DMCC,680.0,273.0,24.9,15.3,11.5,99.5,35.0,15.0,24.0,26.0,64.0,-3.0,7.65,6.47,False,9.96,12.08,87.0,101.0,0.35,-18.0,25.0,25.0,2.5,53.84,53.84,0.15,0.39,1.5,1.28,,2026-07-25T03:15:46,https://www.screener.in/company/DMCC/consolidated/,581.58,177.64,41.9,223.0,248.0
SUPREMEINF,805.0,82.5,,,,24.0,-1.0,-12.0,-24.0,53.0,12.0,2.0,-60.0,-373.0,False,-18.0,-54.0,1460.0,5466.0,6.24,-8.0,98.0,26.0,9.8,47.32,34.69,3.02,8.56,6.2,0.0,,2026-07-25T02:48:36,https://www.screener.in/company/SUPREMEINF/consolidated/,66.0,14.0,-36.4,136.0,234.0
EMKAY,656.0,240.0,42.5,8.01,4.52,145.0,10.0,25.0,20.0,-73.0,3.0,7.0,5.66,8.49,False,8.59,0.15,110.0,33.0,0.29,-72.0,26.0,25.0,2.6,72.83,71.68,0.75,0.88,0.01,0.03,,2026-07-25T03:16:12,https://www.screener.in/company/EMKAY/consolidated/,380.53,148.39,108.9,354.0,380.0
SURAJEST,925.0,194.0,10.2,14.5,9.52,208.0,1.0,22.0,18.0,-9.0,41.0,70.0,11.0,18.0,False,50.0,22.0,645.0,593.0,0.65,-54.0,23.0,16.0,4.6,69.8,69.6,1.31,1.7,1.02,0.93,,2026-07-25T03:17:16,https://www.screener.in/company/SURAJEST/consolidated/,556.0,99.0,-27.2,970.0,993.0
RUSHIL,521.0,17.8,77.4,4.51,1.05,22.2,-4.0,,,-86.0,,,10.0,13.0,False,11.0,10.0,260.0,,0.4,89.0,29.0,,29.0,55.11,55.11,1.13,1.24,0.06,0.06,,2026-07-25T02:48:38,https://www.screener.in/company/RUSHIL/consolidated/,863.0,231.0,0.0,622.0,651.0
DECCANCE,776.0,554.0,43.4,3.31,2.42,536.0,21.0,,,230.0,,,4.72,7.95,False,8.05,11.03,753.0,,1.0,76.0,7.0,,1.4,56.24,56.24,14.65,9.93,0.85,0.9,,2026-07-25T03:17:20,https://www.screener.in/company/DECCANCE/consolidated/,635.61,213.89,79.9,744.0,751.0
LIKHITHA,894.0,227.0,22.8,13.7,9.99,104.0,-12.0,8.0,19.0,-43.0,-13.0,6.0,4.1,17.56,False,5.97,17.68,0.0,-0.0,0.0,-5.0,20.0,20.0,4.0,70.25,70.25,0.12,0.14,,,,2026-07-25T03:17:22,https://www.screener.in/company/LIKHITHA/consolidated/,456.74,120.69,-10.9,392.0,412.0
PRIMESECU,931.0,274.0,54.6,8.25,4.09,75.6,14.0,43.0,26.0,-53.0,-1.0,3.0,2.01,10.48,False,22.95,35.44,2.0,0.0,0.01,-2.0,17.0,16.0,3.4,,,4.96,4.47,5.08,4.95,,2026-07-25T03:17:24,https://www.screener.in/company/PRIMESECU/consolidated/,125.29,33.68,-27.1,239.0,256.0
SCILAL,1925.0,41.3,66.8,1.31,0.96,64.5,27.0,23.0,,115.0,-7.0,,-0.84,-224.37,False,-349.57,-65.16,0.0,0.0,0.0,-61.0,466.0,466.0,46.6,63.75,63.75,1.04,1.13,6.15,6.2,,2026-07-25T16:03:32,https://www.screener.in/company/SCILAL/,23.3,5.81,19.1,2539.0,3005.0
NCLIND,835.0,185.0,6.37,14.5,14.6,208.0,-21.0,-11.0,-4.0,350.0,44.0,-2.0,42.0,7.0,False,13.0,6.0,239.0,292.0,0.25,145.0,45.0,45.0,4.5,41.67,40.93,3.45,4.45,0.03,0.09,,2026-07-25T03:17:28,https://www.screener.in/company/NCLIND/consolidated/,1426.0,400.0,6.7,895.0,940.0
BANSWRAS,438.0,128.0,11.7,8.98,6.53,171.0,5.0,-3.0,12.0,72.0,-30.0,25.0,11.0,6.0,False,12.0,7.0,475.0,373.0,0.81,118.0,17.0,17.0,3.4,54.19,54.19,7.92,8.5,,,,2026-07-25T03:17:34,https://www.screener.in/company/BANSWRAS/consolidated/,1357.0,366.0,7.6,568.0,585.0
BIRLAMONEY,746.0,132.0,78.4,12.4,26.0,2.92,21.0,9.0,12.0,10.0,20.0,22.0,2.36,1.45,False,24.4,12.0,269.0,85.0,15.82,-174.0,6.0,6.0,6.0,73.53,73.53,0.08,0.07,0.0,0.05,,2026-07-25T03:17:36,https://www.screener.in/company/BIRLAMONEY/consolidated/,172.2,43.11,9.8,11.0,17.0
OMINFRAL,839.0,87.1,40.8,4.7,2.73,79.2,-30.0,-14.0,16.0,-16.0,48.0,18.0,6.46,14.79,False,9.83,-9.47,86.0,149.0,0.11,-4.0,10.0,10.0,10.0,67.05,67.05,0.11,0.11,4.06,4.06,,2026-07-25T02:48:42,https://www.screener.in/company/OMINFRAL/consolidated/,500.05,160.1,-6.9,753.0,763.0
REMSONSIND,273.0,78.3,14.7,15.5,13.5,42.7,24.0,14.0,16.0,29.0,30.0,47.0,4.45,6.54,False,8.42,10.32,98.0,82.0,0.66,60.0,7.0,6.0,3.5,62.83,66.24,2.79,4.9,1.08,1.02,,2026-07-25T02:48:44,https://www.screener.in/company/REMSONSIND/consolidated/,468.72,130.4,22.8,142.0,149.0
URJA,484.0,9.22,362.0,1.27,0.76,3.36,-1.0,19.0,-15.0,6.0,-4.0,-5.0,0.36,0.81,False,2.67,4.19,9.42,6.5,0.05,-26.12,53.39,53.39,53.39,17.37,18.65,0.02,0.44,,,,2026-07-25T02:48:46,https://www.screener.in/company/URJA/consolidated/,66.7,17.58,2.3,123.28,176.67
MAXIND,958.0,182.0,,-23.2,-33.0,77.7,17.0,-3.0,8.0,1.0,,,-19.0,-46.0,False,-23.0,-98.0,97.0,45.0,0.24,-95.0,53.0,43.0,5.3,49.76,50.06,7.06,7.08,1.65,1.43,,2026-07-25T03:17:44,https://www.screener.in/company/MAXIND/consolidated/,191.0,66.0,57.1,356.0,409.0
YUKEN,962.0,708.0,66.5,7.4,4.29,275.0,1.0,7.0,17.0,-41.0,21.0,75.0,5.8,7.85,False,11.72,13.15,115.0,119.0,0.31,41.0,14.0,12.0,1.4,58.05,58.05,0.1,0.07,0.01,1.35,,2026-07-25T03:17:50,https://www.screener.in/company/YUKEN/consolidated/,462.17,133.1,6.8,360.0,374.0
ZUARIIND,765.0,257.0,6.6,5.45,2.69,1216.0,8.0,3.0,5.0,255.0,-28.0,28.0,-32.0,-21.0,False,11.0,10.0,2598.0,2691.0,0.72,144.0,30.0,30.0,3.0,56.71,56.71,1.1,2.46,1.21,1.01,,2026-07-25T03:17:52,https://www.screener.in/company/ZUARIIND/consolidated/,1045.0,284.0,4.4,3591.0,3621.0
CENTRUM,1152.0,23.7,,7.45,-75.3,6.4,7.0,41.0,49.0,-7.0,-20.0,,-31.0,24.0,False,27.0,40.0,16058.0,5285.0,51.47,-1814.0,49.0,42.0,49.0,39.44,34.84,1.29,1.55,1.93,3.86,,2026-07-25T02:48:48,https://www.screener.in/company/CENTRUM/consolidated/,3577.0,1030.0,-7.7,263.0,312.0
SPECIALITY,664.0,138.0,27.3,9.14,7.24,71.8,9.0,8.0,26.0,37.0,-33.0,22.0,2.85,2.12,False,15.06,14.79,140.0,142.0,0.4,85.0,48.0,47.0,4.8,50.71,50.2,0.46,0.47,0.0,1.59,,2026-07-25T03:17:54,https://www.screener.in/company/SPECIALITY/consolidated/,476.47,116.42,13.0,298.0,346.0
PIGL,223.0,105.0,15.4,15.5,11.0,72.1,30.0,32.0,,23.0,59.0,,3.93,2.81,False,10.95,8.79,14.0,32.0,0.09,-5.0,21.0,13.0,2.1,50.7,46.09,0.0,0.0,0.82,0.0,,2026-07-25T03:17:58,https://www.screener.in/company/PIGL/consolidated/,218.76,58.53,6.2,131.0,152.0
VAKRANGEE,629.0,5.81,56.0,7.51,5.4,1.97,0.0,9.0,-4.0,69.0,117.0,-29.0,1.62,2.52,False,8.41,10.81,4.0,58.0,0.02,61.0,108.0,106.0,108.0,40.05,40.05,0.35,0.83,4.05,4.47,,2026-07-25T02:48:50,https://www.screener.in/company/VAKRANGEE/consolidated/,254.76,56.74,-10.2,105.0,213.0
SARLAPOLY,835.0,100.0,12.5,10.5,14.4,52.3,-6.0,1.0,9.0,5.0,46.0,21.0,-60.0,13.0,False,2.0,22.0,276.0,109.0,0.63,74.0,8.0,8.0,8.0,59.98,56.93,0.64,0.7,0.69,0.9,,2026-07-25T03:18:00,https://www.screener.in/company/SARLAPOLY/consolidated/,401.0,103.0,3.0,428.0,436.0
PVP,711.0,27.3,,6.22,-2.35,8.38,230.0,-20.0,38.0,-253.0,,14.0,-3.19,-2.57,False,17.42,27.38,256.43,119.2,1.18,-24.21,260.4,243.96,26.04,61.3,61.3,0.13,0.25,0.0,0.0,,2026-07-25T02:48:52,https://www.screener.in/company/PVP/consolidated/,89.7,41.44,117.8,-42.17,218.23
IRIS,503.0,244.0,4.07,10.6,89.5,97.6,17.0,20.0,18.0,914.0,207.0,97.0,4.15,2.88,False,13.67,18.53,2.0,6.0,0.01,105.0,21.0,19.0,2.1,34.63,34.65,1.76,1.73,12.08,12.79,,2026-07-25T03:18:04,https://www.screener.in/company/IRIS/consolidated/,128.49,39.15,31.6,180.0,201.0
DHARMAJ,882.0,261.0,16.1,16.4,13.0,133.0,20.0,,,56.0,,,3.97,-2.45,True,4.54,1.83,132.0,,0.29,28.0,34.0,,3.4,70.4,70.4,3.13,3.09,0.5,0.47,,2026-07-25T03:18:08,https://www.screener.in/company/DHARMAJ/consolidated/,1137.96,233.78,11.4,415.0,449.0
PROZONER,668.0,43.8,62.5,6.1,2.31,29.9,9.0,4.0,34.0,128.0,-24.0,19.0,3.91,-52.95,True,34.51,11.49,658.0,420.0,1.44,0.0,31.0,31.0,15.5,53.63,52.43,3.01,3.31,0.0,0.06,,2026-07-25T02:48:54,https://www.screener.in/company/PROZONER/consolidated/,195.23,52.57,-0.5,426.0,457.0
ZEEMEDIA,498.0,7.97,74.8,5.27,3.0,3.58,22.0,2.0,3.0,106.0,29.0,-40.0,-27.0,-37.0,False,-6.0,-5.0,83.0,199.0,0.37,98.0,63.0,63.0,63.0,9.04,6.3,19.75,16.0,4.12,4.25,,2026-07-25T02:48:56,https://www.screener.in/company/ZEEMEDIA/consolidated/,759.0,158.0,1.3,161.0,224.0
GOKUL,389.0,39.3,21.0,8.42,5.22,36.7,17.0,10.0,11.0,33.0,-8.0,-2.0,5.85,6.64,False,0.33,1.08,383.0,425.0,1.05,34.0,20.0,20.0,10.0,73.6,72.8,0.78,0.29,,,,2026-07-25T02:48:58,https://www.screener.in/company/GOKUL/consolidated/,4120.47,1055.78,22.8,344.0,364.0
SAURASHCEM,619.0,55.7,28.5,2.5,2.28,86.4,8.0,0.0,20.0,892.0,44.0,-21.0,19.0,33.0,False,6.0,11.0,107.0,66.0,0.11,36.0,111.0,111.0,11.1,66.62,66.69,0.08,0.04,0.12,0.12,,2026-07-25T02:49:00,https://www.screener.in/company/SAURASHCEM/consolidated/,1667.0,447.0,-6.5,850.0,961.0
DCI,472.0,288.0,22.3,22.9,23.6,65.7,33.0,,,46.0,,,5.66,4.04,False,4.27,5.57,87.0,,0.81,-37.0,16.0,,1.6,62.2,63.75,1.16,1.09,,,,2026-07-25T03:18:16,https://www.screener.in/company/DCI/consolidated/,761.6,239.46,78.4,91.0,107.0
SHREDIGCEM,1127.0,76.2,62.6,6.4,6.84,24.7,20.0,1.0,8.0,-35.0,-25.0,-14.0,6.82,13.79,False,8.66,12.14,514.0,0.0,1.4,-411.0,148.0,145.0,14.8,63.71,54.66,0.5,0.42,1.42,2.25,,2026-07-25T02:49:02,https://www.screener.in/company/SHREDIGCEM/consolidated/,890.43,337.27,72.1,218.0,366.0
DCMSRIND,347.0,39.9,5.69,13.7,11.8,105.0,-4.0,-1.0,3.0,-50.0,16.0,1.0,-3.12,22.91,False,1.82,8.61,302.0,510.0,0.33,152.0,17.0,17.0,8.5,50.11,50.11,1.12,1.66,12.7,12.78,,2026-07-25T02:49:04,https://www.screener.in/company/DCMSRIND/consolidated/,1990.02,526.85,-1.2,895.0,912.0
MUFTI,544.0,82.9,7.87,19.1,18.4,62.8,9.0,22.0,,16.0,24.0,,14.0,7.0,False,27.0,23.0,237.0,154.0,0.58,159.0,13.0,3.0,6.5,54.99,55.01,0.51,0.53,3.04,2.35,,2026-07-25T02:49:06,https://www.screener.in/company/MUFTI/consolidated/,619.0,153.0,15.0,397.0,410.0
INDORAMA,1265.0,48.4,8.27,17.9,34.5,19.9,15.0,6.0,19.0,6167.0,107.0,4.0,64.0,51.0,False,9.0,7.0,1133.0,890.0,2.18,134.0,261.0,261.0,26.1,74.84,74.84,0.13,0.37,0.92,0.92,,2026-07-25T02:49:08,https://www.screener.in/company/INDORAMA/consolidated/,4911.0,1202.0,0.3,258.0,519.0
KAMATHOTEL,499.0,169.0,11.7,15.8,14.4,107.0,8.0,9.0,42.0,-5.0,-18.0,25.0,17.0,11.0,False,29.0,27.0,233.0,346.0,0.74,98.0,30.0,25.0,3.0,57.78,57.78,0.02,0.97,3.86,3.86,,2026-07-25T03:18:18,https://www.screener.in/company/KAMATHOTEL/consolidated/,386.0,110.0,19.6,286.0,316.0
DOLATALGO,1210.0,68.8,9.39,18.1,12.1,64.2,-24.0,13.0,7.0,-40.0,4.0,-3.0,47.0,40.0,False,61.0,60.0,284.0,140.0,0.25,56.0,18.0,18.0,18.0,74.49,74.49,0.05,0.25,0.0,0.01,,2026-07-25T02:49:10,https://www.screener.in/company/DOLATALGO/consolidated/,404.0,126.0,10.5,1113.0,1131.0
SGIL,927.0,596.0,186.0,9.24,4.55,71.5,1.0,,,-71.0,,,,,False,,,250.0,,2.23,19.0,16.0,,1.6,69.5,69.39,0.23,0.42,1.73,0.0,,2026-07-25T03:18:22,https://www.screener.in/company/SGIL/consolidated/,,119.04,,96.0,112.0
STCINDIA,707.0,118.0,15.9,,,-663.0,,,,-28.0,-7.0,26.0,17.0,2.0,False,,,1177.0,1987.0,,-171.0,60.0,60.0,6.0,90.0,90.0,0.04,0.0,0.47,0.51,,2026-07-25T03:18:24,https://www.screener.in/company/STCINDIA/consolidated/,0.0,0.0,,-4041.0,-3981.0
DBOL,678.0,102.0,26.5,4.98,2.61,155.0,8.0,-4.0,,1042.0,-38.0,384.0,37.0,-22.0,True,2.0,2.0,1060.0,810.0,1.03,220.0,66.0,66.0,6.6,50.78,50.65,0.29,0.35,0.82,0.45,,2026-07-25T03:18:26,https://www.screener.in/company/DBOL/consolidated/,2037.0,533.0,8.3,960.0,1026.0
PDMJEPAPER,871.0,91.7,9.31,19.8,15.0,70.5,0.0,2.0,13.0,4.0,17.0,14.0,20.0,19.0,False,17.0,13.0,43.0,57.0,0.06,121.0,10.0,10.0,10.0,71.56,71.56,0.91,0.97,0.01,0.01,,2026-07-25T16:03:11,https://www.screener.in/company/PDMJEPAPER/,808.0,201.0,5.8,660.0,670.0
BAJAJINDEF,737.0,230.0,30.6,9.45,9.2,84.3,16.0,,,-30.0,,,6.82,10.13,False,13.48,20.16,3.0,,0.01,24.0,3.0,,3.0,69.61,69.61,1.11,1.56,0.0,0.0,,2026-07-25T03:18:28,https://www.screener.in/company/BAJAJINDEF/consolidated/,207.7,68.04,28.4,267.0,270.0
ROHLTD,853.0,311.0,27.6,10.8,12.7,94.1,20.0,13.0,37.0,-34.0,-13.0,26.0,8.21,13.15,False,22.59,22.98,641.0,158.0,2.48,82.0,27.0,27.0,2.7,64.07,63.9,8.57,8.3,0.91,0.81,,2026-07-25T03:18:30,https://www.screener.in/company/ROHLTD/consolidated/,384.16,113.17,30.5,231.0,258.0
UYFINCORP,353.0,18.6,,2.11,2.35,13.1,25.0,62.0,16.0,-104.0,-6.0,-13.0,5.25,4.02,False,23.44,9.39,,,,-12.92,95.12,95.12,19.02,71.38,71.38,0.06,0.72,,,,2026-07-25T02:49:14,https://www.screener.in/company/UYFINCORP/consolidated/,63.4,15.27,-56.4,153.86,248.98
ARIES,444.0,341.0,10.4,21.2,13.7,257.0,21.0,17.0,15.0,27.0,36.0,19.0,-4.79,-3.91,False,0.17,0.75,56.0,100.0,0.17,86.0,13.0,13.0,1.3,52.66,52.66,3.13,3.2,0.02,0.0,,2026-07-25T03:18:34,https://www.screener.in/company/ARIES/consolidated/,752.77,184.8,44.6,321.0,334.0
3IINFOLTD,409.0,19.7,10.9,13.0,11.1,18.4,-2.0,-2.0,3.0,-10.0,133.0,14.0,6.52,7.55,False,2.85,-2.03,62.0,99.0,0.16,-44.0,207.0,168.0,20.7,,,0.5,0.35,14.26,16.96,,2026-07-25T02:49:16,https://www.screener.in/company/3IINFOLTD/consolidated/,700.75,177.94,4.3,174.0,381.0
RKSWAMY,512.0,101.0,21.0,12.2,9.5,52.3,16.0,5.0,14.0,31.0,-8.0,53.0,16.0,12.0,False,22.0,19.0,43.0,34.0,0.16,38.0,25.0,4.0,5.0,69.61,69.61,0.24,0.18,2.55,6.07,,2026-07-25T03:18:36,https://www.screener.in/company/RKSWAMY/consolidated/,342.0,101.0,20.2,239.0,264.0
KAVDEFENCE,343.0,57.1,277.0,1.14,1.25,18.6,-51.0,44.0,15.0,-81.0,-67.0,16.0,0.28,3.69,False,-191.3,-7.2,4.41,0.03,0.04,-22.87,60.12,20.12,6.01,24.56,15.41,2.2,4.7,0.01,0.01,,2026-07-25T02:49:18,https://www.screener.in/company/KAVDEFENCE/consolidated/,8.42,0.92,-88.8,51.6,111.72
FOODSIN,405.0,55.0,14.6,8.85,5.01,77.0,-13.0,-5.0,19.0,-32.0,-14.0,48.0,19.0,23.0,False,14.0,12.0,432.0,342.0,0.76,132.0,7.0,5.0,7.0,25.39,25.38,0.01,0.05,1.13,1.13,,2026-07-25T02:49:20,https://www.screener.in/company/FOODSIN/consolidated/,868.0,289.0,-27.2,558.0,565.0
TOLINS,406.0,103.0,11.4,13.0,10.4,91.4,12.0,,,-8.0,,,8.94,9.28,False,14.39,19.52,11.0,,0.03,-40.0,20.0,,4.0,68.53,68.53,0.0,0.05,1.44,1.9,,2026-07-25T03:18:38,https://www.screener.in/company/TOLINS/consolidated/,327.12,77.99,12.2,341.0,361.0
MAANALU,689.0,115.0,907.0,,2.9,4.81,,,,,,,,,False,,,1.62,,0.06,5.21,3.38,,0.68,55.82,58.87,0.0,0.39,1.71,0.0,,2026-07-25T03:18:42,https://www.screener.in/company/MAANALU/consolidated/,,7.6,,22.8,26.18
SNOWMAN,608.0,36.4,144.0,3.77,1.04,24.1,9.0,13.0,21.0,-23.0,-28.0,143.0,5.54,3.9,False,16.72,17.55,312.0,258.0,0.78,98.0,167.0,167.0,16.7,50.01,50.01,2.96,3.23,0.84,1.16,,2026-07-25T16:03:39,https://www.screener.in/company/SNOWMAN/,604.38,142.31,3.9,235.0,402.0
TVTODAY,695.0,116.0,26.8,4.55,2.91,149.0,-19.0,-3.0,1.0,-65.0,-35.0,-28.0,9.02,6.15,False,2.14,1.83,15.0,34.0,0.02,10.0,30.0,30.0,6.0,63.2,58.45,4.04,5.21,0.09,7.9,,2026-07-25T03:18:44,https://www.screener.in/company/TVTODAY/consolidated/,809.95,213.47,-14.3,861.0,891.0
HMVL,688.0,93.4,4.43,11.5,9.95,215.0,1.0,1.0,6.0,108.0,79.0,17.0,27.0,45.0,False,30.0,13.0,85.0,107.0,0.05,72.0,74.0,74.0,7.4,74.4,74.4,0.1,0.16,,,,2026-07-25T02:49:24,https://www.screener.in/company/HMVL/consolidated/,779.0,216.0,18.7,1514.0,1588.0
HERANBA,700.0,175.0,,-1.65,-9.54,190.0,13.0,7.0,,-2581.0,,,-58.0,-42.0,False,-7.0,-4.0,576.0,93.0,0.76,-96.0,40.0,40.0,4.0,74.95,74.95,0.01,0.06,0.29,0.28,,2026-07-25T03:18:46,https://www.screener.in/company/HERANBA/consolidated/,1594.0,319.0,-4.8,722.0,762.0
XCHANGING,713.0,64.0,12.0,18.0,15.8,35.6,10.0,5.0,1.0,20.0,10.0,-1.0,16.0,15.0,False,37.0,34.0,71.0,1.0,0.18,41.0,111.0,111.0,11.1,75.0,75.0,0.03,0.0,0.17,0.29,,2026-07-25T02:49:26,https://www.screener.in/company/XCHANGING/consolidated/,203.0,51.0,0.0,285.0,396.0
SBILIFE,186466.0,1859.0,71.7,15.0,13.7,201.0,-1.0,12.0,7.0,5.0,13.0,11.0,725.0,594.0,False,2.0,2.0,0.0,0.0,0.0,34523.0,1003.0,1001.0,100.3,55.32,55.36,20.95,21.85,19.67,18.7,,2026-07-25T16:05:07,https://www.screener.in/company/SBILIFE/,119656.0,46337.0,18.8,18083.0,19086.0
ENRIN,115390.0,3240.0,85.6,67.8,50.5,135.0,,,,368610.0,,,375.0,246.0,False,21.0,19.0,216.0,0.0,0.04,3670.0,71.0,0.01,35.5,75.0,75.0,7.72,6.16,6.44,8.05,,2026-07-25T16:05:09,https://www.screener.in/company/ENRIN/,8736.0,2394.0,27.3,4741.0,4812.0
STALLION,2808.0,242.0,64.0,11.8,8.93,58.6,14.0,24.0,30.0,36.0,56.0,35.0,11.0,13.0,False,15.0,12.0,34.0,18.0,0.05,39.0,116.0,55.0,11.6,47.8,67.9,0.82,0.8,1.53,0.07,,2026-07-25T16:05:11,https://www.screener.in/company/STALLION/,431.0,110.0,-27.6,565.0,681.0
VENUSPIPES,3522.0,1700.0,34.4,22.5,17.0,323.0,22.0,28.0,30.0,10.0,32.0,34.0,26.0,24.0,False,16.0,16.0,197.0,90.0,0.29,112.0,21.0,20.0,2.1,48.41,48.44,2.63,4.25,17.81,15.13,,2026-07-25T16:05:13,https://www.screener.in/company/VENUSPIPES/,1167.0,302.0,17.1,648.0,669.0
KRISHANA,5010.0,162.0,25.5,27.2,38.2,18.1,73.0,96.0,67.0,95.0,89.0,56.0,47.0,31.0,False,17.0,17.0,733.0,276.0,1.31,-191.0,62.0,31.0,31.0,72.93,71.96,0.37,0.6,0.03,0.0,,2026-07-25T16:05:16,https://www.screener.in/company/KRISHANA/,2554.0,532.0,34.3,499.0,561.0
MBAPL,6495.0,148.0,41.9,19.4,31.5,12.6,48.0,24.0,59.0,109.0,7.0,49.0,33.0,28.0,False,16.0,14.0,856.0,323.0,1.56,-127.0,88.0,44.0,44.0,74.76,74.63,0.67,0.43,0.01,0.0,,2026-07-25T16:05:18,https://www.screener.in/company/MBAPL/,1873.0,416.0,1.5,462.0,550.0
QUADFUTURE,1444.0,361.0,,-15.8,-15.4,64.5,2.0,0.0,16.0,-118.0,,,1.14,1.58,False,-10.25,2.1,24.0,74.0,0.09,-86.0,40.0,10.0,4.0,70.0,70.0,1.85,1.55,2.08,4.72,,2026-07-25T16:05:20,https://www.screener.in/company/QUADFUTURE/,152.97,56.56,-3.3,218.0,258.0
TIPSMUSIC,8941.0,699.0,41.7,122.0,92.3,20.3,21.0,26.0,33.0,27.0,42.0,38.0,44.0,46.0,False,50.0,64.0,5.0,4.0,0.02,197.0,13.0,13.0,13.0,64.15,64.15,7.99,8.16,5.36,5.03,,2026-07-25T16:05:22,https://www.screener.in/company/TIPSMUSIC/,394.0,107.0,21.6,247.0,260.0
ROLEXRINGS,3803.0,140.0,21.2,21.2,15.7,44.6,-1.0,-1.0,13.0,-4.0,-3.0,16.0,-0.15,54.64,False,18.4,18.39,0.0,82.0,0.0,190.0,27.0,27.0,27.0,52.24,53.35,5.4,6.97,28.76,30.95,,2026-07-25T16:05:24,https://www.screener.in/company/ROLEXRINGS/,1143.49,305.69,7.7,1186.0,1213.0
FUSION,3500.0,216.0,253.0,5.92,0.68,152.0,-28.0,-1.0,15.0,101.0,-67.0,-21.0,114.0,-165.0,True,8.0,-37.0,,,,1146.0,162.0,100.0,16.2,53.97,54.96,4.77,3.92,15.25,11.88,,2026-07-25T16:05:26,https://www.screener.in/company/FUSION/,1675.0,424.0,-9.0,2294.0,2456.0
PGHH,29132.0,8974.0,34.0,157.0,115.0,232.0,27.0,3.0,7.0,35.0,14.0,15.0,153.0,156.0,False,23.0,21.0,1.0,4.0,0.0,924.0,32.0,32.0,3.2,70.64,70.64,0.98,1.11,15.58,16.05,,2026-07-25T16:05:28,https://www.screener.in/company/PGHH/,4290.0,941.0,-5.1,721.0,753.0
DYCL,1950.0,402.0,21.4,26.2,19.9,94.4,19.0,21.0,28.0,28.0,39.0,53.0,25.0,18.0,False,11.0,10.0,43.0,82.0,0.09,62.0,48.0,22.0,4.8,68.18,68.18,0.67,0.55,0.98,1.57,,2026-07-25T16:05:31,https://www.screener.in/company/DYCL/,1285.0,349.0,33.2,409.0,457.0
DREDGECORP,2809.0,1003.0,591.0,4.28,0.39,439.0,6.0,1.0,10.0,110.0,27.0,15.0,87.0,21.0,False,30.0,17.0,1087.0,281.0,0.88,142.0,28.0,28.0,2.8,73.47,73.47,1.03,0.14,6.68,6.63,,2026-07-25T16:05:33,https://www.screener.in/company/DREDGECORP/,1208.0,478.0,3.5,1202.0,1230.0
MUTHOOTMF,4264.0,250.0,25.0,9.31,6.22,167.0,-7.0,18.0,28.0,177.0,1.0,89.0,71.0,-401.0,True,16.0,-92.0,,,,-580.0,168.0,117.0,16.8,55.47,55.47,23.11,23.25,3.38,2.84,,2026-07-25T16:05:35,https://www.screener.in/company/MUTHOOTMF/,2370.0,632.0,13.9,2687.0,2855.0
BAJAJHCARE,1088.0,323.0,19.3,11.5,9.4,158.0,12.0,-2.0,-1.0,20.0,3.0,-11.0,14.0,12.0,False,17.0,16.0,249.0,415.0,0.47,58.0,17.0,14.0,3.4,58.59,59.19,2.19,1.12,1.92,2.99,,2026-07-25T16:05:37,https://www.screener.in/company/BAJAJHCARE/,628.0,166.0,11.4,516.0,533.0
VMART,5764.0,725.0,41.6,13.2,14.2,120.0,19.0,15.0,29.0,161.0,144.0,83.0,47.0,34.0,False,15.0,14.0,958.0,1332.0,1.01,501.0,79.0,20.0,7.9,44.15,44.18,16.47,17.46,30.9,32.11,,2026-07-25T16:05:39,https://www.screener.in/company/VMART/,3993.0,1089.0,23.1,872.0,951.0
SURYODAY,2052.0,193.0,10.7,7.33,7.58,196.0,17.0,22.0,23.0,139.0,25.0,66.0,75.0,35.0,False,-7.0,-12.0,,,,652.0,106.0,106.0,10.6,22.48,22.43,5.35,4.67,5.47,6.62,,2026-07-25T16:05:41,https://www.screener.in/company/SURYODAY/,2288.0,622.0,25.7,1972.0,2078.0
BBL,2848.0,2519.0,23.7,8.37,6.05,1795.0,20.0,17.0,25.0,-10.0,13.0,37.0,39.0,50.0,False,7.0,10.0,301.0,287.0,0.15,-92.0,6.0,6.0,1.2,33.65,33.65,5.84,3.67,15.63,18.36,,2026-07-25T16:05:43,https://www.screener.in/company/BBL/,2273.0,767.0,23.9,2023.0,2029.0
BHARATSE,1370.0,218.0,31.6,20.2,20.4,36.6,51.0,23.0,29.0,33.0,26.0,57.0,13.0,11.0,False,5.0,6.0,110.0,66.0,0.48,107.0,13.0,6.0,6.5,74.66,74.66,0.15,0.27,0.22,0.12,,2026-07-25T16:05:45,https://www.screener.in/company/BHARATSE/,1951.0,574.0,46.1,217.0,230.0
PGHL,11145.0,6714.0,34.1,83.5,61.6,316.0,51.0,8.0,1.0,39.0,19.0,5.0,95.0,61.0,False,37.0,26.0,9.0,12.0,0.02,338.0,17.0,17.0,1.7,51.82,51.82,6.33,7.24,12.44,13.9,,2026-07-25T16:05:47,https://www.screener.in/company/PGHL/,1408.0,370.0,19.0,508.0,525.0
SPORTKING,2716.0,214.0,22.7,13.0,11.7,87.8,-1.0,4.0,14.0,11.0,-8.0,4.0,33.0,35.0,False,13.0,12.0,463.0,552.0,0.41,292.0,13.0,13.0,13.0,74.36,74.36,0.36,0.01,0.0,0.0,,2026-07-25T16:05:50,https://www.screener.in/company/SPORTKING/,2496.0,637.0,1.3,1103.0,1116.0
INTERARCH,3018.0,1799.0,22.0,22.8,16.8,525.0,31.0,19.0,27.0,27.0,19.0,85.0,37.0,39.0,False,10.0,11.0,18.0,18.0,0.02,-19.0,17.0,15.0,1.7,59.44,59.44,4.86,5.81,6.1,6.97,,2026-07-25T16:05:52,https://www.screener.in/company/INTERARCH/,1899.0,504.0,8.6,864.0,881.0
GHCLTEXTIL,1107.0,116.0,17.3,5.75,4.34,157.0,14.0,,,14.0,1755.0,477.0,28.0,14.0,False,11.0,11.0,134.0,0.0,0.09,5.0,19.0,0.01,9.5,19.2,19.16,13.24,15.68,1.09,5.87,,2026-07-25T16:05:54,https://www.screener.in/company/GHCLTEXTIL/,1319.0,364.0,28.2,1483.0,1502.0
FINOPB,1390.0,167.0,24.9,4.53,7.37,92.6,27.0,38.0,65.0,-40.0,-5.0,21.0,7.1,24.0,False,-421.98,-778.72,,,,-307.0,83.0,83.0,8.3,75.0,75.0,0.31,2.67,0.0,3.35,,2026-07-25T16:05:56,https://www.screener.in/company/FINOPB/,248.16,64.1,21.4,687.0,770.0
MANGLMCEM,2706.0,984.0,18.5,10.8,16.0,355.0,5.0,-1.0,6.0,208.0,80.0,9.0,65.0,17.0,False,11.0,11.0,888.0,621.0,0.91,94.0,28.0,28.0,2.8,40.01,40.01,5.53,6.07,6.17,6.94,,2026-07-25T16:05:58,https://www.screener.in/company/MANGLMCEM/,1758.0,490.0,-2.6,950.0,978.0
KROSS,1330.0,206.0,23.0,16.4,12.0,75.9,17.0,11.0,30.0,13.0,21.0,63.0,13.0,11.0,False,12.0,12.0,54.0,88.0,0.11,28.0,32.0,14.0,6.4,68.57,68.38,2.51,2.31,6.05,7.41,,2026-07-25T16:06:00,https://www.screener.in/company/KROSS/,717.0,184.0,32.4,458.0,490.0
SWARAJENG,4336.0,3569.0,21.2,58.4,43.6,402.0,21.0,12.0,15.0,18.0,14.0,17.0,56.0,50.0,False,13.0,14.0,2.0,1.0,0.0,117.0,12.0,12.0,1.2,52.11,52.12,2.43,3.93,8.78,9.65,,2026-07-25T16:06:02,https://www.screener.in/company/SWARAJENG/,2111.0,588.0,21.5,477.0,489.0
INGERRAND,13746.0,4354.0,52.1,57.1,43.0,195.0,4.0,7.0,18.0,-2.0,13.0,30.0,65.0,68.0,False,23.0,26.0,9.0,5.0,0.01,274.0,32.0,32.0,3.2,75.0,75.0,1.28,1.31,8.96,8.19,,2026-07-25T16:06:04,https://www.screener.in/company/INGERRAND/,1392.0,300.0,-6.8,584.0,616.0
NITINSPIN,3009.0,535.0,17.0,12.2,12.8,262.0,-3.0,10.0,15.0,1.0,3.0,21.0,57.0,46.0,False,15.0,14.0,1124.0,980.0,0.76,411.0,56.0,56.0,5.6,56.71,56.62,1.92,0.89,14.68,15.69,,2026-07-25T16:06:06,https://www.screener.in/company/NITINSPIN/,3214.0,860.0,2.3,1415.0,1471.0
APEX,1191.0,381.0,30.6,10.4,7.6,169.0,14.0,-5.0,3.0,933.0,3.0,-3.0,7.79,1.96,False,7.61,3.34,6.0,91.0,0.01,96.0,31.0,31.0,3.1,72.62,72.62,5.83,4.84,0.61,0.55,,2026-07-25T16:06:09,https://www.screener.in/company/APEX/,928.61,167.82,-15.0,497.0,528.0
ASTRAZEN,20014.0,8006.0,105.0,29.3,23.3,349.0,33.0,31.0,23.0,9.0,15.0,16.0,45.0,58.0,False,11.0,18.0,111.0,7.0,0.13,-15.0,5.0,5.0,2.5,75.0,75.0,2.68,2.74,6.08,5.26,,2026-07-25T16:06:11,https://www.screener.in/company/ASTRAZEN/,2276.0,579.0,20.6,868.0,873.0
INDIANHUME,2040.0,387.0,33.8,9.51,4.21,282.0,-12.0,-5.0,1.0,179.0,3.0,8.0,23.0,499.0,False,11.0,14.0,417.0,633.0,0.28,294.0,11.0,10.0,5.5,72.34,72.34,0.39,0.42,0.75,2.2,,2026-07-25T16:06:13,https://www.screener.in/company/INDIANHUME/,1305.0,351.0,-10.5,1474.0,1485.0
INDRAMEDCO,3342.0,365.0,18.2,35.8,27.5,80.8,9.0,11.0,19.0,14.0,28.0,132.0,42.0,41.0,False,17.0,18.0,37.0,2.0,0.05,167.0,92.0,92.0,9.2,51.0,51.0,2.77,2.41,0.59,3.51,,2026-07-25T16:06:15,https://www.screener.in/company/INDRAMEDCO/,1483.0,365.0,9.3,649.0,741.0
DIVGIITTS,2892.0,946.0,61.6,10.2,7.62,208.0,61.0,9.0,14.0,93.0,-3.0,4.0,15.0,5.0,False,20.0,15.0,2.0,3.0,0.0,41.0,15.0,15.0,3.0,60.56,60.56,1.86,1.81,26.16,25.93,,2026-07-25T16:06:17,https://www.screener.in/company/DIVGIITTS/,354.0,108.0,86.2,620.0,635.0
PRINCEPIPE,2888.0,261.0,38.4,6.12,4.67,149.0,3.0,-1.0,5.0,76.0,-15.0,-20.0,56.0,24.0,False,13.0,8.0,145.0,63.0,0.09,526.0,111.0,111.0,11.1,60.95,60.94,3.06,3.72,15.33,15.95,,2026-07-25T16:06:19,https://www.screener.in/company/PRINCEPIPE/,2598.0,850.0,18.1,1534.0,1645.0
CANTABIL,2006.0,240.0,21.0,19.1,22.0,57.2,18.0,16.0,28.0,28.0,13.0,58.0,29.0,23.0,False,31.0,27.0,544.0,286.0,1.14,199.0,17.0,16.0,8.5,74.46,74.09,2.16,4.14,0.21,0.88,,2026-07-25T16:06:21,https://www.screener.in/company/CANTABIL/,852.0,253.0,15.0,461.0,478.0
BOSCH-HCIL,3624.0,1333.0,278.0,4.64,2.28,184.0,-2.0,4.0,10.0,-79.0,30.0,-14.0,41.0,56.0,False,7.0,10.0,82.0,193.0,0.16,113.0,27.0,27.0,2.7,74.52,74.25,0.38,1.03,6.3,6.54,32.2,2026-07-25T16:06:23,https://www.screener.in/company/BOSCH-HCIL/,2699.0,965.0,3.4,473.0,500.0
VENKEYS,2120.0,1505.0,15.2,11.9,9.07,1133.0,13.0,-4.0,4.0,19.0,25.0,-12.0,101.0,13.0,False,12.0,3.0,167.0,191.0,0.1,191.0,14.0,14.0,1.4,56.11,56.11,1.14,1.34,0.13,0.16,,2026-07-25T16:06:25,https://www.screener.in/company/VENKEYS/,3727.0,1100.0,30.5,1582.0,1596.0
VESUVIUS,9180.0,452.0,35.2,21.3,15.0,82.0,12.0,16.0,22.0,2.0,26.0,34.0,56.0,59.0,False,17.0,17.0,14.0,0.0,0.01,177.0,20.0,20.0,20.0,55.57,55.57,4.56,4.42,22.03,21.29,,2026-07-25T16:06:27,https://www.screener.in/company/VESUVIUS/,2122.0,500.0,3.7,1644.0,1664.0
SCODATUBES,880.0,147.0,22.7,16.5,14.4,65.2,7.0,19.0,,22.0,55.0,,6.32,6.83,False,13.52,14.09,187.0,140.0,0.48,-14.0,60.0,1.0,6.0,66.43,66.43,8.39,7.8,3.58,6.9,,2026-07-25T16:06:30,https://www.screener.in/company/SCODATUBES/,518.66,123.57,-0.1,330.0,390.0
KIOCL,21195.0,349.0,1279.0,1.38,0.96,28.6,4.0,-26.0,-24.0,108.0,29.0,-44.0,53.0,-37.0,True,14.0,-17.0,192.0,537.0,0.11,79.0,608.0,608.0,60.8,99.03,99.03,0.05,0.0,0.03,0.07,,2026-07-25T16:06:32,https://www.screener.in/company/KIOCL/,614.0,220.0,-10.6,1128.0,1736.0
JAGSNPHARM,1461.0,222.0,32.7,22.7,17.3,41.2,7.0,7.0,9.0,12.0,16.0,21.0,8.76,6.58,False,17.38,14.87,8.0,6.0,0.03,47.0,13.0,13.0,6.5,69.06,67.54,2.3,2.12,0.62,0.08,,2026-07-25T16:06:34,https://www.screener.in/company/JAGSNPHARM/,287.23,64.2,9.6,263.0,276.0
DDEVPLSTIK,2852.0,276.0,14.1,31.0,21.8,97.9,13.0,6.0,,9.0,25.0,,55.0,52.0,False,10.0,10.0,57.0,56.0,0.06,85.0,10.0,9.0,10.0,74.99,74.99,1.47,1.13,0.09,0.8,,2026-07-25T16:06:36,https://www.screener.in/company/DDEVPLSTIK/,2948.0,766.0,3.9,1003.0,1013.0
GUJTHEM,3928.0,360.0,84.2,17.9,17.4,26.4,10.0,4.0,13.0,-4.0,-7.0,9.0,11.0,12.0,False,44.0,42.0,162.0,0.0,0.56,49.0,11.0,7.0,11.0,70.87,70.87,1.76,2.95,1.17,1.17,,2026-07-25T16:06:38,https://www.screener.in/company/GUJTHEM/,165.0,44.0,15.8,277.0,288.0
BUTTERFLY,1362.0,762.0,32.6,16.8,12.0,208.0,9.0,-4.0,2.0,41.0,-7.0,3.0,11.0,9.0,False,9.0,9.0,8.0,5.0,0.02,88.0,18.0,18.0,1.8,75.0,75.0,0.01,0.04,0.43,0.43,,2026-07-25T16:06:40,https://www.screener.in/company/BUTTERFLY/,943.0,218.0,16.6,354.0,372.0
TASTYBITE,2309.0,8999.0,64.7,14.0,10.9,1333.0,-1.0,5.0,7.0,39.0,5.0,-2.0,6.01,6.19,False,9.49,8.17,42.0,134.0,0.12,59.0,3.0,3.0,0.3,74.23,74.23,3.73,3.68,0.0,0.46,,2026-07-25T16:06:42,https://www.screener.in/company/TASTYBITE/,548.67,117.7,-12.0,339.0,342.0
STEELCAS,3103.0,307.0,35.9,32.3,24.0,39.0,13.0,-4.0,22.0,20.0,7.0,49.0,23.0,27.0,False,26.0,31.0,0.0,24.0,0.0,86.0,10.0,10.0,10.0,45.0,45.0,0.29,0.19,2.55,1.11,,2026-07-25T16:06:44,https://www.screener.in/company/STEELCAS/,423.0,112.0,-6.7,385.0,395.0
KINGFA,7063.0,5212.0,38.1,23.2,17.4,1033.0,14.0,12.0,26.0,21.0,32.0,103.0,59.0,42.0,False,14.0,13.0,15.0,42.0,0.01,66.0,14.0,12.0,1.4,67.02,67.02,7.74,7.78,8.79,8.75,,2026-07-25T16:06:47,https://www.screener.in/company/KINGFA/,1995.0,578.0,23.0,1386.0,1400.0
AJAXENGG,6494.0,568.0,28.6,23.9,17.8,122.0,1.0,22.0,23.0,-13.0,19.0,19.0,95.0,91.0,False,15.0,15.0,2.0,12.0,0.0,377.0,11.0,11.0,11.0,80.0,80.0,4.67,6.51,11.17,9.42,,2026-07-25T16:06:49,https://www.screener.in/company/AJAXENGG/,2104.0,758.0,0.3,1381.0,1392.0
GOPAL,3220.0,258.0,72.3,12.1,10.1,38.4,3.0,3.0,6.0,-2.0,-27.0,16.0,30.0,-40.0,True,8.0,1.0,154.0,108.0,0.32,46.0,12.0,12.0,12.0,81.45,81.47,0.75,0.94,5.68,6.71,,2026-07-25T16:06:51,https://www.screener.in/company/GOPAL/,1509.0,410.0,29.3,466.0,478.0
ORISSAMINE,2248.0,3747.0,,9.64,,-91.1,46.0,38.0,,93.0,22.0,14.0,-7.61,-31.67,False,-32.21,-543.75,211.9,182.37,,34.97,0.6,0.6,0.6,50.01,50.01,0.51,0.53,10.93,10.95,,2026-07-25T16:06:53,https://www.screener.in/company/ORISSAMINE/,94.11,29.0,331.5,-55.24,-54.64
ORIENTELEC,3643.0,171.0,30.6,19.9,14.2,35.6,13.0,10.0,10.0,38.0,11.0,-3.0,31.0,18.0,False,7.0,6.0,93.0,97.0,0.12,110.0,21.0,21.0,21.0,38.3,38.3,3.28,6.34,32.49,29.3,,2026-07-25T16:06:55,https://www.screener.in/company/ORIENTELEC/,3507.0,950.0,23.5,739.0,760.0
VRLLOG,4253.0,243.0,17.6,18.3,21.7,65.3,2.0,7.0,13.0,40.0,-9.0,40.0,72.0,74.0,False,21.0,23.0,1154.0,720.0,1.01,654.0,175.0,88.0,17.5,60.24,60.24,2.68,3.99,24.92,24.28,,2026-07-25T16:06:57,https://www.screener.in/company/VRLLOG/,3221.0,853.0,5.4,968.0,1143.0
MANBA,694.0,138.0,15.3,12.5,11.6,81.6,31.0,35.0,26.0,20.0,44.0,29.0,11.0,8.0,False,19.0,18.0,,,,-378.0,50.0,13.0,5.0,74.98,74.98,0.92,0.88,0.0,0.0,,2026-07-25T16:06:59,https://www.screener.in/company/MANBA/,328.0,93.0,36.8,360.0,410.0
WONDERLA,2974.0,469.0,35.0,6.42,4.83,283.0,13.0,7.0,68.0,-20.0,-16.0,30.0,16.0,11.0,False,30.0,20.0,6.0,7.0,0.0,135.0,63.0,57.0,6.3,62.22,62.26,4.2,6.69,11.27,12.1,,2026-07-25T16:07:01,https://www.screener.in/company/WONDERLA/,519.0,136.0,40.2,1733.0,1796.0
CLSEL,1391.0,280.0,12.1,18.3,14.6,169.0,-4.0,1.0,11.0,12.0,-1.0,7.0,38.0,25.0,False,12.0,9.0,83.0,121.0,0.1,51.0,10.0,10.0,5.0,74.05,74.05,3.3,2.81,1.57,1.97,,2026-07-25T16:07:03,https://www.screener.in/company/CLSEL/,1439.0,428.0,16.3,828.0,838.0
AMBIKCO,978.0,1708.0,13.7,11.4,7.7,1667.0,11.0,-3.0,4.0,9.0,-14.0,1.0,25.0,16.0,False,17.0,17.0,0.0,0.0,0.0,228.0,6.0,6.0,0.6,50.35,50.35,0.47,0.42,1.71,1.63,,2026-07-25T16:07:06,https://www.screener.in/company/AMBIKCO/,781.0,215.0,58.1,949.0,955.0
SCPL,599.0,571.0,31.4,16.0,13.3,149.0,14.0,2.0,10.0,5.0,-4.0,45.0,8.17,4.74,False,11.47,21.96,50.0,86.0,0.32,34.0,10.0,10.0,1.0,70.08,65.59,0.02,0.0,0.1,0.57,,2026-07-25T16:07:08,https://www.screener.in/company/SCPL/,366.0,133.31,42.5,146.0,156.0
LAOPALA,2046.0,184.0,21.8,15.3,11.4,73.9,-7.0,-12.0,8.0,2.0,-8.0,14.0,16.0,26.0,False,36.0,35.0,9.0,13.0,0.01,68.0,22.0,22.0,11.0,66.28,65.84,0.47,0.83,18.6,19.92,,2026-07-25T16:07:10,https://www.screener.in/company/LAOPALA/,308.0,68.0,-11.7,798.0,820.0
