symbol,company,series,arm,last_close,market_cap_cr,median_turnover_cr,min_turnover_cr,median_trades,median_volume,band_pct,circuit_days,circuit_frac,sessions_seen,sessions_traded,listing_date,listing_age_days,in_index_universe,mcap_pending,last_date,as_of,built_at
MOTISONS,Motisons Jewellers Limited,EQ,price,17.68,2035.0,68.186,14.77,50744.0,38419101.0,20.0,0,0.0,25,25,2023-12-26,1016.0,False,False,2026-10-07,2026-10-07,2026-10-07 11:37
SBC,SBC Exports Limited,EQ,price,61.77,2547.0,48.541,21.952,10193.0,9919587.0,20.0,0,0.0,25,25,2021-11-23,1779.0,False,False,2026-10-07,2026-10-07,2026-10-07 11:37
BAJAJHIND,Bajaj Hindusthan Sugar Limited,EQ,price,21.05,4588.0,40.012,19.02,22623.0,19485794.0,20.0,0,0.0,25,25,1995-05-10,11473.0,True,False,2026-10-07,2026-10-07,2026-10-07 11:37
JTLIND,JTL INDUSTRIES LIMITED,EQ,price,88.2,3312.0,26.363,11.547,18249.0,2943629.0,20.0,0,0.0,25,25,2023-06-12,1213.0,False,False,2026-10-07,2026-10-07,2026-10-07 11:37
CONFIPET,Confidence Petroleum India Limited,EQ,price,91.75,2862.0,24.28,11.994,24018.0,2851230.0,20.0,0,0.0,25,25,2019-06-13,2673.0,False,False,2026-10-07,2026-10-07,2026-10-07 11:37
SUBEXLTD,Subex Limited,EQ,price,19.15,1096.0,20.435,2.978,20014.0,10266212.0,20.0,0,0.0,25,25,2020-11-05,2162.0,False,False,2026-10-07,2026-10-07,2026-10-07 11:37
MANALIPETC,Manali Petrochemicals Limited,EQ,price,90.48,1346.0,18.303,6.77,14013.0,2153198.0,20.0,0,0.0,25,25,2006-12-06,7245.0,False,False,2026-10-07,2026-10-07,2026-10-07 11:37
ONEPOINT,One Point One Solutions Limited,EQ,price,78.77,1954.0,15.876,1.593,12054.0,2560171.0,20.0,0,0.0,25,25,2019-05-09,2708.0,False,False,2026-10-07,2026-10-07,2026-10-07 11:37
ELECTCAST,Electrosteel Castings Limited,EQ,price,78.73,4608.0,13.225,5.462,15307.0,1762760.0,20.0,0,0.0,25,25,2003-06-20,8510.0,True,False,2026-10-07,2026-10-07,2026-10-07 11:37
ASIANTILES,Asian Granito India Limited,EQ,price,47.19,1416.0,12.529,1.423,6261.0,2493341.0,10.0,0,0.0,25,25,2007-08-23,6985.0,False,False,2026-10-07,2026-10-07,2026-10-07 11:37
DWARKESH,Dwarikesh Sugar Industries Limited,EQ,price+mcap,46.8,778.0,11.145,3.802,9152.0,2333510.0,20.0,0,0.0,25,25,2004-12-31,7950.0,False,False,2026-10-07,2026-10-07,2026-10-07 11:37
RTNPOWER,RattanIndia Power Limited,EQ,price,6.7,3619.0,10.016,4.639,13911.0,14384293.0,20.0,0,0.0,25,25,2009-10-30,6186.0,True,False,2026-10-07,2026-10-07,2026-10-07 11:37
SIGACHI,Sigachi Industries Limited,EQ,price,29.36,1083.0,9.691,4.579,10582.0,3127491.0,20.0,0,0.0,25,25,2021-11-15,1787.0,False,False,2026-10-07,2026-10-07,2026-10-07 11:37
INDOAMIN,Indo Amines Limited,EQ,mcap,157.97,998.0,9.087,2.99,9029.0,626536.0,20.0,0,0.0,7,7,2022-04-29,1622.0,False,False,2026-10-07,2026-10-07,2026-10-07 11:37
PARACABLES,Paramount Communications Limited,EQ,price,57.49,1845.0,8.856,4.112,7662.0,1407319.0,10.0,0,0.0,25,25,2007-01-03,7217.0,False,False,2026-10-07,2026-10-07,2026-10-07 11:37
NETWORK18,Network18 Media & Investments Limited,EQ,price,25.7,3921.0,8.805,4.139,7918.0,3195984.0,20.0,0,0.0,25,25,2007-02-02,7187.0,True,False,2026-10-07,2026-10-07,2026-10-07 11:37
GRMOVER,GRM Overseas Limited,EQ,price,81.19,1607.0,8.789,6.407,4874.0,1077928.0,20.0,0,0.0,25,25,2022-09-07,1491.0,False,False,2026-10-07,2026-10-07,2026-10-07 11:37
UTKARSHBNK,Utkarsh Small Finance Bank Limited,EQ,price,13.98,2408.0,8.641,3.169,6024.0,5856546.0,20.0,0,0.0,25,25,2023-07-21,1174.0,False,False,2026-10-07,2026-10-07,2026-10-07 11:37
EASEMYTRIP,Easy Trip Planners Limited,EQ,price,5.86,2295.0,7.133,2.839,7286.0,12319113.0,20.0,0,0.0,25,25,2021-03-19,2028.0,False,False,2026-10-07,2026-10-07,2026-10-07 11:37
STEELXIND,STEEL EXCHANGE INDIA LIMITED,EQ,price,10.9,1436.0,6.76,1.553,5654.0,5966946.0,20.0,0,0.0,25,25,2017-07-20,3366.0,False,False,2026-10-07,2026-10-07,2026-10-07 11:37
DCW,DCW Limited,EQ,price,46.6,1325.0,6.091,2.54,6031.0,1359355.0,20.0,0,0.0,25,25,1995-05-25,11458.0,False,False,2026-10-07,2026-10-07,2026-10-07 11:37
TEMBO,Tembo Global Industries Limited,EQ,price,56.42,1086.0,5.917,1.701,4377.0,1014268.0,20.0,0,0.0,25,25,2021-04-23,1993.0,False,False,2026-10-07,2026-10-07,2026-10-07 11:37
MOL,Meghmani Organics Limited,EQ,price,61.06,1410.0,5.58,2.123,6580.0,903722.0,20.0,0,0.0,25,25,2021-08-18,1876.0,False,False,2026-10-07,2026-10-07,2026-10-07 11:37
PATELENG,Patel Engineering Limited,EQ,price,25.74,2571.0,5.052,3.05,6933.0,1903899.0,20.0,0,0.0,25,25,2005-02-24,7895.0,False,False,2026-10-07,2026-10-07,2026-10-07 11:37
VIKRAN,Vikran Engineering Limited,EQ,price,57.85,1503.0,5.019,2.956,5162.0,860999.0,20.0,0,0.0,25,25,2025-09-03,399.0,False,False,2026-10-07,2026-10-07,2026-10-07 11:37
BCG,Brightcom Group Limited,EQ,price,9.08,1911.0,4.802,2.075,5213.0,4853153.0,20.0,0,0.0,25,25,2015-05-08,4170.0,False,False,2026-10-07,2026-10-07,2026-10-07 11:37
ANDHRAPAP,ANDHRA PAPER LIMITED,EQ,price,70.07,1475.0,4.721,1.339,6181.0,713908.0,20.0,0,0.0,25,25,2004-05-13,8182.0,False,False,2026-10-07,2026-10-07,2026-10-07 11:37
RAJOOENG,Rajoo Engineers Limited,EQ,price,62.37,1115.0,4.694,3.191,3228.0,838914.0,20.0,0,0.0,3,3,2025-05-29,496.0,False,False,2026-10-07,2026-10-07,2026-10-07 11:37
JISLJALEQS,Jain Irrigation Systems Limited,EQ,price,27.95,1953.0,4.689,3.168,6200.0,1648888.0,20.0,0,0.0,25,25,2001-08-13,9186.0,False,False,2026-10-07,2026-10-07,2026-10-07 11:37
JARO,Jaro Institute of Technology Management and Research Limited,EQ,mcap,414.4,915.0,4.57,3.305,2640.0,102854.0,20.0,0,0.0,25,25,2025-09-30,372.0,False,False,2026-10-07,2026-10-07,2026-10-07 11:37
CAMLINFINE,Camlin Fine Sciences Limited,EQ,price,94.52,1752.0,4.551,2.838,5207.0,453916.0,20.0,0,0.0,25,25,2015-01-20,4278.0,True,False,2026-10-07,2026-10-07,2026-10-07 11:37
HMAAGRO,HMA Agro Industries Limited,EQ,price,24.91,1178.0,4.543,0.656,4230.0,1986317.0,20.0,0,0.0,25,25,2023-07-04,1191.0,False,False,2026-10-07,2026-10-07,2026-10-07 11:37
JYOTISTRUC,Jyoti Structures Limited,EQ,price,9.03,1060.0,4.395,2.483,4452.0,4684974.0,20.0,0,0.0,25,25,1995-07-19,11403.0,False,False,2026-10-07,2026-10-07,2026-10-07 11:37
DCI,Dc Infotech And Communication Limited,EQ,mcap,342.1,497.0,4.329,1.135,4715.0,128476.0,20.0,0,0.0,25,25,2022-10-19,1449.0,False,False,2026-10-07,2026-10-07,2026-10-07 11:37
NITCO,Nitco Limited,EQ,price,82.75,2117.0,4.19,1.757,3059.0,449640.0,20.0,0,0.0,25,25,2006-03-21,7505.0,False,False,2026-10-07,2026-10-07,2026-10-07 11:37
MANOMAY,Manomay Tex India Limited,EQ,mcap,236.9,411.0,4.131,1.452,5213.0,174673.0,20.0,0,0.0,25,25,2023-01-18,1358.0,False,False,2026-10-07,2026-10-07,2026-10-07 11:37
SHIVALIK,Shivalik Rasayan Limited,EQ,mcap,365.05,657.0,3.825,1.786,5000.0,97952.0,20.0,1,0.048,21,21,2021-12-09,1763.0,False,False,2026-10-07,2026-10-07,2026-10-07 11:37
HITECH,Hi-Tech Pipes Limited,EQ,price,73.9,1452.0,3.72,1.511,4939.0,499235.0,20.0,0,0.0,25,25,2018-05-07,3075.0,False,False,2026-10-07,2026-10-07,2026-10-07 11:37
MAWANASUG,Mawana Sugars Limited,EQ,mcap,151.66,543.0,3.651,1.007,4387.0,253411.0,20.0,0,0.0,25,25,2009-03-20,6410.0,False,False,2026-10-07,2026-10-07,2026-10-07 11:37
KALAMANDIR,Sai Silks (Kalamandir) Limited,EQ,price,77.01,1135.0,3.643,1.303,4044.0,438726.0,20.0,0,0.0,25,25,2023-09-27,1106.0,False,False,2026-10-07,2026-10-07,2026-10-07 11:37
SEPC,SEPC Limited,EQ,price+mcap,5.03,975.0,3.558,1.8,4047.0,6615229.0,20.0,0,0.0,25,25,2008-02-20,6804.0,False,False,2026-10-07,2026-10-07,2026-10-07 11:37
IMAGICAA,Imagicaaworld Entertainment Limited,EQ,price,48.72,2962.0,3.52,1.439,3842.0,646922.0,20.0,0,0.0,25,25,2015-04-06,4202.0,False,False,2026-10-07,2026-10-07,2026-10-07 11:37
IRISDOREME,Iris Clothings Limited,EQ,price,59.26,1151.0,3.442,0.77,3868.0,537555.0,20.0,0,0.0,25,25,2021-02-22,2053.0,False,False,2026-10-07,2026-10-07,2026-10-07 11:37
KAMDHENU,Kamdhenu Limited,EQ,price,38.08,1076.0,3.381,1.933,5251.0,878460.5,20.0,0,0.0,12,12,2006-05-09,7456.0,False,False,2026-10-07,2026-10-07,2026-10-07 11:37
HIMATSEIDE,Himatsingka Seide Limited,EQ,price+mcap,63.22,810.0,3.371,1.221,4459.0,524957.0,20.0,0,0.0,25,25,1995-02-08,11564.0,False,False,2026-10-07,2026-10-07,2026-10-07 11:37
RTNINDIA,RattanIndia Enterprises Limited,EQ,price,25.78,3499.0,3.31,1.659,5732.0,1283688.0,20.0,0,0.0,25,25,2012-07-30,5182.0,False,False,2026-10-07,2026-10-07,2026-10-07 11:37
SDBL,Som Distilleries & Breweries Limited,EQ,price,73.08,1550.0,3.186,1.075,3827.0,474100.0,20.0,0,0.0,25,25,2014-03-18,4586.0,False,False,2026-10-07,2026-10-07,2026-10-07 11:37
NFL,National Fertilizers Limited,EQ,price,63.76,3136.0,3.177,2.02,3385.0,471098.0,20.0,0,0.0,25,25,2006-12-28,7223.0,True,False,2026-10-07,2026-10-07,2026-10-07 11:37
ANDHRSUGAR,The Andhra Sugars Limited,EQ,price,93.37,1234.0,3.05,1.528,6420.0,311807.0,20.0,0,0.0,25,25,1995-11-01,11298.0,True,False,2026-10-07,2026-10-07,2026-10-07 11:37
SOUTHWEST,South West Pinnacle Exploration Limited,EQ,mcap,193.95,609.0,3.001,0.98,3655.0,139283.0,20.0,0,0.0,25,25,2019-04-18,2729.0,False,False,2026-10-07,2026-10-07,2026-10-07 11:37
GATEWAY,Gateway Distriparks Limited,EQ,price,51.65,2615.0,2.944,1.48,3846.0,567102.0,20.0,0,0.0,25,25,2022-03-22,1660.0,False,False,2026-10-07,2026-10-07,2026-10-07 11:37
MSPL,MSP Steel & Power Limited,EQ,price,30.95,1914.0,2.885,0.823,3082.0,893166.0,10.0,0,0.0,25,25,2005-07-18,7751.0,False,False,2026-10-07,2026-10-07,2026-10-07 11:37
MANCREDIT,Mangal Credit and Fincorp Limited,EQ,mcap,240.56,462.0,2.876,0.155,1530.0,129481.0,20.0,0,0.0,25,25,2024-08-16,782.0,False,False,2026-10-07,2026-10-07,2026-10-07 11:37
WANBURY,Wanbury Limited,EQ,mcap,198.7,687.0,2.872,1.279,3235.0,119977.0,20.0,0,0.0,25,25,2007-01-29,7191.0,False,False,2026-10-07,2026-10-07,2026-10-07 11:37
SERVOTECH,Servotech Renewable Power System Limited,EQ,price,71.15,1563.0,2.746,1.733,4257.0,367678.0,20.0,0,0.0,25,25,2021-09-02,1861.0,False,False,2026-10-07,2026-10-07,2026-10-07 11:37
DMCC,DMCC SPECIALITY CHEMICALS LIMITED,EQ,mcap,356.05,761.0,2.733,0.721,3171.0,93524.0,20.0,0,0.0,25,25,2021-12-01,1771.0,False,False,2026-10-07,2026-10-07,2026-10-07 11:37
GLOBAL,Global Education Limited,EQ,mcap,144.79,680.0,2.729,0.829,2734.0,209802.0,20.0,0,0.0,25,25,2020-12-07,2130.0,False,False,2026-10-07,2026-10-07,2026-10-07 11:37
MCLOUD,Magellanic Cloud Limited,EQ,price,24.76,1426.0,2.718,1.547,3271.0,1096841.0,20.0,0,0.0,25,25,2025-02-07,607.0,False,False,2026-10-07,2026-10-07,2026-10-07 11:37
PNBGILTS,PNB Gilts Limited,EQ,price,71.52,1290.0,2.714,1.269,3183.0,343479.0,20.0,0,0.0,25,25,2000-09-18,9515.0,False,False,2026-10-07,2026-10-07,2026-10-07 11:37
SCODATUBES,Scoda Tubes Limited,EQ,mcap,122.88,817.0,2.691,1.02,2447.0,204606.0,20.0,0,0.0,25,25,2025-06-04,490.0,False,False,2026-10-07,2026-10-07,2026-10-07 11:37
ARIHANTCAP,Arihant Capital Markets Limited,EQ,price+mcap,97.38,964.0,2.646,0.596,2634.0,296536.0,20.0,0,0.0,25,25,2021-06-15,1940.0,False,False,2026-10-07,2026-10-07,2026-10-07 11:37
DBOL,Dhampur Bio Organics Limited,EQ,mcap,140.25,807.0,2.627,0.75,3708.0,210180.0,20.0,0,0.0,25,25,2022-09-08,1490.0,False,False,2026-10-07,2026-10-07,2026-10-07 11:37
PREMIERPOL,Premier Polyfilm Limited,EQ,mcap,101.23,950.0,2.533,0.759,4183.0,300461.0,20.0,0,0.0,25,25,1995-12-13,11256.0,False,False,2026-10-07,2026-10-07,2026-10-07 11:37
BLKASHYAP,B. L. Kashyap and Sons Limited,EQ,price,53.94,1126.0,2.466,0.859,3073.0,468020.0,20.0,0,0.0,25,25,2006-03-17,7509.0,False,False,2026-10-07,2026-10-07,2026-10-07 11:37
JAICORPLTD,Jai Corp Limited,EQ,price,90.9,1587.0,2.459,1.399,3951.0,254150.0,20.0,0,0.0,25,25,1997-11-26,10542.0,False,False,2026-10-07,2026-10-07,2026-10-07 11:37
SPIC,Southern Petrochemicals Industries Corporation  Limited,EQ,price,63.06,1272.0,2.376,0.897,3043.0,356978.0,20.0,0,0.0,25,25,1996-01-10,11228.0,False,False,2026-10-07,2026-10-07,2026-10-07 11:37
SURAJEST,Suraj Estate Developers Limited,EQ,mcap,208.26,956.0,2.327,0.76,1779.0,129331.0,20.0,0,0.0,25,25,2023-12-26,1016.0,False,False,2026-10-07,2026-10-07,2026-10-07 11:37
DENTA,Denta Water and Infra Solutions Limited,EQ,mcap,263.7,696.0,2.223,0.922,2549.0,79945.0,20.0,0,0.0,25,25,2025-01-29,616.0,False,False,2026-10-07,2026-10-07,2026-10-07 11:37
20MICRONS,20 Microns Limited,EQ,mcap,204.56,719.0,2.198,0.87,3299.0,101345.0,20.0,0,0.0,25,25,2008-10-06,6575.0,False,False,2026-10-07,2026-10-07,2026-10-07 11:37
NAVKARCORP,Navkar Corporation Limited,EQ,price,85.88,1333.0,2.135,1.001,2676.0,224450.0,20.0,0,0.0,25,25,2015-09-09,4046.0,False,False,2026-10-07,2026-10-07,2026-10-07 11:37
AVTNPL,AVT Natural Products Limited,EQ,price,88.75,1338.0,2.135,0.465,3199.0,232448.0,20.0,0,0.0,25,25,2007-01-10,7210.0,False,False,2026-10-07,2026-10-07,2026-10-07 11:37
PROSTARM,Prostarm Info Systems Limited,EQ,mcap,131.36,829.0,2.124,0.856,2816.0,162723.0,20.0,0,0.0,25,25,2025-06-03,491.0,False,False,2026-10-07,2026-10-07,2026-10-07 11:37
REGAAL,Regaal Resources Limited,EQ,price+mcap,85.49,882.0,2.076,0.832,2348.0,233388.0,20.0,0,0.0,25,25,2025-08-20,413.0,False,False,2026-10-07,2026-10-07,2026-10-07 11:37
ROTO,Roto Pumps Limited,EQ,price,62.35,1191.0,2.054,1.064,3232.0,325196.0,20.0,0,0.0,25,25,2022-04-21,1630.0,False,False,2026-10-07,2026-10-07,2026-10-07 11:37
SHRIRAMPPS,Shriram Properties Limited,EQ,price,68.05,1152.0,2.042,0.975,2834.0,285463.0,20.0,0,0.0,25,25,2021-12-20,1752.0,False,False,2026-10-07,2026-10-07,2026-10-07 11:37
GANESHCP,Ganesh Consumer Products Limited,EQ,mcap,158.87,604.0,2.037,0.988,2395.0,120311.0,20.0,0,0.0,25,25,2025-09-29,373.0,False,False,2026-10-07,2026-10-07,2026-10-07 11:37
SINDHUTRAD,Sindhu Trade Links Limited,EQ,price,21.68,3426.0,1.997,0.35,1254.0,832166.0,20.0,0,0.0,25,25,2023-06-20,1205.0,False,False,2026-10-07,2026-10-07,2026-10-07 11:37
KELLTONTEC,Kellton Tech Solutions Limited,EQ,price+mcap,12.15,658.0,1.986,1.175,3607.0,1591415.0,20.0,0,0.0,25,25,2016-03-02,3871.0,False,False,2026-10-07,2026-10-07,2026-10-07 11:37
COFFEEDAY,Coffee Day Enterprises Limited,EQ,price+mcap,30.63,636.0,1.947,0.942,2238.0,619170.0,10.0,1,0.048,21,21,2015-11-02,3992.0,False,False,2026-10-07,2026-10-07,2026-10-07 11:37
RITCO,Ritco Logistics Limited,EQ,mcap,284.05,792.0,1.947,0.941,1686.0,67260.0,20.0,0,0.0,25,25,2022-04-12,1639.0,False,False,2026-10-07,2026-10-07,2026-10-07 11:37
DIGITIDE,Digitide Solutions Limited,EQ,price,75.7,1079.0,1.919,0.866,2499.0,220676.0,20.0,0,0.0,25,25,2025-06-11,483.0,False,False,2026-10-07,2026-10-07,2026-10-07 11:37
SALZERELEC,Salzer Electronics Limited,EQ,mcap,521.0,955.0,1.894,0.996,2104.0,35112.0,20.0,0,0.0,25,25,2015-12-02,3962.0,False,False,2026-10-07,2026-10-07,2026-10-07 11:37
PDMJEPAPER,Pudumjee Paper Products Limited,EQ,price+mcap,96.36,911.0,1.886,0.676,3298.0,190713.0,20.0,0,0.0,25,25,2016-03-30,3843.0,False,False,2026-10-07,2026-10-07,2026-10-07 11:37
MWL,Mangalam Worldwide Limited,EQ,price,42.04,1281.0,1.885,0.922,2695.0,450623.0,20.0,0,0.0,25,25,2025-09-18,384.0,False,False,2026-10-07,2026-10-07,2026-10-07 11:37
GEOJITFSL,Geojit Financial Services Limited,EQ,price,77.98,2120.0,1.882,1.299,2794.0,235168.0,20.0,0,0.0,25,25,2005-07-01,7768.0,False,False,2026-10-07,2026-10-07,2026-10-07 11:37
MASTERTR,Master Trust Limited,EQ,price+mcap,82.94,991.0,1.872,1.0,1581.0,231560.0,20.0,0,0.0,25,25,2024-11-12,694.0,False,False,2026-10-07,2026-10-07,2026-10-07 11:37
KAMATHOTEL,Kamat Hotels (I) Limited,EQ,mcap,262.89,693.0,1.789,0.632,2471.0,79870.0,20.0,0,0.0,25,25,1996-05-29,11088.0,False,False,2026-10-07,2026-10-07,2026-10-07 11:37
GREENPOWER,Orient Green Power Company Limited,EQ,price,8.65,1019.0,1.734,0.904,3833.0,1873150.0,20.0,0,0.0,25,25,2010-10-08,5843.0,False,False,2026-10-07,2026-10-07,2026-10-07 11:37
UNIECOM,Unicommerce Esolutions Limited,EQ,price+mcap,82.61,928.0,1.689,1.017,2634.0,204430.0,20.0,0,0.0,25,25,2024-08-13,785.0,False,False,2026-10-07,2026-10-07,2026-10-07 11:37
LAXMIINDIA,Laxmi India Finance Limited,EQ,mcap,110.81,624.0,1.686,0.612,2446.0,137828.0,20.0,0,0.0,25,25,2025-08-05,428.0,False,False,2026-10-07,2026-10-07,2026-10-07 11:37
PROZONER,Prozone Realty Limited,EQ,price+mcap,54.06,802.0,1.634,0.504,2320.0,332568.0,20.0,0,0.0,25,25,2012-09-12,5138.0,False,False,2026-10-07,2026-10-07,2026-10-07 11:37
PASUPTAC,Pasupati Acrylon Limited,EQ,price+mcap,70.5,623.0,1.609,0.545,2916.0,220293.0,20.0,0,0.0,16,16,2021-10-12,1821.0,False,False,2026-10-07,2026-10-07,2026-10-07 11:37
MTNL,Mahanagar Telephone Nigam Limited,EQ,price,23.55,1553.0,1.59,0.86,2977.0,691310.0,20.0,0,0.0,25,25,1999-02-17,10094.0,False,False,2026-10-07,2026-10-07,2026-10-07 11:37
ZIMLAB,Zim Laboratories Limited,EQ,mcap,146.61,747.0,1.577,0.575,1852.0,118261.0,20.0,0,0.0,25,25,2022-11-25,1412.0,False,False,2026-10-07,2026-10-07,2026-10-07 11:37
FISCHER,Fischer Medical Ventures Limited,EQ,price,32.63,2347.0,1.577,0.562,1887.0,447981.0,20.0,0,0.0,25,25,2025-07-10,454.0,False,False,2026-10-07,2026-10-07,2026-10-07 11:37
WCIL,Western Carriers (India) Limited,EQ,price+mcap,92.54,953.0,1.573,0.218,1786.0,165294.0,20.0,0,0.0,25,25,2024-09-24,743.0,False,False,2026-10-07,2026-10-07,2026-10-07 11:37
ZUARIIND,ZUARI INDUSTRIES LIMITED,EQ,mcap,281.45,830.0,1.572,0.688,2103.0,56493.0,20.0,0,0.0,25,25,1995-04-12,11501.0,False,False,2026-10-07,2026-10-07,2026-10-07 11:37
VETO,Veto Switchgears And Cables Limited,EQ,mcap,138.49,263.0,1.52,0.593,2654.0,105589.5,20.0,0,0.0,12,12,2015-04-29,4179.0,False,False,2026-10-07,2026-10-07,2026-10-07 11:37
MAGADSUGAR,Magadh Sugar & Energy Limited,EQ,mcap,562.3,766.0,1.517,0.472,2007.0,26333.0,20.0,0,0.0,25,25,2017-07-28,3358.0,False,False,2026-10-07,2026-10-07,2026-10-07 11:37
ZUARI,Zuari Agro Chemicals Limited,EQ,mcap,216.19,927.0,1.485,0.737,2122.0,67478.0,20.0,0,0.0,25,25,2012-11-27,5062.0,False,False,2026-10-07,2026-10-07,2026-10-07 11:37
BCLIND,Bcl Industries Limited,EQ,price+mcap,31.55,924.0,1.484,0.72,3015.0,428082.0,20.0,0,0.0,25,25,2021-03-04,2043.0,False,False,2026-10-07,2026-10-07,2026-10-07 11:37
NILASPACES,Nila Spaces Limited,EQ,price+mcap,11.35,434.0,1.479,0.432,2322.0,1212332.0,20.0,0,0.0,25,25,2018-12-28,2840.0,False,False,2026-10-07,2026-10-07,2026-10-07 11:37
CEWATER,Concord Enviro Systems Limited,EQ,mcap,260.95,545.0,1.473,0.481,2503.0,54231.0,20.0,0,0.0,25,25,2024-12-27,649.0,False,False,2026-10-07,2026-10-07,2026-10-07 11:37
IITL,Industrial Investment Trust Limited,EQ,mcap,130.75,288.0,1.45,1.215,984.0,100778.0,20.0,0,0.0,25,25,2010-08-17,5895.0,False,False,2026-10-07,2026-10-07,2026-10-07 11:37
HATHWAY,Hathway Cable & Datacom Limited,EQ,price,9.64,1646.0,1.426,0.867,2217.0,1410954.0,20.0,0,0.0,25,25,2010-02-25,6068.0,False,False,2026-10-07,2026-10-07,2026-10-07 11:37
SUYOG,Suyog Telematics Limited,EQ,mcap,672.85,760.0,1.416,0.377,1190.0,19234.0,20.0,0,0.0,25,25,2024-08-20,778.0,False,False,2026-10-07,2026-10-07,2026-10-07 11:37
AGARIND,Agarwal Industrial Corporation Limited,EQ,mcap,388.9,597.0,1.409,0.492,2118.0,35549.0,20.0,0,0.0,25,25,2014-05-26,4517.0,False,False,2026-10-07,2026-10-07,2026-10-07 11:37
NIITLTD,NIIT Limited,EQ,price,84.99,1193.0,1.408,0.774,2453.0,158264.0,20.0,0,0.0,25,25,2004-08-16,8087.0,False,False,2026-10-07,2026-10-07,2026-10-07 11:37
PONNIERODE,Ponni Sugars (Erode) Limited,EQ,mcap,365.4,342.0,1.401,0.333,1884.0,35699.0,20.0,0,0.0,25,25,2002-04-16,8940.0,False,False,2026-10-07,2026-10-07,2026-10-07 11:37
KECL,Kirloskar Electric Company Limited,EQ,mcap,129.04,905.0,1.4,0.696,2402.0,110483.0,10.0,0,0.0,25,25,2010-03-09,6056.0,False,False,2026-10-07,2026-10-07,2026-10-07 11:37
PFS,PTC India Financial Services Limited,EQ,price,27.12,1834.0,1.371,0.608,3343.0,503737.0,20.0,0,0.0,25,25,2011-03-30,5670.0,False,False,2026-10-07,2026-10-07,2026-10-07 11:37
CONTROLPR,Control Print Limited,EQ,mcap,619.95,950.0,1.353,0.393,1355.0,22760.0,20.0,0,0.0,25,25,2016-06-24,3757.0,False,False,2026-10-07,2026-10-07,2026-10-07 11:37
QUICKHEAL,Quick Heal Technologies Limited,EQ,mcap,140.97,800.0,1.328,0.864,2330.0,90015.0,20.0,0,0.0,21,21,2016-02-18,3884.0,False,False,2026-10-07,2026-10-07,2026-10-07 11:37
UGROCAP,Ugro Capital Limited,EQ,price,81.28,1282.0,1.321,0.6,1992.0,156479.0,20.0,0,0.0,25,25,2021-08-11,1883.0,False,False,2026-10-07,2026-10-07,2026-10-07 11:37
DHARMAJ,Dharmaj Crop Guard Limited,EQ,mcap,267.35,988.0,1.315,0.534,1804.0,48933.0,20.0,0,0.0,25,25,2022-12-08,1399.0,False,False,2026-10-07,2026-10-07,2026-10-07 11:37
PATELRMART,Patel Retail Limited,EQ,mcap,227.86,682.0,1.286,0.284,1425.0,61869.0,20.0,0,0.0,25,25,2025-08-26,407.0,False,False,2026-10-07,2026-10-07,2026-10-07 11:37
RADIANTCMS,Radiant Cash Management Services Limited,EQ,price+mcap,34.52,382.0,1.273,0.222,2164.0,359805.0,20.0,0,0.0,25,25,2023-01-04,1372.0,False,False,2026-10-07,2026-10-07,2026-10-07 11:37
AMBIKCO,Ambika Cotton Mills Limited,EQ,mcap,1504.9,886.0,1.262,0.387,949.0,7854.0,20.0,0,0.0,25,25,2008-01-29,6826.0,False,False,2026-10-07,2026-10-07,2026-10-07 11:37
INDOFARM,Indo Farm Equipment Limited,EQ,mcap,139.92,667.0,1.237,0.76,1863.0,89452.0,20.0,0,0.0,25,25,2025-01-07,638.0,False,False,2026-10-07,2026-10-07,2026-10-07 11:37
AUTOIND,Autoline Industries Limited,EQ,price+mcap,83.38,372.0,1.233,0.56,2060.0,142696.0,20.0,0,0.0,25,25,2007-01-31,7189.0,False,False,2026-10-07,2026-10-07,2026-10-07 11:37
MANBA,Manba Finance Limited,EQ,mcap,141.74,702.0,1.207,0.349,748.0,86634.0,20.0,0,0.0,25,25,2024-09-30,737.0,False,False,2026-10-07,2026-10-07,2026-10-07 11:37
OMAXAUTO,Omax Autos Limited,EQ,mcap,206.85,430.0,1.204,0.341,1357.0,67161.0,10.0,1,0.04,25,25,2003-02-20,8630.0,False,False,2026-10-07,2026-10-07,2026-10-07 11:37
GENCON,Generic Engineering Construction and Projects Limited,EQ,price+mcap,37.04,230.0,1.196,0.922,1002.0,294853.0,20.0,0,0.0,25,25,2021-02-16,2059.0,False,False,2026-10-07,2026-10-07,2026-10-07 11:37
EMKAY,Emkay Global Financial Services Limited,EQ,mcap,287.3,754.0,1.185,0.153,1140.0,41969.0,20.0,0,0.0,25,25,2006-04-28,7467.0,False,False,2026-10-07,2026-10-07,2026-10-07 11:37
ORIENTBELL,Orient Bell Limited,EQ,mcap,432.55,580.0,1.18,0.239,1642.0,29237.0,20.0,0,0.0,25,25,2007-02-14,7175.0,False,False,2026-10-07,2026-10-07,2026-10-07 11:37
PASHUPATI,Pashupati Cotspin Limited,EQ,price,69.6,1249.0,1.171,0.073,2605.0,142256.0,20.0,1,0.04,25,25,2025-07-17,447.0,False,False,2026-10-07,2026-10-07,2026-10-07 11:37
DHANBANK,Dhanlaxmi Bank Limited,EQ,price,32.83,1077.0,1.145,0.666,1965.0,385760.0,20.0,0,0.0,25,25,2004-04-01,8224.0,False,False,2026-10-07,2026-10-07,2026-10-07 11:37
ELECTHERM,Electrotherm (India) Limited,EQ,mcap,722.95,948.0,1.103,0.536,674.0,11981.0,10.0,0,0.0,25,25,2007-08-20,6988.0,False,False,2026-10-07,2026-10-07,2026-10-07 11:37
LIKHITHA,Likhitha Infrastructure Limited,EQ,mcap,234.14,897.0,1.089,0.517,1190.0,52878.0,20.0,0,0.0,25,25,2020-10-15,2183.0,False,False,2026-10-07,2026-10-07,2026-10-07 11:37
ELIN,Elin Electronics Limited,EQ,price+mcap,77.07,438.0,1.089,0.495,1790.0,120244.0,20.0,0,0.0,25,25,2022-12-30,1377.0,False,False,2026-10-07,2026-10-07,2026-10-07 11:37
TVSELECT,TVS Electronics Limited,EQ,mcap,397.0,718.0,1.068,0.588,1438.0,26743.0,20.0,0,0.0,25,25,2003-12-26,8321.0,False,False,2026-10-07,2026-10-07,2026-10-07 11:37
ADSL,Allied Digital Services Limited,EQ,mcap,102.04,654.0,1.068,0.548,2303.0,110089.0,20.0,1,0.04,25,25,2007-07-25,7014.0,False,False,2026-10-07,2026-10-07,2026-10-07 11:37
GEMAROMA,Gem Aromatics Limited,EQ,mcap,153.2,822.0,1.051,0.447,1473.0,69256.0,20.0,0,0.0,25,25,2025-08-26,407.0,False,False,2026-10-07,2026-10-07,2026-10-07 11:37
STANLEY,Stanley Lifestyles Limited,EQ,mcap,135.0,823.0,1.037,0.438,1382.0,76185.0,20.0,0,0.0,25,25,2024-06-28,831.0,False,False,2026-10-07,2026-10-07,2026-10-07 11:37
GICHSGFIN,GIC Housing Finance Limited,EQ,mcap,132.83,738.0,1.024,0.506,1114.0,76031.0,20.0,0,0.0,25,25,1996-05-08,11109.0,False,False,2026-10-07,2026-10-07,2026-10-07 11:37
MEIL,Mangal Electrical Industries Limited,EQ,mcap,274.4,743.0,1.024,0.498,1243.0,37480.0,20.0,0,0.0,25,25,2025-08-28,405.0,False,False,2026-10-07,2026-10-07,2026-10-07 11:37
ANUHPHR,Anuh Pharma Limited,EQ,price+mcap,85.51,902.0,0.999,0.456,2368.0,106661.0,20.0,0,0.0,25,25,2024-12-20,656.0,False,False,2026-10-07,2026-10-07,2026-10-07 11:37
SHANKARA,Shankara Building Products Limited,EQ,mcap,119.98,323.0,0.999,0.303,813.0,75913.0,20.0,0,0.0,25,25,2017-04-05,3472.0,False,False,2026-10-07,2026-10-07,2026-10-07 11:37
VASCONEQ,Vascon Engineers Limited,EQ,price+mcap,32.33,753.0,0.987,0.432,1585.0,320857.0,20.0,0,0.0,25,25,2010-02-15,6078.0,False,False,2026-10-07,2026-10-07,2026-10-07 11:37
BESTAGRO,Best Agrolife Limited,EQ,price+mcap,17.59,633.0,0.987,0.513,1855.0,555610.0,10.0,1,0.04,25,25,2024-04-10,910.0,False,False,2026-10-07,2026-10-07,2026-10-07 11:37
MAXIND,Max India Limited,EQ,mcap,162.27,837.0,0.98,0.25,1229.0,64212.0,20.0,0,0.0,25,25,2020-08-28,2231.0,False,False,2026-10-07,2026-10-07,2026-10-07 11:37
BALAJITELE,Balaji Telefilms Limited,EQ,price,89.18,1088.0,0.958,0.445,1697.0,100725.0,20.0,0,0.0,25,25,2000-11-22,9450.0,False,False,2026-10-07,2026-10-07,2026-10-07 11:37
JAGRAN,Jagran Prakashan Limited,EQ,price,62.05,1333.0,0.94,0.442,1679.0,151788.0,20.0,0,0.0,25,25,2006-02-22,7532.0,False,False,2026-10-07,2026-10-07,2026-10-07 11:37
TEXMOPIPES,Texmo Pipes and Products Limited,EQ,price+mcap,52.58,168.0,0.932,0.068,2568.0,175736.0,20.0,0,0.0,25,25,2010-03-10,6055.0,False,False,2026-10-07,2026-10-07,2026-10-07 11:37
INNOVANA,Innovana Thinklabs Limited,EQ,mcap,289.9,615.0,0.918,0.018,605.0,29412.0,20.0,0,0.0,25,25,2024-12-17,659.0,False,False,2026-10-07,2026-10-07,2026-10-07 11:37
CHEMCON,Chemcon Speciality Chemicals Limited,EQ,mcap,220.59,803.0,0.914,0.604,1207.0,42417.0,20.0,0,0.0,7,7,2020-10-01,2197.0,False,False,2026-10-07,2026-10-07,2026-10-07 11:37
MGEL,Mangalam Global Enterprise Limited,EQ,price+mcap,15.71,528.0,0.912,0.103,900.0,578303.0,20.0,0,0.0,21,21,2020-12-23,2114.0,False,False,2026-10-07,2026-10-07,2026-10-07 11:37
SWELECTES,Swelect Energy Systems Limited,EQ,mcap,608.8,887.0,0.911,0.24,1336.0,15634.0,20.0,0,0.0,25,25,2006-05-09,7456.0,False,False,2026-10-07,2026-10-07,2026-10-07 11:37
FABTECH,Fabtech Technologies Limited,EQ,mcap,143.03,623.0,0.901,0.413,821.0,61853.0,20.0,0,0.0,25,25,2025-10-07,365.0,False,False,2026-10-07,2026-10-07,2026-10-07 11:37
DCMSRIND,DCM Shriram Industries Limited,EQ,price+mcap,39.81,328.0,0.864,0.24,1817.0,225676.0,20.0,0,0.0,25,25,2021-12-24,1748.0,False,False,2026-10-07,2026-10-07,2026-10-07 11:37
ZEEMEDIA,Zee Media Corporation Limited,EQ,price+mcap,7.21,476.0,0.862,0.401,1536.0,1117559.0,10.0,0,0.0,25,25,2007-01-10,7210.0,False,False,2026-10-07,2026-10-07,2026-10-07 11:37
TPLPLASTEH,TPL Plastech Limited,EQ,price+mcap,68.6,542.0,0.848,0.587,1143.0,118232.0,20.0,0,0.0,25,25,2015-05-20,4158.0,False,False,2026-10-07,2026-10-07,2026-10-07 11:37
DECCANCE,Deccan Cements Limited,EQ,mcap,545.25,758.0,0.828,0.157,589.0,15070.0,20.0,0,0.0,25,25,2007-08-02,7006.0,False,False,2026-10-07,2026-10-07,2026-10-07 11:37
UNIDT,United Drilling Tools Limited,EQ,mcap,227.34,487.0,0.823,0.264,1255.0,36003.5,20.0,0,0.0,16,16,2020-09-25,2203.0,False,False,2026-10-07,2026-10-07,2026-10-07 11:37
KUANTUM,Kuantum Papers Limited,EQ,price+mcap,76.72,652.0,0.817,0.375,1617.0,114225.0,20.0,0,0.0,25,25,2019-10-23,2541.0,False,False,2026-10-07,2026-10-07,2026-10-07 11:37
SCILAL,Shipping Corporation of India Land and Assets Limited,EQ,price,37.85,1707.0,0.795,0.434,1673.0,207970.0,20.0,0,0.0,25,25,2024-03-19,932.0,False,False,2026-10-07,2026-10-07,2026-10-07 11:37
ONWARDTEC,Onward Technologies Limited,EQ,mcap,297.4,643.0,0.779,0.208,845.0,26976.0,20.0,0,0.0,25,25,2001-03-07,9345.0,False,False,2026-10-07,2026-10-07,2026-10-07 11:37
DOLATALGO,Dolat Algotech Limited,EQ,price,61.68,1158.0,0.774,0.402,1141.0,120296.0,20.0,0,0.0,25,25,2024-01-12,999.0,False,False,2026-10-07,2026-10-07,2026-10-07 11:37
CSLFINANCE,CSL Finance Limited,EQ,mcap,206.94,481.0,0.765,0.122,982.0,35051.0,20.0,0,0.0,25,25,2022-07-21,1539.0,False,False,2026-10-07,2026-10-07,2026-10-07 11:37
BORANA,Borana Weaves Limited,EQ,mcap,270.7,791.0,0.748,0.253,600.0,24916.0,20.0,0,0.0,25,25,2025-05-27,498.0,False,False,2026-10-07,2026-10-07,2026-10-07 11:37
DJML,DJ Mediaprint & Logistics Limited,EQ,price+mcap,72.62,273.0,0.742,0.149,1264.0,96040.0,10.0,0,0.0,25,25,2022-12-05,1402.0,False,False,2026-10-07,2026-10-07,2026-10-07 11:37
KSOLVES,Ksolves India Limited,EQ,mcap,246.44,591.0,0.736,0.432,1676.0,29074.0,20.0,0,0.0,25,25,2022-09-23,1475.0,False,False,2026-10-07,2026-10-07,2026-10-07 11:37
SATIA,Satia Industries Limited,EQ,price+mcap,69.0,687.0,0.716,0.207,1337.0,106260.0,20.0,0,0.0,25,25,2019-07-17,2639.0,False,False,2026-10-07,2026-10-07,2026-10-07 11:37
DEN,Den Networks Limited,EQ,price,26.1,1201.0,0.715,0.192,1239.0,269872.0,20.0,0,0.0,25,25,2009-11-24,6161.0,False,False,2026-10-07,2026-10-07,2026-10-07 11:37
PAKKA,PAKKA LIMITED,EQ,price+mcap,72.37,348.0,0.711,0.277,1901.0,93909.0,20.0,0,0.0,25,25,2023-07-11,1184.0,False,False,2026-10-07,2026-10-07,2026-10-07 11:37
IGCL,Indogulf Cropsciences Limited,EQ,price+mcap,57.75,342.0,0.681,0.346,1943.0,105778.0,20.0,0,0.0,25,25,2025-07-03,461.0,False,False,2026-10-07,2026-10-07,2026-10-07 11:37
KOTHARIPET,Kothari Petrochemicals Limited,EQ,mcap,126.56,788.0,0.673,0.268,1191.0,49825.0,20.0,0,0.0,25,25,1996-11-02,10931.0,False,False,2026-10-07,2026-10-07,2026-10-07 11:37
TERASOFT,Tera Software Limited,EQ,mcap,226.04,267.0,0.673,0.335,1273.0,26937.0,20.0,0,0.0,25,25,2016-12-29,3569.0,False,False,2026-10-07,2026-10-07,2026-10-07 11:37
GOKUL,Gokul Refoils and Solvent Limited,EQ,price+mcap,38.97,383.0,0.667,0.538,801.0,163693.0,20.0,0,0.0,25,25,2008-06-04,6699.0,False,False,2026-10-07,2026-10-07,2026-10-07 11:37
MAANALU,Maan Aluminium Limited,EQ,mcap,103.99,616.0,0.64,0.253,1281.0,63465.0,20.0,0,0.0,25,25,2007-10-22,6925.0,False,False,2026-10-07,2026-10-07,2026-10-07 11:37
PYRAMID,Pyramid Technoplast Limited,EQ,mcap,151.27,580.0,0.639,0.259,917.0,41198.0,20.0,0,0.0,25,25,2023-08-29,1135.0,False,False,2026-10-07,2026-10-07,2026-10-07 11:37
HARDWYN,Hardwyn India Limited,EQ,price+mcap,9.17,633.0,0.633,0.204,814.0,693563.0,20.0,0,0.0,25,25,2022-04-12,1639.0,False,False,2026-10-07,2026-10-07,2026-10-07 11:37
KHAICHEM,Khaitan Chemicals & Fertilizers Limited,EQ,price+mcap,48.82,474.0,0.632,0.335,1390.0,125316.0,20.0,0,0.0,25,25,2020-10-30,2168.0,False,False,2026-10-07,2026-10-07,2026-10-07 11:37
UNITEDPOLY,United Polyfab Gujarat Limited,EQ,price,48.1,1067.0,0.628,0.092,789.0,144169.0,20.0,0,0.0,25,25,2021-12-31,1741.0,False,False,2026-10-07,2026-10-07,2026-10-07 11:37
STERTOOLS,Sterling Tools Limited,EQ,mcap,218.79,820.0,0.606,0.28,806.0,27442.0,20.0,0,0.0,7,7,2006-02-02,7552.0,False,False,2026-10-07,2026-10-07,2026-10-07 11:37
PRITIKAUTO,Pritika Auto Industries Limited,EQ,price+mcap,16.18,315.0,0.605,0.188,1502.0,373086.0,20.0,0,0.0,7,7,2021-08-10,1884.0,False,False,2026-10-07,2026-10-07,2026-10-07 11:37
APTECHT,Aptech Limited,EQ,price+mcap,86.87,533.0,0.59,0.39,1272.0,64836.5,20.0,0,0.0,12,12,2002-09-27,8776.0,False,False,2026-10-07,2026-10-07,2026-10-07 11:37
HERANBA,Heranba Industries Limited,EQ,mcap,169.27,715.0,0.59,0.239,1234.0,34394.0,20.0,0,0.0,25,25,2021-03-05,2042.0,False,False,2026-10-07,2026-10-07,2026-10-07 11:37
KRYSTAL,Krystal Integrated Services Limited,EQ,mcap,644.45,866.0,0.581,0.21,659.0,9449.0,20.0,0,0.0,25,25,2024-03-21,930.0,False,False,2026-10-07,2026-10-07,2026-10-07 11:37
NCLIND,NCL Industries Limited,EQ,mcap,163.93,793.0,0.581,0.204,1016.0,32644.0,20.0,0,0.0,25,25,2007-04-03,7127.0,False,False,2026-10-07,2026-10-07,2026-10-07 11:37
TRACXN,Tracxn Technologies Limited,EQ,price+mcap,33.89,347.0,0.575,0.228,1429.0,191760.0,20.0,0,0.0,25,25,2022-10-20,1448.0,False,False,2026-10-07,2026-10-07,2026-10-07 11:37
SHREDIGCEM,Shree Digvijay Cement Co.Ltd,EQ,price+mcap,64.55,979.0,0.565,0.201,1264.0,85455.0,20.0,0,0.0,25,25,2020-01-28,2444.0,False,False,2026-10-07,2026-10-07,2026-10-07 11:37
NARMADA,Narmada Agrobase Limited,EQ,price+mcap,11.35,94.0,0.549,0.114,821.0,420123.0,20.0,0,0.0,25,25,2022-10-27,1441.0,False,False,2026-10-07,2026-10-07,2026-10-07 11:37
VAKRANGEE,Vakrangee Limited,EQ,price+mcap,5.19,570.0,0.549,0.299,1751.0,1038339.0,20.0,0,0.0,25,25,2006-04-03,7492.0,False,False,2026-10-07,2026-10-07,2026-10-07 11:37
BRIGHOTEL,Brigade Hotel Ventures Limited,EQ,price,56.87,2163.0,0.543,0.164,1874.0,95219.0,20.0,0,0.0,25,25,2025-07-31,433.0,False,False,2026-10-07,2026-10-07,2026-10-07 11:37
PLASTIBLEN,Plastiblends India Limited,EQ,mcap,205.09,529.0,0.538,0.107,885.0,28068.0,20.0,0,0.0,25,25,2006-12-28,7223.0,False,False,2026-10-07,2026-10-07,2026-10-07 11:37
JITFINFRA,JITF Infralogistics Limited,EQ,mcap,278.3,746.0,0.528,0.251,673.0,18410.0,10.0,0,0.0,25,25,2017-02-27,3509.0,False,False,2026-10-07,2026-10-07,2026-10-07 11:37
KANPRPLA,Kanpur Plastipack Limited,EQ,mcap,250.96,622.0,0.517,0.148,876.0,19999.0,20.0,0,0.0,25,25,2021-01-01,2105.0,False,False,2026-10-07,2026-10-07,2026-10-07 11:37
CENTRUM,Centrum Capital Limited,EQ,price,20.35,1044.0,0.503,0.092,567.0,232939.0,20.0,0,0.0,25,25,2018-04-04,3108.0,False,False,2026-10-07,2026-10-07,2026-10-07 11:37
