symbol,industry,tag,archetypes,score,coverage,label,vetoed,veto_reasons
AVALON,Capital Goods,CONFIRMED,Turnaround,74.6,100.0,Conviction,False,
LAURUSLABS,Healthcare,CONFIRMED,(no archetype — see the Sectors tab for its theme),74.3,100.0,Conviction,False,
EIMCOELECO,Capital Goods,CONFIRMED,Turnaround,73.5,100.0,Conviction,False,
WELCORP,Capital Goods,CONFIRMED,Turnaround + Quality,73.2,100.0,Conviction,False,
TDPOWERSYS,Capital Goods,CONFIRMED,Quality + Hyper-growth,72.9,100.0,Conviction,False,
MCX,Financial Services,CONFIRMED,Quality + Hyper-growth,72.8,100.0,Conviction,False,
CGCL,Financial Services,CONFIRMED,Hyper-growth,72.8,100.0,Conviction,False,
EMCURE,Healthcare,CONFIRMED,Turnaround,72.0,100.0,Conviction,False,
BLSE,Information Technology,CONFIRMED,Hyper-growth,71.8,100.0,Conviction,False,
SOUTHBANK,Financial Services,CONFIRMED,(no archetype — see the Sectors tab for its theme),71.8,100.0,Conviction,False,
CPPLUS,Capital Goods,CONFIRMED,Turnaround + Quality,71.7,100.0,Conviction,False,
HFCL,Telecommunication,CONFIRMED,Turnaround,70.6,100.0,Conviction,False,
KINGFA,Capital Goods,CONFIRMED,Turnaround + Quality,70.2,100.0,Conviction,False,
KMEW,Services,CONFIRMED,(no archetype — see the Sectors tab for its theme),70.1,100.0,Conviction,False,
SYRMA,Capital Goods,CONFIRMED,Hyper-growth,70.0,100.0,Conviction,False,
GLAND,Healthcare,CONFIRMED,(no archetype — see the Sectors tab for its theme),70.0,100.0,Conviction,False,
IPCALAB,Healthcare,CONFIRMED,Turnaround,69.8,100.0,Conviction,False,
PGIL,Textiles,CONFIRMED,(no archetype — see the Sectors tab for its theme),69.1,100.0,Conviction,False,
AEROFLEX,Capital Goods,CONFIRMED,Turnaround,69.0,100.0,Conviction,False,
SOTL,Oil Gas & Consumable Fuels,CONFIRMED,(no archetype — see the Sectors tab for its theme),68.4,100.0,Conviction,False,
PTCIL,Capital Goods,CONFIRMED,Hyper-growth,68.4,100.0,Conviction,False,
AUROPHARMA,Healthcare,CONFIRMED,(no archetype — see the Sectors tab for its theme),68.3,100.0,Conviction,False,
GALAPREC,Capital Goods,CONFIRMED,Turnaround,68.2,100.0,Conviction,False,
DIVGIITTS,Automobile and Auto Components,CONFIRMED,Turnaround,68.1,100.0,Conviction,False,
SAILIFE,Healthcare,CONFIRMED,Turnaround,67.9,100.0,Conviction,False,
LALPATHLAB,Healthcare,CONFIRMED,Turnaround + Quality,67.9,100.0,Conviction,False,
YATHARTH,Healthcare,CONFIRMED,Hyper-growth,67.8,100.0,Conviction,False,
SANSERA,Automobile and Auto Components,CONFIRMED,(no archetype — see the Sectors tab for its theme),67.7,100.0,Conviction,False,
CUPID,Fast Moving Consumer Goods,CONFIRMED,(no archetype — see the Sectors tab for its theme),67.5,100.0,Conviction,False,
APARINDS,Capital Goods,CONFIRMED,Quality,67.5,100.0,Conviction,False,
BHEL,Capital Goods,CONFIRMED,Turnaround,67.5,100.0,Conviction,False,
BELRISE,Automobile and Auto Components,CONFIRMED,Turnaround,67.5,100.0,Conviction,False,
ASIANENE,Oil Gas & Consumable Fuels,CONFIRMED,Hyper-growth,67.2,100.0,Conviction,False,
AEGISLOG,Oil Gas & Consumable Fuels,CONFIRMED,(no archetype — see the Sectors tab for its theme),66.7,100.0,Conviction,False,
SONACOMS,Automobile and Auto Components,CONFIRMED,(no archetype — see the Sectors tab for its theme),66.5,100.0,Conviction,False,
CEIGALL,Construction,CONFIRMED,(no archetype — see the Sectors tab for its theme),66.4,100.0,Conviction,False,
DIFFNKG,Capital Goods,CONFIRMED,Turnaround,66.1,100.0,Conviction,False,
STOVEKRAFT,Consumer Durables,CONFIRMED,Turnaround + Quality,66.0,85.0,Conviction,False,
GREENPLY,Consumer Durables,CONFIRMED,(no archetype — see the Sectors tab for its theme),65.9,100.0,Conviction,False,
ANTELOPUS,Oil Gas & Consumable Fuels,CONFIRMED,Hyper-growth,65.8,100.0,Conviction,False,
GHCLTEXTIL,Textiles,CONFIRMED,(no archetype — see the Sectors tab for its theme),65.8,100.0,Conviction,False,
ENTERO,Consumer Services,CONFIRMED,Turnaround + Hyper-growth,65.7,100.0,Conviction,False,
SHYAMMETL,Capital Goods,CONFIRMED,(no archetype — see the Sectors tab for its theme),65.7,100.0,Conviction,False,
VENKEYS,Fast Moving Consumer Goods,CONFIRMED,(no archetype — see the Sectors tab for its theme),65.7,100.0,Conviction,False,
RML,Automobile and Auto Components,CONFIRMED,(no archetype — see the Sectors tab for its theme),65.4,100.0,Conviction,False,
INDNIPPON,Automobile and Auto Components,CONFIRMED,Turnaround,65.3,100.0,Conviction,False,
LUMAXTECH,Automobile and Auto Components,CONFIRMED,Hyper-growth,65.2,100.0,Conviction,False,
MARKSANS,Healthcare,CONFIRMED,(no archetype — see the Sectors tab for its theme),65.1,100.0,Conviction,False,
CENTUM,Capital Goods,CONFIRMED,Turnaround,65.1,100.0,Conviction,False,
AKUMS,Healthcare,CONFIRMED,Turnaround,65.0,100.0,Conviction,False,
GALAXYSURF,Chemicals,CONFIRMED,(no archetype — see the Sectors tab for its theme),64.8,100.0,Conviction,False,
SUDARSCHEM,Chemicals,CONFIRMED,Hyper-growth,64.6,100.0,Conviction,False,
REDINGTON,Services,CONFIRMED,(no archetype — see the Sectors tab for its theme),64.5,100.0,Conviction,False,
GOODLUCK,Capital Goods,CONFIRMED,(no archetype — see the Sectors tab for its theme),64.5,100.0,Conviction,False,
PVRINOX,Media Entertainment & Publication,CONFIRMED,Turnaround,64.5,100.0,Conviction,False,
NRBBEARING,Automobile and Auto Components,CONFIRMED,Turnaround,64.4,100.0,Conviction,False,
AYMSYNTEX,Textiles,CONFIRMED,Turnaround,64.2,100.0,Conviction,False,
MIDHANI,Capital Goods,CONFIRMED,(no archetype — see the Sectors tab for its theme),64.1,100.0,Conviction,False,
PANAMAPET,Oil Gas & Consumable Fuels,CONFIRMED,(no archetype — see the Sectors tab for its theme),64.0,100.0,Conviction,False,
SKYGOLD,Consumer Durables,CONFIRMED,Hyper-growth,63.9,100.0,Conviction,False,
PAISALO,Financial Services,CONFIRMED,(no archetype — see the Sectors tab for its theme),63.8,100.0,Conviction,False,
STEELCAS,Capital Goods,CONFIRMED,Turnaround,63.7,100.0,Conviction,False,
PAYTM,Financial Services,CONFIRMED,(no archetype — see the Sectors tab for its theme),63.4,100.0,Conviction,False,
PIXTRANS,Capital Goods,CONFIRMED,Turnaround + Quality,63.4,100.0,Conviction,False,
PRECWIRE,Capital Goods,CONFIRMED,(no archetype — see the Sectors tab for its theme),63.2,85.0,Conviction,False,
RACLGEAR,Automobile and Auto Components,CONFIRMED,(no archetype — see the Sectors tab for its theme),63.2,100.0,Conviction,False,
JGCHEM,Chemicals,CONFIRMED,Turnaround,63.1,100.0,Conviction,False,
RPGLIFE,Healthcare,CONFIRMED,(no archetype — see the Sectors tab for its theme),63.1,100.0,Conviction,False,
ORIENTHOT,Consumer Services,CONFIRMED,Turnaround,63.1,100.0,Conviction,False,
WOCKPHARMA,Healthcare,CONFIRMED,Turnaround,63.0,100.0,Conviction,False,
JASH,Capital Goods,CONFIRMED,Turnaround,62.6,100.0,Conviction,False,
ADFFOODS,Fast Moving Consumer Goods,CONFIRMED,Quality,62.4,100.0,Conviction,False,
VISHNU,Chemicals,CONFIRMED,(no archetype — see the Sectors tab for its theme),62.3,100.0,Conviction,False,
KTKBANK,Financial Services,CONFIRMED,(no archetype — see the Sectors tab for its theme),62.2,100.0,Conviction,False,
LXCHEM,Chemicals,CONFIRMED,(no archetype — see the Sectors tab for its theme),62.1,100.0,Conviction,False,
ACMESOLAR,Power,CONFIRMED,(no archetype — see the Sectors tab for its theme),61.8,100.0,Conviction,False,
GUFICBIO,Healthcare,CONFIRMED,(no archetype — see the Sectors tab for its theme),61.8,100.0,Conviction,False,
SBCL,Capital Goods,CONFIRMED,(no archetype — see the Sectors tab for its theme),61.5,100.0,Conviction,False,
EBGNG,Information Technology,CONFIRMED,Hyper-growth,61.5,100.0,Conviction,False,
EMIL,Consumer Services,CONFIRMED,(no archetype — see the Sectors tab for its theme),61.5,100.0,Conviction,False,
PERSISTENT,Information Technology,ANTICIPATION,Quality,61.5,100.0,Conviction,False,
LOTUSDEV,Realty,CONFIRMED,Turnaround + Quality + Hyper-growth,61.2,100.0,Conviction,False,
LLOYDSENGG,Capital Goods,CONFIRMED,(no archetype — see the Sectors tab for its theme),61.1,100.0,Conviction,False,
MANORAMA,Fast Moving Consumer Goods,CONFIRMED,(no archetype — see the Sectors tab for its theme),61.1,100.0,Conviction,False,
MAHLOG,Services,CONFIRMED,Turnaround,61.0,100.0,Conviction,False,
LUPIN,Healthcare,ANTICIPATION,Quality,60.7,100.0,Conviction,False,
PHOENIXLTD,Realty,CONFIRMED,(no archetype — see the Sectors tab for its theme),60.6,100.0,Conviction,False,
INDGN,Healthcare,CONFIRMED,Turnaround,60.6,100.0,Conviction,False,
IGPL,Chemicals,CONFIRMED,Turnaround,60.5,100.0,Conviction,False,
ACE,Capital Goods,CONFIRMED,Quality,60.4,100.0,Conviction,False,
KAJARIACER,Consumer Durables,CONFIRMED,(no archetype — see the Sectors tab for its theme),60.4,100.0,Conviction,False,
MTARTECH,Capital Goods,CONFIRMED,(no archetype — see the Sectors tab for its theme),60.3,100.0,Conviction,False,
ASHIANA,Realty,CONFIRMED,Hyper-growth,60.3,100.0,Conviction,False,
AZAD,Capital Goods,CONFIRMED,(no archetype — see the Sectors tab for its theme),60.2,100.0,Conviction,False,
E2E,Information Technology,CONFIRMED,(no archetype — see the Sectors tab for its theme),59.8,65.0,Conviction,False,
SUPRIYA,Healthcare,CONFIRMED,Turnaround + Quality,59.8,100.0,Conviction,False,
ARTEMISMED,Healthcare,CONFIRMED,(no archetype — see the Sectors tab for its theme),59.6,100.0,Conviction,False,
SMLMAH,Capital Goods,CONFIRMED,(no archetype — see the Sectors tab for its theme),59.5,100.0,Conviction,False,
WSTCSTPAPR,Forest Materials,CONFIRMED,(no archetype — see the Sectors tab for its theme),59.4,100.0,Conviction,False,
AETHER,Chemicals,CONFIRMED,(no archetype — see the Sectors tab for its theme),59.0,100.0,Conviction,False,
TCPLPACK,Capital Goods,CONFIRMED,(no archetype — see the Sectors tab for its theme),59.0,100.0,Conviction,False,
PRIVISCL,Chemicals,CONFIRMED,(no archetype — see the Sectors tab for its theme),59.0,100.0,Conviction,False,
SSWL,Automobile and Auto Components,CONFIRMED,(no archetype — see the Sectors tab for its theme),58.9,100.0,Conviction,False,
QPOWER,Capital Goods,CONFIRMED,Quality + Hyper-growth,58.9,100.0,Conviction,False,
ROLEXRINGS,Automobile and Auto Components,CONFIRMED,Turnaround,58.9,100.0,Conviction,False,
UNIMECH,Capital Goods,CONFIRMED,(no archetype — see the Sectors tab for its theme),58.7,100.0,Conviction,False,
NITINSPIN,Textiles,CONFIRMED,(no archetype — see the Sectors tab for its theme),58.7,100.0,Conviction,False,
MSTCLTD,Services,CONFIRMED,(no archetype — see the Sectors tab for its theme),58.5,100.0,Conviction,False,
INDIAGLYCO,Fast Moving Consumer Goods,CONFIRMED,(no archetype — see the Sectors tab for its theme),58.5,100.0,Conviction,False,
GNFC,Chemicals,CONFIRMED,(no archetype — see the Sectors tab for its theme),58.5,100.0,Conviction,False,
BEML,Capital Goods,CONFIRMED,(no archetype — see the Sectors tab for its theme),58.3,100.0,Conviction,False,
SHRIPISTON,Automobile and Auto Components,CONFIRMED,(no archetype — see the Sectors tab for its theme),58.1,100.0,Conviction,False,
GPPL,Services,ANTICIPATION,Turnaround,58.1,100.0,Conviction,False,
CARBORUNIV,Capital Goods,CONFIRMED,(no archetype — see the Sectors tab for its theme),57.9,100.0,Conviction,False,
TNPETRO,Chemicals,CONFIRMED,(no archetype — see the Sectors tab for its theme),57.6,100.0,Conviction,False,
SHANTIGOLD,Consumer Durables,CONFIRMED,(no archetype — see the Sectors tab for its theme),57.4,65.0,Conviction,False,
INNOVACAP,Healthcare,CONFIRMED,(no archetype — see the Sectors tab for its theme),57.1,100.0,Conviction,False,
SUNFLAG,Capital Goods,CONFIRMED,(no archetype — see the Sectors tab for its theme),56.9,100.0,Conviction,False,
SMSPHARMA,Healthcare,CONFIRMED,(no archetype — see the Sectors tab for its theme),56.5,100.0,Conviction,False,
SANGAMIND,Textiles,CONFIRMED,(no archetype — see the Sectors tab for its theme),56.3,100.0,Conviction,False,
ICIL,Textiles,CONFIRMED,(no archetype — see the Sectors tab for its theme),56.1,100.0,Conviction,False,
INDOCO,Healthcare,CONFIRMED,Turnaround,56.0,100.0,Conviction,False,
RBLBANK,Financial Services,CONFIRMED,(no archetype — see the Sectors tab for its theme),55.7,100.0,Conviction,False,
JSWINFRA,Services,CONFIRMED,(no archetype — see the Sectors tab for its theme),55.7,100.0,Conviction,False,
MOTILALOFS,Financial Services,CONFIRMED,(no archetype — see the Sectors tab for its theme),55.6,100.0,Conviction,False,
PNGJL,Consumer Durables,ANTICIPATION,Hyper-growth,55.6,100.0,Conviction,False,
SHREEPUSHK,Chemicals,CONFIRMED,(no archetype — see the Sectors tab for its theme),55.4,100.0,Conviction,False,
WELENT,Construction,CONFIRMED,(no archetype — see the Sectors tab for its theme),55.3,100.0,Conviction,False,
KSL,Capital Goods,CONFIRMED,(no archetype — see the Sectors tab for its theme),55.3,100.0,Conviction,False,
HARSHA,Capital Goods,CONFIRMED,(no archetype — see the Sectors tab for its theme),55.2,100.0,Conviction,False,
FOSECOIND,Chemicals,CONFIRMED,(no archetype — see the Sectors tab for its theme),54.7,100.0,Conviction,False,
INOXINDIA,Capital Goods,CONFIRMED,Quality,54.5,100.0,Conviction,False,
GRAPHITE,Capital Goods,CONFIRMED,(no archetype — see the Sectors tab for its theme),54.4,100.0,Conviction,False,
ABDL,Fast Moving Consumer Goods,CONFIRMED,(no archetype — see the Sectors tab for its theme),54.3,100.0,Conviction,False,
NPST,Financial Services,CONFIRMED,Hyper-growth,54.3,100.0,Conviction,False,
EDELWEISS,Financial Services,CONFIRMED,(no archetype — see the Sectors tab for its theme),54.3,100.0,Conviction,False,
SURAKSHA,Healthcare,CONFIRMED,(no archetype — see the Sectors tab for its theme),54.1,100.0,Conviction,False,
ANURAS,Chemicals,ANTICIPATION,(no archetype — see the Sectors tab for its theme),54.0,100.0,Conviction,False,
TFCILTD,Financial Services,CONFIRMED,(no archetype — see the Sectors tab for its theme),53.8,100.0,Conviction,False,
AJANTPHARM,Healthcare,CONFIRMED,Quality,53.6,100.0,Conviction,False,
FINEORG,Chemicals,CONFIRMED,(no archetype — see the Sectors tab for its theme),53.6,100.0,Conviction,False,
MBAPL,Chemicals,CONFIRMED,(no archetype — see the Sectors tab for its theme),53.4,100.0,Conviction,False,
GREAVESCOT,Capital Goods,CONFIRMED,(no archetype — see the Sectors tab for its theme),53.1,100.0,Conviction,False,
TEXINFRA,Services,CONFIRMED,(no archetype — see the Sectors tab for its theme),53.1,100.0,Conviction,False,
LTFOODS,Fast Moving Consumer Goods,ANTICIPATION,(no archetype — see the Sectors tab for its theme),53.0,100.0,Conviction,False,
SCHAEFFLER,Automobile and Auto Components,ANTICIPATION,(no archetype — see the Sectors tab for its theme),53.0,100.0,Conviction,False,
VGUARD,Consumer Durables,ANTICIPATION,Turnaround,53.0,100.0,Conviction,False,
HEROMOTOCO,Automobile and Auto Components,ANTICIPATION,Quality,52.8,100.0,Conviction,False,
ATUL,Chemicals,ANTICIPATION,(no archetype — see the Sectors tab for its theme),52.8,100.0,Conviction,False,
VSSL,Capital Goods,CONFIRMED,(no archetype — see the Sectors tab for its theme),52.5,100.0,Conviction,False,
PRABHA,Oil Gas & Consumable Fuels,CONFIRMED,Turnaround,52.0,100.0,Conviction,False,
OIL,Oil Gas & Consumable Fuels,ANTICIPATION,(no archetype — see the Sectors tab for its theme),51.8,100.0,Conviction,False,
KDDL,Consumer Durables,CONFIRMED,(no archetype — see the Sectors tab for its theme),51.6,100.0,Conviction,False,
SUPREMEIND,Capital Goods,ANTICIPATION,(no archetype — see the Sectors tab for its theme),51.6,100.0,Conviction,False,
HATSUN,Fast Moving Consumer Goods,CONFIRMED,(no archetype — see the Sectors tab for its theme),50.8,100.0,Conviction,False,
WINDLAS,Healthcare,CONFIRMED,(no archetype — see the Sectors tab for its theme),50.2,100.0,Conviction,False,
JSL,Metals & Mining,ANTICIPATION,(no archetype — see the Sectors tab for its theme),50.1,100.0,Conviction,False,
SCHNEIDER,Capital Goods,CONFIRMED,(no archetype — see the Sectors tab for its theme),49.6,100.0,Conviction,False,
PITTIENG,Capital Goods,CONFIRMED,(no archetype — see the Sectors tab for its theme),49.6,100.0,Conviction,False,
TI,Fast Moving Consumer Goods,CONFIRMED,Hyper-growth,49.2,100.0,Conviction,False,
BLACKBUCK,Services,ANTICIPATION,Turnaround + Hyper-growth,49.1,100.0,Conviction,False,
KIRLOSENG,Capital Goods,CONFIRMED,(no archetype — see the Sectors tab for its theme),48.7,100.0,Conviction,False,
RAYMONDREL,Realty,CONFIRMED,(no archetype — see the Sectors tab for its theme),48.1,100.0,Conviction,False,
TIMKEN,Capital Goods,ANTICIPATION,(no archetype — see the Sectors tab for its theme),48.0,100.0,Conviction,False,
AEGISVOPAK,Oil Gas & Consumable Fuels,CONFIRMED,(no archetype — see the Sectors tab for its theme),46.5,100.0,Conviction,False,
SANATHAN,Textiles,CONFIRMED,(no archetype — see the Sectors tab for its theme),45.6,100.0,Conviction,False,
LINDEINDIA,Chemicals,ANTICIPATION,(no archetype — see the Sectors tab for its theme),43.8,100.0,Conviction,False,
LLOYDSENT,Metals & Mining,CONFIRMED,Hyper-growth,43.7,100.0,Conviction,False,
NEOGEN,Chemicals,CONFIRMED,(no archetype — see the Sectors tab for its theme),43.6,100.0,Conviction,False,
ABBOTINDIA,Healthcare,ANTICIPATION,Quality,43.3,100.0,Conviction,False,
TARSONS,Healthcare,CONFIRMED,(no archetype — see the Sectors tab for its theme),41.1,100.0,Conviction,False,
ELECTCAST,Capital Goods,ANTICIPATION,Turnaround,41.1,100.0,Conviction,False,
WONDERLA,Consumer Services,ANTICIPATION,(no archetype — see the Sectors tab for its theme),38.6,100.0,Conviction,False,
SARDAEN,Metals & Mining,ANTICIPATION,(no archetype — see the Sectors tab for its theme),38.5,100.0,Conviction,False,
NTPCGREEN,Power,ANTICIPATION,Hyper-growth,38.2,100.0,Conviction,False,
EMBASSY,Realty,ANTICIPATION,(no archetype — see the Sectors tab for its theme),31.8,90.0,Conviction,False,
INDOBORAX,Chemicals,CONFIRMED,(no archetype — see the Sectors tab for its theme),25.0,100.0,Conviction,True,promoter_pledge: 100.0% of promoter holding pledged
APOLLO,Capital Goods,CONFIRMED,Hyper-growth,25.0,100.0,Conviction,True,promoter_pledge: 30.5% of promoter holding pledged
SHAREINDIA,Financial Services,CONFIRMED,(no archetype — see the Sectors tab for its theme),25.0,100.0,Conviction,True,promoter_pledge: 57.8% of promoter holding pledged
NAZARA,Media Entertainment & Publication,CONFIRMED,Quality,25.0,100.0,Conviction,True,promoter_pledge: 87.0% of promoter holding pledged
SOLARA,Healthcare,CONFIRMED,Turnaround,25.0,100.0,Conviction,True,promoter_pledge: 37.1% of promoter holding pledged
THELEELA,Consumer Services,CONFIRMED,Turnaround,25.0,100.0,Conviction,True,promoter_pledge: 73.6% of promoter holding pledged
STAR,Healthcare,CONFIRMED,Turnaround,25.0,100.0,Conviction,True,promoter_pledge: 38.1% of promoter holding pledged
BIRET,Realty,ANTICIPATION,Hyper-growth,25.0,90.0,Conviction,True,promoter_pledge: 90.0% of promoter holding pledged
